block,n_arms_available,argmin_by_quarter,quarter_oracle_mse,best_fixed_arm_mse,control_mse,quarter_oracle_gain_vs_best_fixed_pct,quarter_oracle_gain_vs_none_pct
ETTh1|192|DLinear,4,q1:fredf;q2:fredf;q3:fredf;q4:fredf,0.4426456975845683,0.4426456975845683,0.4468576894932129,0.0,0.9425801564300045
ETTh1|192|PatchTST,3,q1:none;q2:none;q3:none;q4:none,0.43397149560094495,0.43397149560094495,0.43397149560094495,0.0,0.0
ETTh1|192|TimesNet,3,q1:fredf;q2:fredf;q3:fredf;q4:fredf,0.4464004494879927,0.4464004494879927,0.49600349976180425,0.0,10.00054441100364
ETTh1|192|iTransformer,3,q1:fredf;q2:fredf;q3:fredf;q4:fredf,0.43284233541254336,0.43284233541254336,0.44796328506667676,0.0,3.3754886077064867
ETTh1|336|DLinear,4,q1:none;q2:fredf;q3:fredf;q4:fredf,0.4850275628852002,0.48552321063190135,0.4875989339693442,0.10208528363784194,0.527353713268295
ETTh1|336|PatchTST,3,q1:none;q2:none;q3:none;q4:san_lite,0.4749448569590774,0.4757374717967633,0.4757374717967633,0.16660761127189447,0.16660761127189447
ETTh1|336|TimesNet,3,q1:fredf;q2:fredf;q3:fredf;q4:fredf,0.49069086110802884,0.49069086110802884,0.5287958572068044,0.0,7.205993689143689
ETTh1|336|iTransformer,3,q1:fredf;q2:fredf;q3:fredf;q4:fredf,0.4694999417813936,0.4694999417813936,0.494876056009181,0.0,5.127771675281179
ETTh1|720|DLinear,4,q1:revin;q2:revin;q3:revin;q4:revin,0.48360184391480593,0.48360184391480593,0.5137476507156385,0.0,5.867823776681063
ETTh1|720|PatchTST,4,q1:revin;q2:san_lite;q3:san_lite;q4:san_lite,0.46640653760908785,0.4675115159535321,0.4804674877847964,0.23635318205809888,2.9265143913351612
ETTh1|720|TimesNet,4,q1:fredf;q2:fredf;q3:fredf;q4:fredf,0.5187173865351591,0.5187173865351591,0.6141814124597361,0.0,15.543294536096916
ETTh1|720|iTransformer,4,q1:fredf;q2:fredf;q3:fredf;q4:fredf,0.47490460526203043,0.47490460526203043,0.504114280656041,0.0,5.7942566824327795
ETTh1|96|DLinear,4,q1:fredf;q2:fredf;q3:fredf;q4:fredf,0.39079915261001075,0.39079915261001075,0.3960551327840082,0.0,1.3270829586404747
ETTh1|96|PatchTST,4,q1:none;q2:revin;q3:revin;q4:revin,0.3835202551100044,0.38363965975583236,0.3850664836893748,0.031124166334609786,0.40154847146283407
ETTh1|96|TimesNet,4,q1:fredf;q2:fredf;q3:fredf;q4:fredf,0.3972192767675923,0.3972192767675923,0.4022608355307825,0.0,1.2533058945541904
ETTh1|96|iTransformer,4,q1:fredf;q2:fredf;q3:fredf;q4:fredf,0.3819631181005095,0.3819631181005095,0.39185404183981604,0.0,2.5241346734276675
ETTh2|192|DLinear,4,q1:revin;q2:san_lite;q3:revin;q4:revin,0.37923694404317,0.3793201552571936,0.4780886303940888,0.021936934505150062,20.676435302265038
ETTh2|192|PatchTST,3,q1:none;q2:none;q3:none;q4:san_lite,0.3712083678066034,0.37155836053105123,0.37155836053105123,0.09419589534942176,0.09419589534942176
ETTh2|192|TimesNet,3,q1:fredf;q2:fredf;q3:fredf;q4:fredf,0.39759959436581693,0.39759959436581693,0.4316226957469859,0.0,7.882602494358425
ETTh2|192|iTransformer,3,q1:fredf;q2:fredf;q3:fredf;q4:fredf,0.37234046772915685,0.37234046772915685,0.3859812177912231,0.0,3.5340450346587824
ETTh2|336|DLinear,4,q1:revin;q2:revin;q3:revin;q4:revin,0.4174135686011262,0.4174135686011262,0.5920543638560264,0.0,29.49742556029343
ETTh2|336|PatchTST,3,q1:none;q2:none;q3:san_lite;q4:san_lite,0.41063340533140236,0.4129231062830452,0.4150219583665735,0.5545102506502291,1.0574267088043845
ETTh2|336|TimesNet,3,q1:san_lite;q2:fredf;q3:fredf;q4:fredf,0.43261349481385564,0.43513055502147174,0.47484079924171096,0.5784609190434583,8.89293937995419
ETTh2|336|iTransformer,3,q1:fredf;q2:fredf;q3:fredf;q4:fredf,0.41230249158794996,0.41230249158794996,0.439826576936855,0.0,6.257940468398894
ETTh2|720|DLinear,4,q1:revin;q2:revin;q3:revin;q4:san_lite,0.41896476137506866,0.4199347162800226,0.8276857277772691,0.23097754659254008,49.38117846973285
ETTh2|720|PatchTST,3,q1:none;q2:san_lite;q3:fredf;q4:san_lite,0.4195110584703633,0.41998101651712766,0.4260430571030806,0.11189983077370758,1.5331780494516771
ETTh2|720|TimesNet,3,q1:san_lite;q2:fredf;q3:fredf;q4:none,0.45575057705062316,0.4607425648126634,0.4734619330174743,1.083465723222244,3.7408194263840544
ETTh2|720|iTransformer,3,q1:fredf;q2:fredf;q3:fredf;q4:fredf,0.4183178845965094,0.4183178845965094,0.44269132635658437,0.0,5.505741881295033
ETTh2|96|DLinear,4,q1:revin;q2:revin;q3:san_lite;q4:revin,0.2939434362594109,0.2942451165525622,0.34515091310158375,0.10252686490972468,14.836257097515379
ETTh2|96|PatchTST,3,q1:none;q2:fredf;q3:fredf;q4:fredf,0.28808617863689256,0.2889646887858325,0.29386615630108587,0.30401989690547515,1.966874218163225
ETTh2|96|TimesNet,3,q1:fredf;q2:fredf;q3:fredf;q4:fredf,0.30757070640347395,0.30757070640347395,0.33260640587278106,0.0,7.527124862075881
ETTh2|96|iTransformer,3,q1:fredf;q2:fredf;q3:san_lite;q4:none,0.29424036596348874,0.2949836121107841,0.30245758994715316,0.25196184356717405,2.716818574498387
ETTm1|192|DLinear,4,q1:none;q2:fredf;q3:none;q4:none,0.3816109995180627,0.3818147622333828,0.3818147622333828,0.05336690339791734,0.05336690339791734
ETTm1|192|PatchTST,3,q1:none;q2:none;q3:none;q4:none,0.3686613634159654,0.3686613634159654,0.3686613634159654,0.0,0.0
ETTm1|192|TimesNet,3,q1:fredf;q2:san_lite;q3:none;q4:san_lite,0.38011177088298354,0.3866662074358297,0.3868811802539549,1.6951149148284221,1.749738606185967
ETTm1|192|iTransformer,3,q1:fredf;q2:fredf;q3:fredf;q4:none,0.3777162669671543,0.37820143836566844,0.38595488275782214,0.1282838586258954,2.1346059238321273
ETTm1|336|DLinear,4,q1:fredf;q2:none;q3:fredf;q4:fredf,0.41352699767038925,0.4140044398491699,0.4152669148644753,0.11532296101814592,0.41898767559026273
ETTm1|336|PatchTST,3,q1:none;q2:none;q3:none;q4:none,0.4008352776846068,0.4008352776846068,0.4008352776846068,0.0,0.0
ETTm1|336|TimesNet,3,q1:fredf;q2:fredf;q3:fredf;q4:fredf,0.3982594805603938,0.3982594805603938,0.4316473561567632,0.0,7.734989018267911
ETTm1|336|iTransformer,3,q1:fredf;q2:fredf;q3:fredf;q4:fredf,0.41037454205209406,0.41037454205209406,0.4192531094565629,0.0,2.117710567722986
ETTm1|720|DLinear,4,q1:none;q2:fredf;q3:fredf;q4:fredf,0.47166106082240067,0.4728173481225561,0.47297717576567455,0.24455263850761247,0.27826182968412855
ETTm1|720|PatchTST,3,q1:none;q2:none;q3:none;q4:none,0.463508888107752,0.463508888107752,0.463508888107752,0.0,0.0
ETTm1|720|TimesNet,3,q1:san_lite;q2:san_lite;q3:san_lite;q4:san_lite,0.46304699774932173,0.46304699774932173,0.5193320229851033,0.0,10.837965452670737
ETTm1|720|iTransformer,3,q1:fredf;q2:fredf;q3:fredf;q4:fredf,0.4783429062497292,0.4783429062497292,0.5212562211123082,0.0,8.232671980586879
ETTm1|96|DLinear,4,q1:none;q2:fredf;q3:fredf;q4:fredf,0.3414789134977254,0.34225930824851863,0.3459462662310266,0.22801271783865376,1.2913429539134935
ETTm1|96|PatchTST,3,q1:none;q2:none;q3:none;q4:none,0.33060462042615235,0.33060462042615235,0.33060462042615235,0.0,0.0
ETTm1|96|TimesNet,3,q1:none;q2:none;q3:none;q4:fredf,0.33557624514917384,0.3364819578595814,0.3364819578595814,0.2691712554720499,0.2691712554720499
ETTm1|96|iTransformer,3,q1:fredf;q2:fredf;q3:fredf;q4:fredf,0.3282522932986873,0.3282522932986873,0.3437627622457952,0.0,4.5119689072133085
ETTm2|192|DLinear,4,q1:revin;q2:revin;q3:revin;q4:revin,0.24635372397367783,0.24635372397367783,0.2847046043965934,0.0,13.470411026262436
ETTm2|192|PatchTST,3,q1:none;q2:none;q3:none;q4:none,0.24208887582478045,0.24208887582478045,0.24208887582478045,0.0,0.0
ETTm2|192|TimesNet,3,q1:fredf;q2:fredf;q3:fredf;q4:fredf,0.252286967760192,0.252286967760192,0.26388650984614614,0.0,4.395655576602622
ETTm2|192|iTransformer,3,q1:fredf;q2:fredf;q3:fredf;q4:fredf,0.24369160981117613,0.24369160981117613,0.262599593966246,0.0,7.200309745147685
ETTm2|336|DLinear,4,q1:revin;q2:revin;q3:revin;q4:revin,0.30637751299668103,0.30637751299668103,0.38492739181394053,0.0,20.406414427172688
ETTm2|336|PatchTST,3,q1:none;q2:none;q3:none;q4:none,0.302981432376609,0.302981432376609,0.302981432376609,0.0,0.0
ETTm2|336|TimesNet,3,q1:fredf;q2:fredf;q3:fredf;q4:fredf,0.30964156440550994,0.30964156440550994,0.3173234760902959,0.0,2.4208456870048947
ETTm2|336|iTransformer,3,q1:fredf;q2:fredf;q3:fredf;q4:fredf,0.30530099135802286,0.30530099135802286,0.31572228948799397,0.0,3.3007799819491064
ETTm2|720|DLinear,4,q1:revin;q2:revin;q3:revin;q4:revin,0.40682498876455986,0.40682498876455986,0.5561041732951169,0.0,26.84374469733328
ETTm2|720|PatchTST,3,q1:none;q2:none;q3:none;q4:none,0.4014138512232396,0.4014138512232396,0.4014138512232396,0.0,0.0
ETTm2|720|TimesNet,3,q1:fredf;q2:fredf;q3:fredf;q4:fredf,0.4164510762945801,0.4164510762945801,0.48446216627104366,0.0,14.038472911094807
ETTm2|720|iTransformer,3,q1:fredf;q2:fredf;q3:fredf;q4:none,0.4068171427440781,0.4070350693141717,0.41126009070126024,0.05353999852170253,1.0803255792718054
ETTm2|96|DLinear,4,q1:revin;q2:revin;q3:fredf;q4:fredf,0.18134129553079,0.18193664183866304,0.19342845833940783,0.32722727090948933,6.248906139451593
ETTm2|96|PatchTST,3,q1:none;q2:none;q3:none;q4:none,0.17628333627752785,0.17628333627752785,0.17628333627752785,0.0,0.0
ETTm2|96|TimesNet,3,q1:fredf;q2:fredf;q3:fredf;q4:fredf,0.1785067520324956,0.1785067520324956,0.18777437066514951,0.0,4.935507758500482
ETTm2|96|iTransformer,3,q1:fredf;q2:fredf;q3:fredf;q4:fredf,0.17726631771194598,0.17726631771194598,0.180334815907157,0.0,1.7015561747049404
Electricity|192|DLinear,4,q1:fredf;q2:fredf;q3:fredf;q4:fredf,0.19612502694787862,0.19612502694787862,0.19947577162337043,0.0,1.6797752670526565
Electricity|192|PatchTST,3,q1:none;q2:none;q3:none;q4:none,0.19608681911020315,0.19608681911020315,0.19608681911020315,0.0,0.0
Electricity|192|TimesNet,3,q1:none;q2:none;q3:none;q4:none,0.19332815253324587,0.19332815253324587,0.19332815253324587,0.0,0.0
Electricity|192|iTransformer,3,q1:none;q2:none;q3:none;q4:none,0.17038913240921344,0.17038913240921344,0.17038913240921344,0.0,0.0
Electricity|336|DLinear,4,q1:fredf;q2:fredf;q3:fredf;q4:fredf,0.20982115674644558,0.20982115674644558,0.21254030253820122,0.0,1.279355378383782
Electricity|336|PatchTST,3,q1:none;q2:none;q3:none;q4:none,0.2120212767676223,0.2120212767676223,0.2120212767676223,0.0,0.0
Electricity|336|TimesNet,3,q1:none;q2:none;q3:none;q4:none,0.2103006055852156,0.2103006055852156,0.2103006055852156,0.0,0.0
Electricity|336|iTransformer,3,q1:none;q2:none;q3:none;q4:none,0.18751243603419313,0.18751243603419313,0.18751243603419313,0.0,0.0
Electricity|720|DLinear,4,q1:fredf;q2:fredf;q3:fredf;q4:fredf,0.24622344681799524,0.24622344681799524,0.24781918566793948,0.0,0.6439125548908948
Electricity|720|PatchTST,3,q1:none;q2:none;q3:none;q4:none,0.25417103348086,0.25417103348086,0.25417103348086,0.0,0.0
Electricity|720|TimesNet,3,q1:fredf;q2:fredf;q3:fredf;q4:fredf,0.2955450240778592,0.2955450240778592,0.2969414724925258,0.0,0.4702773253411825
Electricity|720|iTransformer,3,q1:none;q2:none;q3:none;q4:none,0.22444009405545803,0.22444009405545803,0.22444009405545803,0.0,0.0
Electricity|96|DLinear,4,q1:fredf;q2:fredf;q3:fredf;q4:fredf,0.19703924403764794,0.19703924403764794,0.1998426957814397,0.0,1.4028292266722575
Electricity|96|PatchTST,3,q1:none;q2:none;q3:none;q4:none,0.19236984993413792,0.19236984993413792,0.19236984993413792,0.0,0.0
Electricity|96|TimesNet,3,q1:none;q2:none;q3:none;q4:none,0.17837564605016717,0.17837564605016717,0.17837564605016717,0.0,0.0
Electricity|96|iTransformer,3,q1:none;q2:none;q3:none;q4:none,0.15797926338796092,0.15797926338796092,0.15797926338796092,0.0,0.0
Exchange|192|DLinear,4,q1:revin;q2:revin;q3:fredf;q4:fredf,0.17348095897880683,0.17938152476273878,0.18595464508745801,3.2893943742179697,6.707918537224263
Exchange|192|PatchTST,3,q1:none;q2:none;q3:none;q4:none,0.18151714247889117,0.18151714247889117,0.18151714247889117,0.0,0.0
Exchange|192|TimesNet,3,q1:san_lite;q2:fredf;q3:fredf;q4:fredf,0.21303557819468003,0.21322468097953176,0.21916370154143044,0.08868709944037313,2.796139736484587
Exchange|192|iTransformer,3,q1:fredf;q2:fredf;q3:fredf;q4:fredf,0.18828945256844487,0.18828945256844487,0.1907991961715949,0.0,1.3153847885674033
Exchange|336|DLinear,4,q1:revin;q2:fredf;q3:fredf;q4:fredf,0.29558549763692854,0.3035589913276737,0.3230566731030524,2.626670241547309,8.503515869910787
Exchange|336|PatchTST,3,q1:none;q2:none;q3:none;q4:none,0.33087964550699633,0.33087964550699633,0.33087964550699633,0.0,0.0
Exchange|336|TimesNet,3,q1:fredf;q2:fredf;q3:fredf;q4:san_lite,0.382284637111387,0.3831999737738624,0.3970964572528501,0.23886657753676255,3.730030795019586
Exchange|336|iTransformer,3,q1:fredf;q2:none;q3:none;q4:none,0.33585793885193616,0.3358840404344981,0.3358840404344981,0.007771010056976459,0.007771010056976459
Exchange|720|DLinear,4,q1:none;q2:fredf;q3:fredf;q4:fredf,0.558750429154542,0.5740280872297828,0.7651338361419795,2.6614826722102904,26.973504142501504
Exchange|720|PatchTST,3,q1:none;q2:none;q3:none;q4:none,0.8487489593421707,0.8487489593421707,0.8487489593421707,0.0,0.0
Exchange|720|TimesNet,3,q1:san_lite;q2:san_lite;q3:san_lite;q4:san_lite,1.0235436783503724,1.0235436783503724,1.044403465800672,0.0,1.9972920555475018
Exchange|720|iTransformer,3,q1:none;q2:none;q3:none;q4:none,0.8590984763366254,0.8590984763366254,0.8590984763366254,0.0,0.0
Exchange|96|DLinear,4,q1:revin;q2:revin;q3:revin;q4:revin,0.0887534479391908,0.0887534479391908,0.0956435506325138,0.0,7.203938632304112
Exchange|96|PatchTST,3,q1:none;q2:none;q3:none;q4:none,0.08481009825569805,0.08481009825569805,0.08481009825569805,0.0,0.0
Exchange|96|TimesNet,3,q1:san_lite;q2:fredf;q3:san_lite;q4:san_lite,0.10867106816475959,0.10869928469091407,0.11759368046124272,0.025958336556410867,7.587663096763009
Exchange|96|iTransformer,3,q1:none;q2:fredf;q3:fredf;q4:fredf,0.09054180260787216,0.09063776547524856,0.09581484428761303,0.10587514693596847,5.503366121341771
ILI|24|DLinear,4,q1:san_lite;q2:revin;q3:none;q4:fredf,4.684289181332629,4.77517593198575,4.77517593198575,1.9033173216578456,1.9033173216578456
ILI|24|PatchTST,3,q1:none;q2:none;q3:none;q4:none,2.879280625304588,2.879280625304588,2.879280625304588,0.0,0.0
ILI|24|TimesNet,3,q1:none;q2:none;q3:none;q4:none,2.9963600746835093,2.9963600746835093,2.9963600746835093,0.0,0.0
ILI|24|iTransformer,3,q1:none;q2:none;q3:none;q4:none,2.380157567272667,2.380157567272667,2.380157567272667,0.0,0.0
ILI|36|DLinear,4,q1:san_lite;q2:none;q3:revin;q4:none,4.337843032621282,4.39265986621344,4.396158766406402,1.2479189206928265,1.3265156443107662
ILI|36|PatchTST,3,q1:none;q2:none;q3:fredf;q4:none,2.791489418269433,2.795943072089538,2.795943072089538,0.15928986053269545,0.15928986053269545
ILI|36|TimesNet,3,q1:none;q2:none;q3:fredf;q4:fredf,2.7376043666719263,2.7539962918717995,2.7539962918717995,0.5952050570384813,0.5952050570384813
ILI|36|iTransformer,3,q1:none;q2:none;q3:none;q4:san_lite,2.2061496139906023,2.2320641512273904,2.2320641512273904,1.1610122057888885,1.1610122057888885
ILI|48|DLinear,4,q1:revin;q2:revin;q3:revin;q4:san_lite,3.9615742896115895,4.00135665861102,4.096839570252629,0.9942220200195879,3.301698255972924
ILI|48|PatchTST,3,q1:none;q2:none;q3:none;q4:none,2.7346081076095508,2.7346081076095508,2.7346081076095508,0.0,0.0
ILI|48|TimesNet,3,q1:none;q2:none;q3:none;q4:fredf,2.6905668503462064,2.713787134094429,2.713787134094429,0.8556413086530065,0.8556413086530065
ILI|48|iTransformer,3,q1:none;q2:none;q3:fredf;q4:san_lite,2.2561842358923654,2.2815415391353815,2.2815415391353815,1.1114109827965513,1.1114109827965513
ILI|60|DLinear,4,q1:revin;q2:revin;q3:san_lite;q4:san_lite,3.895456461668071,4.000111298808496,4.177794791702636,2.6162981307944575,6.758070803173648
ILI|60|PatchTST,3,q1:none;q2:none;q3:none;q4:none,2.7460790350041213,2.7460790350041213,2.7460790350041213,0.0,0.0
ILI|60|TimesNet,3,q1:none;q2:none;q3:none;q4:none,2.7014306976003857,2.7014306976003857,2.7014306976003857,0.0,0.0
ILI|60|iTransformer,3,q1:none;q2:none;q3:fredf;q4:san_lite,2.318605525604895,2.3406164744543654,2.3406164744543654,0.9403910931030044,0.9403910931030044
Weather|192|DLinear,4,q1:revin;q2:fredf;q3:fredf;q4:fredf,0.23379239087145032,0.23431974870153358,0.238932032751028,0.22505906267208572,2.151089504576098
Weather|192|PatchTST,3,q1:none;q2:san_lite;q3:none;q4:none,0.22959453205308292,0.2297043357679237,0.2297043357679237,0.04780219514520914,0.04780219514520914
Weather|192|TimesNet,3,q1:fredf;q2:fredf;q3:none;q4:none,0.21702064305246344,0.21789424427400125,0.21953547844000482,0.40092900317241376,1.145525727965032
Weather|192|iTransformer,3,q1:fredf;q2:none;q3:fredf;q4:fredf,0.22147399719817484,0.22153003091659848,0.22427358226943886,0.025293960458450247,1.2482901654911085
Weather|336|DLinear,4,q1:revin;q2:fredf;q3:fredf;q4:fredf,0.2791927496895944,0.2798168424330163,0.2825354999234505,0.22303616108143953,1.1831257434063271
Weather|336|PatchTST,3,q1:none;q2:san_lite;q3:none;q4:none,0.2854909565269496,0.2855193319570526,0.2855193319570526,0.009938181736586001,0.009938181736586001
Weather|336|TimesNet,3,q1:fredf;q2:none;q3:none;q4:none,0.27609922792055647,0.27636305299100394,0.27636305299100394,0.09546322042406459,0.09546322042406459
Weather|336|iTransformer,3,q1:san_lite;q2:none;q3:none;q4:fredf,0.28085019928148985,0.28162136281811373,0.2819759103041062,0.27382991435984727,0.3992224092484592
Weather|720|DLinear,4,q1:none;q2:fredf;q3:fredf;q4:fredf,0.34261027115743464,0.3431844329386655,0.3453561852961049,0.16730414497952778,0.7950962674422463
Weather|720|PatchTST,4,q1:san_lite;q2:none;q3:san_lite;q4:none,0.3608997515279049,0.3612421172315562,0.3612421172315562,0.09477458117981813,0.09477458117981813
Weather|720|TimesNet,4,q1:fredf;q2:san_lite;q3:san_lite;q4:san_lite,0.35187240283088866,0.35251671803012485,0.377792057725211,0.18277578517031598,6.860825780825479
Weather|720|iTransformer,4,q1:none;q2:fredf;q3:fredf;q4:revin,0.35854692923742176,0.35981718287198516,0.3610575001326506,0.353027508143025,0.6953382478708945
Weather|96|DLinear,4,q1:revin;q2:revin;q3:fredf;q4:fredf,0.1940029539759661,0.19493603163532522,0.1956207159210782,0.47865838425636653,0.8269890729593126
Weather|96|PatchTST,4,q1:revin;q2:revin;q3:fredf;q4:san_lite,0.1838062274504061,0.18442918607425896,0.18444422934958868,0.33777659442797503,0.34590504752162443
Weather|96|TimesNet,4,q1:fredf;q2:fredf;q3:fredf;q4:fredf,0.16512971905505752,0.16512971905505752,0.1686858137918103,0.0,2.1081172487578965
Weather|96|iTransformer,4,q1:fredf;q2:san_lite;q3:fredf;q4:fredf,0.17107443795149538,0.17145172096062022,0.17368670747746537,0.2200520397293077,1.5040123472367128
