protocol,key,backbone,dataset,pred_len,mse_best_fixed_val,mse_selector,abs_mse_delta_vs_bf,rel_pct_delta_vs_bf,worse_than_bf
"static gate (in-pool reg, 96 groups)",DLinear__ETTh1__h96__s2021,DLinear,ETTh1,96,0.3958420334373813,0.3954165148617335,-0.0004255185756477653,-0.10749706693669726,False
"static gate (in-pool reg, 96 groups)",DLinear__ETTh1__h192__s2021,DLinear,ETTh1,192,0.4460673914794897,0.4463635180609605,0.0002961265814707681,0.06638606343507718,True
"static gate (in-pool reg, 96 groups)",DLinear__ETTh1__h336__s2021,DLinear,ETTh1,336,0.4867135716327749,0.487246865244886,0.0005332936121110743,0.10957031880620004,True
"static gate (in-pool reg, 96 groups)",DLinear__ETTh1__h720__s2021,DLinear,ETTh1,720,0.5200704373126226,0.5183326954755558,-0.001737741837066764,-0.334135861681786,False
"static gate (in-pool reg, 96 groups)",DLinear__ETTh2__h96__s2021,DLinear,ETTh2,96,0.2940500818219711,0.2999612714687305,0.005911189646759352,2.010266281897587,True
"static gate (in-pool reg, 96 groups)",DLinear__ETTh2__h192__s2021,DLinear,ETTh2,192,0.3793986027498545,0.3840873677875083,0.004688765037653808,1.235841408921901,True
"static gate (in-pool reg, 96 groups)",DLinear__ETTh2__h336__s2021,DLinear,ETTh2,336,0.417351451505905,0.419338867950943,0.0019874164450379705,0.4761973243094976,True
"static gate (in-pool reg, 96 groups)",DLinear__ETTh2__h720__s2021,DLinear,ETTh2,720,0.4198238453045591,0.4350349064476784,0.01521106114311932,3.6232008527492128,True
"static gate (in-pool reg, 96 groups)",DLinear__ETTm1__h96__s2021,DLinear,ETTm1,96,0.3422499922304302,0.3473926499252833,0.005142657694853114,1.502602720700915,True
"static gate (in-pool reg, 96 groups)",DLinear__ETTm1__h192__s2021,DLinear,ETTm1,192,0.3815985321426435,0.3863536372862349,0.004755105143591398,1.2461015289791302,True
"static gate (in-pool reg, 96 groups)",DLinear__ETTm1__h336__s2021,DLinear,ETTm1,336,0.4132301282818743,0.4142152947056863,0.0009851664238120228,0.23840624300753233,True
"static gate (in-pool reg, 96 groups)",DLinear__ETTm1__h720__s2021,DLinear,ETTm1,720,0.4737760421385666,0.4769149364729566,0.0031388943343899633,0.6625270286402372,True
"static gate (in-pool reg, 96 groups)",DLinear__ETTm2__h96__s2021,DLinear,ETTm2,96,0.182897411131624,0.1808356171608362,-0.0020617939707877897,-1.1272953280372013,False
"static gate (in-pool reg, 96 groups)",DLinear__ETTm2__h192__s2021,DLinear,ETTm2,192,0.2458672986831721,0.2343311737555317,-0.01153612492764039,-4.692012719636211,False
"static gate (in-pool reg, 96 groups)",DLinear__ETTm2__h336__s2021,DLinear,ETTm2,336,0.3064732617907189,0.2971598041573166,-0.0093134576334023,-3.0389136001567967,False
"static gate (in-pool reg, 96 groups)",DLinear__ETTm2__h720__s2021,DLinear,ETTm2,720,0.4102858028789961,0.4065789366678147,-0.003706866211181381,-0.9034839093066624,False
"static gate (in-pool reg, 96 groups)",DLinear__Electricity__h96__s2021,DLinear,Electricity,96,0.1970328139298075,0.1972951599251612,0.0002623459953536855,0.13314837773526683,True
"static gate (in-pool reg, 96 groups)",DLinear__Electricity__h192__s2021,DLinear,Electricity,192,0.1961283894536128,0.1961425329544036,1.4143500790791963e-05,0.007211348051240234,True
"static gate (in-pool reg, 96 groups)",DLinear__Electricity__h336__s2021,DLinear,Electricity,336,0.2098145837106075,0.2100698745401982,0.0002552908295907208,0.12167449234264749,True
"static gate (in-pool reg, 96 groups)",DLinear__Electricity__h720__s2021,DLinear,Electricity,720,0.246230234418034,0.2497669463311489,0.003536711913114915,1.4363434780760964,True
"static gate (in-pool reg, 96 groups)",DLinear__Exchange__h96__s2021,DLinear,Exchange,96,0.088676609442099,0.0941115859843549,0.005434976542255901,6.128985508635899,True
"static gate (in-pool reg, 96 groups)",DLinear__Exchange__h192__s2021,DLinear,Exchange,192,0.179537176594228,0.187408127545254,0.007870950951025996,4.384022908422545,True
"static gate (in-pool reg, 96 groups)",DLinear__Exchange__h336__s2021,DLinear,Exchange,336,0.3238748066606356,0.332820622537241,0.008945815876605367,2.76212156445346,True
"static gate (in-pool reg, 96 groups)",DLinear__Exchange__h720__s2021,DLinear,Exchange,720,0.8817172627475925,0.8817172627475925,0.0,0.0,False
"static gate (in-pool reg, 96 groups)",DLinear__ILI__h24__s2021,DLinear,ILI,24,4.796501366531148,4.684174447901109,-0.11232691863003907,-2.341851071154274,False
"static gate (in-pool reg, 96 groups)",DLinear__ILI__h36__s2021,DLinear,ILI,36,4.36402454632747,4.384329417838326,0.020304871510855804,0.4652785816235452,True
"static gate (in-pool reg, 96 groups)",DLinear__ILI__h48__s2021,DLinear,ILI,48,4.008537466395391,4.008537466395391,0.0,0.0,False
"static gate (in-pool reg, 96 groups)",DLinear__ILI__h60__s2021,DLinear,ILI,60,4.02952110500478,4.02952110500478,0.0,0.0,False
"static gate (in-pool reg, 96 groups)",DLinear__Weather__h96__s2021,DLinear,Weather,96,0.1960141180332483,0.1943501712114463,-0.0016639468218020148,-0.8488913137980055,False
"static gate (in-pool reg, 96 groups)",DLinear__Weather__h192__s2021,DLinear,Weather,192,0.2366138971653692,0.2350243579820921,-0.0015895391832771166,-0.671786062576954,False
"static gate (in-pool reg, 96 groups)",DLinear__Weather__h336__s2021,DLinear,Weather,336,0.2818512427114952,0.2814646874383232,-0.00038655527317199567,-0.13714868504861488,False
"static gate (in-pool reg, 96 groups)",DLinear__Weather__h720__s2021,DLinear,Weather,720,0.3461667132702354,0.3453018482888303,-0.000864864981405089,-0.2498405965249268,False
"static gate (in-pool reg, 96 groups)",PatchTST__ETTh1__h96__s2021,PatchTST,ETTh1,96,0.3838058475264527,0.3861539356397127,0.002348088113259983,0.6117906041278196,True
"static gate (in-pool reg, 96 groups)",PatchTST__ETTh1__h192__s2021,PatchTST,ETTh1,192,0.4312298646333183,0.4340086902837055,0.0027788256503871733,0.6443954554840615,True
"static gate (in-pool reg, 96 groups)",PatchTST__ETTh1__h336__s2021,PatchTST,ETTh1,336,0.4701711084847366,0.4695584265387128,-0.0006126819460237631,-0.13031041996568213,False
"static gate (in-pool reg, 96 groups)",PatchTST__ETTh1__h720__s2021,PatchTST,ETTh1,720,0.4747171934447537,0.4742967745238352,-0.0004204189209185416,-0.08856197473443077,False
"static gate (in-pool reg, 96 groups)",PatchTST__ETTh2__h96__s2021,PatchTST,ETTh2,96,0.2869951405032426,0.2936677838088794,0.006672643305636827,2.3250021913041543,True
"static gate (in-pool reg, 96 groups)",PatchTST__ETTh2__h192__s2021,PatchTST,ETTh2,192,0.3701321660610613,0.3749413076315772,0.0048091415705158735,1.2993038734500317,True
"static gate (in-pool reg, 96 groups)",PatchTST__ETTh2__h336__s2021,PatchTST,ETTh2,336,0.4164699554428722,0.414647010137091,-0.0018229453057811984,-0.4377135209772064,False
"static gate (in-pool reg, 96 groups)",PatchTST__ETTh2__h720__s2021,PatchTST,ETTh2,720,0.4232737978007549,0.4248846492720168,0.001610851471261887,0.3805696170260351,True
"static gate (in-pool reg, 96 groups)",PatchTST__ETTm1__h96__s2021,PatchTST,ETTm1,96,0.3284638750771594,0.3378325253020752,0.009368650224915787,2.852261979407933,True
"static gate (in-pool reg, 96 groups)",PatchTST__ETTm1__h192__s2021,PatchTST,ETTm1,192,0.3695341113421095,0.3771897039206606,0.007655592578551085,2.0716876584807737,True
"static gate (in-pool reg, 96 groups)",PatchTST__ETTm1__h336__s2021,PatchTST,ETTm1,336,0.4003663015528134,0.4091441356774734,0.008777834124659989,2.192450785846691,True
"static gate (in-pool reg, 96 groups)",PatchTST__ETTm1__h720__s2021,PatchTST,ETTm1,720,0.4627600083010868,0.4673296239569544,0.004569615655867554,0.9874698707530518,True
"static gate (in-pool reg, 96 groups)",PatchTST__ETTm2__h96__s2021,PatchTST,ETTm2,96,0.1765072794330328,0.1821413175948371,0.0056340381618043,3.1919579633778588,True
"static gate (in-pool reg, 96 groups)",PatchTST__ETTm2__h192__s2021,PatchTST,ETTm2,192,0.2421220923987764,0.2471763868963758,0.005054294497599393,2.087498273092297,True
"static gate (in-pool reg, 96 groups)",PatchTST__ETTm2__h336__s2021,PatchTST,ETTm2,336,0.3031867550615226,0.3081157852998391,0.004929030238316479,1.6257406222499005,True
"static gate (in-pool reg, 96 groups)",PatchTST__ETTm2__h720__s2021,PatchTST,ETTm2,720,0.4003962972526909,0.4116751312469373,0.011278833994246396,2.816917656740542,True
"static gate (in-pool reg, 96 groups)",PatchTST__Electricity__h96__s2021,PatchTST,Electricity,96,0.1921811645974956,0.192362320183669,0.00018115558617340377,0.09426292454456511,True
"static gate (in-pool reg, 96 groups)",PatchTST__Electricity__h192__s2021,PatchTST,Electricity,192,0.1961862632442941,0.1963023833032424,0.00011612005894828803,0.059188679690429485,True
"static gate (in-pool reg, 96 groups)",PatchTST__Electricity__h336__s2021,PatchTST,Electricity,336,0.2118824693076501,0.2119987514645315,0.00011628215688141985,0.05488049920382037,True
"static gate (in-pool reg, 96 groups)",PatchTST__Electricity__h720__s2021,PatchTST,Electricity,720,0.2535597536498769,0.2547728428623272,0.0012130892124503356,0.47842340710166753,True
"static gate (in-pool reg, 96 groups)",PatchTST__Exchange__h96__s2021,PatchTST,Exchange,96,0.0885874627075523,0.0884339138256378,-0.0001535488819145031,-0.17333026279509042,False
"static gate (in-pool reg, 96 groups)",PatchTST__Exchange__h192__s2021,PatchTST,Exchange,192,0.1823752008920723,0.1896488342425739,0.0072736333505016015,3.988279829123292,True
"static gate (in-pool reg, 96 groups)",PatchTST__Exchange__h336__s2021,PatchTST,Exchange,336,0.3433840447333964,0.347028557835194,0.0036445131017975863,1.0613519054524472,True
"static gate (in-pool reg, 96 groups)",PatchTST__Exchange__h720__s2021,PatchTST,Exchange,720,0.8787826002764523,0.8787826002764523,0.0,0.0,False
"static gate (in-pool reg, 96 groups)",PatchTST__ILI__h24__s2021,PatchTST,ILI,24,2.8632270951481424,2.856877831851735,-0.0063492632964075035,-0.22175199819695038,False
"static gate (in-pool reg, 96 groups)",PatchTST__ILI__h36__s2021,PatchTST,ILI,36,2.7963005932448786,2.8119389013021805,0.01563830805730193,0.5592498923427596,True
"static gate (in-pool reg, 96 groups)",PatchTST__ILI__h48__s2021,PatchTST,ILI,48,2.736687513655179,2.736687513655179,0.0,0.0,False
"static gate (in-pool reg, 96 groups)",PatchTST__ILI__h60__s2021,PatchTST,ILI,60,2.748105302230636,2.748105302230636,0.0,0.0,False
"static gate (in-pool reg, 96 groups)",PatchTST__Weather__h96__s2021,PatchTST,Weather,96,0.1846863709535337,0.1846950019475062,8.630993972497114e-06,0.004673324798107942,True
"static gate (in-pool reg, 96 groups)",PatchTST__Weather__h192__s2021,PatchTST,Weather,192,0.2297172004624821,0.2311418139403466,0.001424613477864517,0.6201596898257464,True
"static gate (in-pool reg, 96 groups)",PatchTST__Weather__h336__s2021,PatchTST,Weather,336,0.2853135551628629,0.2861920434635487,0.0008784883006858202,0.30790275638476444,True
"static gate (in-pool reg, 96 groups)",PatchTST__Weather__h720__s2021,PatchTST,Weather,720,0.3609795912341527,0.3613576539042889,0.0003780626701362366,0.10473242236318087,True
"static gate (in-pool reg, 96 groups)",iTransformer__ETTh1__h96__s2021,iTransformer,ETTh1,96,0.3792224222978099,0.392991531232315,0.013769108934505114,3.6308794324645697,True
"static gate (in-pool reg, 96 groups)",iTransformer__ETTh1__h192__s2021,iTransformer,ETTh1,192,0.4413686522645283,0.4490144230777245,0.007645770813196173,1.7322867797629145,True
"static gate (in-pool reg, 96 groups)",iTransformer__ETTh1__h336__s2021,iTransformer,ETTh1,336,0.468905391996408,0.491839204023067,0.022933812026659006,4.890925209671013,True
"static gate (in-pool reg, 96 groups)",iTransformer__ETTh1__h720__s2021,iTransformer,ETTh1,720,0.4745983337429263,0.4876991190991982,0.013100785356271905,2.7603943007874427,True
"static gate (in-pool reg, 96 groups)",iTransformer__ETTh2__h96__s2021,iTransformer,ETTh2,96,0.291221649239853,0.2954191484854722,0.004197499245619185,1.4413417603311778,True
"static gate (in-pool reg, 96 groups)",iTransformer__ETTh2__h192__s2021,iTransformer,ETTh2,192,0.3758533061584184,0.3784530189646115,0.0025997128061930885,0.6916828357224389,True
"static gate (in-pool reg, 96 groups)",iTransformer__ETTh2__h336__s2021,iTransformer,ETTh2,336,0.4109939327525718,0.4208533347399506,0.009859401987378835,2.398916675325821,True
"static gate (in-pool reg, 96 groups)",iTransformer__ETTh2__h720__s2021,iTransformer,ETTh2,720,0.4894993698456286,0.4358729173958108,-0.053626452449817785,-10.9553670041965,False
"static gate (in-pool reg, 96 groups)",iTransformer__ETTm1__h96__s2021,iTransformer,ETTm1,96,0.3326275164263906,0.3427773091858925,0.010149792759501897,3.051399014894191,True
"static gate (in-pool reg, 96 groups)",iTransformer__ETTm1__h192__s2021,iTransformer,ETTm1,192,0.3781058281414774,0.3843212360590999,0.006215407917622484,1.6438275887397429,True
"static gate (in-pool reg, 96 groups)",iTransformer__ETTm1__h336__s2021,iTransformer,ETTm1,336,0.4116535162027787,0.4215149301860713,0.0098614139832926,2.3955617030208756,True
"static gate (in-pool reg, 96 groups)",iTransformer__ETTm1__h720__s2021,iTransformer,ETTm1,720,0.5141235931834494,0.49055542359583,-0.02356816958761937,-4.584144727085066,False
"static gate (in-pool reg, 96 groups)",iTransformer__ETTm2__h96__s2021,iTransformer,ETTm2,96,0.1807935862916499,0.1846402147069932,0.003846628415343306,2.1276354400858333,True
"static gate (in-pool reg, 96 groups)",iTransformer__ETTm2__h192__s2021,iTransformer,ETTm2,192,0.2447648505203545,0.2544512085206211,0.009686358000266598,3.9574138115313606,True
"static gate (in-pool reg, 96 groups)",iTransformer__ETTm2__h336__s2021,iTransformer,ETTm2,336,0.3028991960282164,0.3093938174894413,0.00649462146122487,2.1441527565559686,True
"static gate (in-pool reg, 96 groups)",iTransformer__ETTm2__h720__s2021,iTransformer,ETTm2,720,0.408847280571653,0.4128778399512449,0.004030559379591903,0.9858349489218438,True
"static gate (in-pool reg, 96 groups)",iTransformer__Electricity__h96__s2021,iTransformer,Electricity,96,0.1579502173756237,0.1607727251492534,0.00282250777362969,1.7869603603757274,True
"static gate (in-pool reg, 96 groups)",iTransformer__Electricity__h192__s2021,iTransformer,Electricity,192,0.1708719270481327,0.1717595744809706,0.0008876474328378958,0.5194811389865437,True
"static gate (in-pool reg, 96 groups)",iTransformer__Electricity__h336__s2021,iTransformer,Electricity,336,0.1873632636999115,0.1894609799209585,0.0020977162210470135,1.1195984632327924,True
"static gate (in-pool reg, 96 groups)",iTransformer__Electricity__h720__s2021,iTransformer,Electricity,720,0.224536934420811,0.2280515761161212,0.003514641695310211,1.5652844394514278,True
"static gate (in-pool reg, 96 groups)",iTransformer__Exchange__h96__s2021,iTransformer,Exchange,96,0.1127056584715759,0.1013398830243157,-0.01136577544726021,-10.084476326560509,False
"static gate (in-pool reg, 96 groups)",iTransformer__Exchange__h192__s2021,iTransformer,Exchange,192,0.1885852384300927,0.1900859581331861,0.0015007197030934005,0.795777928106344,True
"static gate (in-pool reg, 96 groups)",iTransformer__Exchange__h336__s2021,iTransformer,Exchange,336,0.3422649927790294,0.3454658600506444,0.0032008672716150044,0.9352014781370074,True
"static gate (in-pool reg, 96 groups)",iTransformer__Exchange__h720__s2021,iTransformer,Exchange,720,0.8616552551960885,0.8736093056978738,0.011954050501785218,1.387335646094889,True
"static gate (in-pool reg, 96 groups)",iTransformer__ILI__h24__s2021,iTransformer,ILI,24,2.2942722540129634,2.3899950964047627,0.09572284239179929,4.17225297583442,True
"static gate (in-pool reg, 96 groups)",iTransformer__ILI__h36__s2021,iTransformer,ILI,36,2.191627541580532,2.2441789107986643,0.052551369218132304,2.3978239103636163,True
"static gate (in-pool reg, 96 groups)",iTransformer__ILI__h48__s2021,iTransformer,ILI,48,2.2831738360532343,2.2958126147724176,0.012638778719183286,0.5535618234409638,True
"static gate (in-pool reg, 96 groups)",iTransformer__ILI__h60__s2021,iTransformer,ILI,60,2.3185477496972724,2.3185477496972724,0.0,0.0,False
"static gate (in-pool reg, 96 groups)",iTransformer__Weather__h96__s2021,iTransformer,Weather,96,0.1734789650095751,0.1748536717757826,0.0013747067662074897,0.7924342678270033,True
"static gate (in-pool reg, 96 groups)",iTransformer__Weather__h192__s2021,iTransformer,Weather,192,0.2251538383321938,0.2222286731742357,-0.0029251651579580984,-1.299185116996445,False
"static gate (in-pool reg, 96 groups)",iTransformer__Weather__h336__s2021,iTransformer,Weather,336,0.2816475685379204,0.2802544639970463,-0.0013931045408741016,-0.49462686580464377,False
"static gate (in-pool reg, 96 groups)",iTransformer__Weather__h720__s2021,iTransformer,Weather,720,0.359436254928651,0.3599058978707205,0.00046964294206952584,0.13066098247733832,True
"static gate (in-pool clf, 96 groups)",DLinear__ETTh1__h96__s2021,DLinear,ETTh1,96,0.3958420334373813,0.3958900061929247,4.797275554341285e-05,0.012119166609677826,True
"static gate (in-pool clf, 96 groups)",DLinear__ETTh1__h192__s2021,DLinear,ETTh1,192,0.4460673914794897,0.4464113596049593,0.000343968125469607,0.07711124642596134,True
"static gate (in-pool clf, 96 groups)",DLinear__ETTh1__h336__s2021,DLinear,ETTh1,336,0.4867135716327749,0.4875915097932684,0.0008779381604934744,0.18038086703608056,True
"static gate (in-pool clf, 96 groups)",DLinear__ETTh1__h720__s2021,DLinear,ETTh1,720,0.5200704373126226,0.5144016384692283,-0.005668798843394329,-1.0900059754764957,False
"static gate (in-pool clf, 96 groups)",DLinear__ETTh2__h96__s2021,DLinear,ETTh2,96,0.2940500818219711,0.2953204844193783,0.001270402597407183,0.4320361312384644,True
"static gate (in-pool clf, 96 groups)",DLinear__ETTh2__h192__s2021,DLinear,ETTh2,192,0.3793986027498545,0.3725214689615359,-0.006877133788318612,-1.8126407789785275,False
"static gate (in-pool clf, 96 groups)",DLinear__ETTh2__h336__s2021,DLinear,ETTh2,336,0.417351451505905,0.415404127381581,-0.0019473241243240236,-0.46659095524829425,False
"static gate (in-pool clf, 96 groups)",DLinear__ETTh2__h720__s2021,DLinear,ETTh2,720,0.4198238453045591,0.4228430196249833,0.0030191743204242005,0.7191526527593867,True
"static gate (in-pool clf, 96 groups)",DLinear__ETTm1__h96__s2021,DLinear,ETTm1,96,0.3422499922304302,0.3501283205034827,0.007878328273052515,2.301922118890274,True
"static gate (in-pool clf, 96 groups)",DLinear__ETTm1__h192__s2021,DLinear,ETTm1,192,0.3815985321426435,0.392167378709566,0.010568846566922474,2.7696245338207395,True
"static gate (in-pool clf, 96 groups)",DLinear__ETTm1__h336__s2021,DLinear,ETTm1,336,0.4132301282818743,0.4215637802538138,0.008333651971939526,2.016709673757123,True
"static gate (in-pool clf, 96 groups)",DLinear__ETTm1__h720__s2021,DLinear,ETTm1,720,0.4737760421385666,0.4762378171556758,0.0024617750171092023,0.519607324590972,True
"static gate (in-pool clf, 96 groups)",DLinear__ETTm2__h96__s2021,DLinear,ETTm2,96,0.182897411131624,0.1791374080832762,-0.0037600030483478097,-2.055798944929781,False
"static gate (in-pool clf, 96 groups)",DLinear__ETTm2__h192__s2021,DLinear,ETTm2,192,0.2458672986831721,0.2360156777557598,-0.009851620927412291,-4.006885413463309,False
"static gate (in-pool clf, 96 groups)",DLinear__ETTm2__h336__s2021,DLinear,ETTm2,336,0.3064732617907189,0.2989989764801908,-0.007474285310528073,-2.438805025552941,False
"static gate (in-pool clf, 96 groups)",DLinear__ETTm2__h720__s2021,DLinear,ETTm2,720,0.4102858028789961,0.4072049953120719,-0.003080807566924193,-0.750893047067681,False
"static gate (in-pool clf, 96 groups)",DLinear__Electricity__h96__s2021,DLinear,Electricity,96,0.1970328139298075,0.1973135972891403,0.0002807833593327924,0.14250588708174305,True
"static gate (in-pool clf, 96 groups)",DLinear__Electricity__h192__s2021,DLinear,Electricity,192,0.1961283894536128,0.1961359868939869,7.597440374096376e-06,0.0038737076234918455,True
"static gate (in-pool clf, 96 groups)",DLinear__Electricity__h336__s2021,DLinear,Electricity,336,0.2098145837106075,0.2099589637300084,0.00014438001940092482,0.06881314770762786,True
"static gate (in-pool clf, 96 groups)",DLinear__Electricity__h720__s2021,DLinear,Electricity,720,0.246230234418034,0.2462823602287445,5.21258107105127e-05,0.021169541114117132,True
"static gate (in-pool clf, 96 groups)",DLinear__Exchange__h96__s2021,DLinear,Exchange,96,0.088676609442099,0.0923667690256917,0.0036901595835927004,4.161367475379371,True
"static gate (in-pool clf, 96 groups)",DLinear__Exchange__h192__s2021,DLinear,Exchange,192,0.179537176594228,0.1832301847771552,0.003693008182927199,2.0569601533134096,True
"static gate (in-pool clf, 96 groups)",DLinear__Exchange__h336__s2021,DLinear,Exchange,336,0.3238748066606356,0.3302881481242563,0.006413341463620659,1.9801915220718984,True
"static gate (in-pool clf, 96 groups)",DLinear__Exchange__h720__s2021,DLinear,Exchange,720,0.8817172627475925,0.8817172627475925,0.0,0.0,False
"static gate (in-pool clf, 96 groups)",DLinear__ILI__h24__s2021,DLinear,ILI,24,4.796501366531148,4.752629231705385,-0.043872134825762465,-0.9146694949758973,False
"static gate (in-pool clf, 96 groups)",DLinear__ILI__h36__s2021,DLinear,ILI,36,4.36402454632747,4.259263861028454,-0.10476068529901639,-2.4005521551701032,False
"static gate (in-pool clf, 96 groups)",DLinear__ILI__h48__s2021,DLinear,ILI,48,4.008537466395391,4.008537466395391,0.0,0.0,False
"static gate (in-pool clf, 96 groups)",DLinear__ILI__h60__s2021,DLinear,ILI,60,4.02952110500478,4.02952110500478,0.0,0.0,False
"static gate (in-pool clf, 96 groups)",DLinear__Weather__h96__s2021,DLinear,Weather,96,0.1960141180332483,0.1954191456658017,-0.0005949723674466001,-0.3035354664329228,False
"static gate (in-pool clf, 96 groups)",DLinear__Weather__h192__s2021,DLinear,Weather,192,0.2366138971653692,0.2359199745884395,-0.0006939225769297119,-0.2932721134484887,False
"static gate (in-pool clf, 96 groups)",DLinear__Weather__h336__s2021,DLinear,Weather,336,0.2818512427114952,0.2818767856069052,2.5542895410013422e-05,0.009062544895769468,True
"static gate (in-pool clf, 96 groups)",DLinear__Weather__h720__s2021,DLinear,Weather,720,0.3461667132702354,0.3447606596784655,-0.001406053591769929,-0.4061781615242399,False
"static gate (in-pool clf, 96 groups)",PatchTST__ETTh1__h96__s2021,PatchTST,ETTh1,96,0.3838058475264527,0.3856357538480733,0.0018299063216206113,0.4767791667099315,True
"static gate (in-pool clf, 96 groups)",PatchTST__ETTh1__h192__s2021,PatchTST,ETTh1,192,0.4312298646333183,0.4324634773119891,0.0012336126786707813,0.2860684706333459,True
"static gate (in-pool clf, 96 groups)",PatchTST__ETTh1__h336__s2021,PatchTST,ETTh1,336,0.4701711084847366,0.471560616085712,0.0013895076009753926,0.2955323234244413,True
"static gate (in-pool clf, 96 groups)",PatchTST__ETTh1__h720__s2021,PatchTST,ETTh1,720,0.4747171934447537,0.4744938001043539,-0.0002233933403998356,-0.04705819453868875,False
"static gate (in-pool clf, 96 groups)",PatchTST__ETTh2__h96__s2021,PatchTST,ETTh2,96,0.2869951405032426,0.2906969758456228,0.003701835342380222,1.2898599383561329,True
"static gate (in-pool clf, 96 groups)",PatchTST__ETTh2__h192__s2021,PatchTST,ETTh2,192,0.3701321660610613,0.3739481795622142,0.003816013501152904,1.0309867261099837,True
"static gate (in-pool clf, 96 groups)",PatchTST__ETTh2__h336__s2021,PatchTST,ETTh2,336,0.4164699554428722,0.4184651796792017,0.001995224236329529,0.4790799937075454,True
"static gate (in-pool clf, 96 groups)",PatchTST__ETTh2__h720__s2021,PatchTST,ETTh2,720,0.4232737978007549,0.4258105920482046,0.0025367942474496807,0.5993270220434977,True
"static gate (in-pool clf, 96 groups)",PatchTST__ETTm1__h96__s2021,PatchTST,ETTm1,96,0.3284638750771594,0.3421290921731251,0.013665217095965687,4.16034094853067,True
"static gate (in-pool clf, 96 groups)",PatchTST__ETTm1__h192__s2021,PatchTST,ETTm1,192,0.3695341113421095,0.3775023202285971,0.007968208886487582,2.156285074075537,True
"static gate (in-pool clf, 96 groups)",PatchTST__ETTm1__h336__s2021,PatchTST,ETTm1,336,0.4003663015528134,0.4115399731706976,0.01117367161788424,2.7908621616123432,True
"static gate (in-pool clf, 96 groups)",PatchTST__ETTm1__h720__s2021,PatchTST,ETTm1,720,0.4627600083010868,0.4719756984490508,0.009215690147963973,1.9914620932342846,True
"static gate (in-pool clf, 96 groups)",PatchTST__ETTm2__h96__s2021,PatchTST,ETTm2,96,0.1765072794330328,0.1821316311705686,0.00562435173753581,3.1864701306382663,True
"static gate (in-pool clf, 96 groups)",PatchTST__ETTm2__h192__s2021,PatchTST,ETTm2,192,0.2421220923987764,0.2468423982037325,0.004720305804956082,1.9495560104369627,True
"static gate (in-pool clf, 96 groups)",PatchTST__ETTm2__h336__s2021,PatchTST,ETTm2,336,0.3031867550615226,0.3078366697041062,0.00464991464258363,1.5336800057905138,True
"static gate (in-pool clf, 96 groups)",PatchTST__ETTm2__h720__s2021,PatchTST,ETTm2,720,0.4003962972526909,0.4132071850458711,0.012810887793180237,3.1995520141124736,True
"static gate (in-pool clf, 96 groups)",PatchTST__Electricity__h96__s2021,PatchTST,Electricity,96,0.1921811645974956,0.1922025461568491,2.138155935349495e-05,0.011125730972791485,True
"static gate (in-pool clf, 96 groups)",PatchTST__Electricity__h192__s2021,PatchTST,Electricity,192,0.1961862632442941,0.1966085137450664,0.00042225050077229764,0.21522939159430593,True
"static gate (in-pool clf, 96 groups)",PatchTST__Electricity__h336__s2021,PatchTST,Electricity,336,0.2118824693076501,0.2120262332646375,0.0001437639569873972,0.06785080306887217,True
"static gate (in-pool clf, 96 groups)",PatchTST__Electricity__h720__s2021,PatchTST,Electricity,720,0.2535597536498769,0.2555617265857755,0.0020019729358985994,0.7895468058637513,True
"static gate (in-pool clf, 96 groups)",PatchTST__Exchange__h96__s2021,PatchTST,Exchange,96,0.0885874627075523,0.0895079035690491,0.000920440861496799,1.0390193300099215,True
"static gate (in-pool clf, 96 groups)",PatchTST__Exchange__h192__s2021,PatchTST,Exchange,192,0.1823752008920723,0.1907210296222189,0.00834582873014661,4.576186175161821,True
"static gate (in-pool clf, 96 groups)",PatchTST__Exchange__h336__s2021,PatchTST,Exchange,336,0.3433840447333964,0.3465570695635228,0.003173024830126381,0.9240455049651243,True
"static gate (in-pool clf, 96 groups)",PatchTST__Exchange__h720__s2021,PatchTST,Exchange,720,0.8787826002764523,0.8782113701627966,-0.0005712301136556741,-0.06500243785846163,False
"static gate (in-pool clf, 96 groups)",PatchTST__ILI__h24__s2021,PatchTST,ILI,24,2.8632270951481424,2.8767066063249813,0.013479511176838876,0.4707803722478203,True
"static gate (in-pool clf, 96 groups)",PatchTST__ILI__h36__s2021,PatchTST,ILI,36,2.7963005932448786,2.7816200365748585,-0.014680556670020106,-0.52499923311122,False
"static gate (in-pool clf, 96 groups)",PatchTST__ILI__h48__s2021,PatchTST,ILI,48,2.736687513655179,2.736687513655179,0.0,0.0,False
"static gate (in-pool clf, 96 groups)",PatchTST__ILI__h60__s2021,PatchTST,ILI,60,2.748105302230636,2.748105302230636,0.0,0.0,False
"static gate (in-pool clf, 96 groups)",PatchTST__Weather__h96__s2021,PatchTST,Weather,96,0.1846863709535337,0.18499969307737,0.00031332212383627933,0.1696509180502062,True
"static gate (in-pool clf, 96 groups)",PatchTST__Weather__h192__s2021,PatchTST,Weather,192,0.2297172004624821,0.2308965375240867,0.0011793370616046128,0.5133864853090201,True
"static gate (in-pool clf, 96 groups)",PatchTST__Weather__h336__s2021,PatchTST,Weather,336,0.2853135551628629,0.2859892614327461,0.000675706269883225,0.23682936112079142,True
"static gate (in-pool clf, 96 groups)",PatchTST__Weather__h720__s2021,PatchTST,Weather,720,0.3609795912341527,0.3608538869669748,-0.00012570426717789518,-0.03482309533016119,False
"static gate (in-pool clf, 96 groups)",iTransformer__ETTh1__h96__s2021,iTransformer,ETTh1,96,0.3792224222978099,0.3947326750740328,0.015510252776222921,4.090014689068795,True
"static gate (in-pool clf, 96 groups)",iTransformer__ETTh1__h192__s2021,iTransformer,ETTh1,192,0.4413686522645283,0.4517280506617786,0.010359398397250308,2.3471078754912442,True
"static gate (in-pool clf, 96 groups)",iTransformer__ETTh1__h336__s2021,iTransformer,ETTh1,336,0.468905391996408,0.4921304085458425,0.023225016549434485,4.953028253855608,True
"static gate (in-pool clf, 96 groups)",iTransformer__ETTh1__h720__s2021,iTransformer,ETTh1,720,0.4745983337429263,0.4885006160550733,0.013902282312146963,2.9292733083376885,True
"static gate (in-pool clf, 96 groups)",iTransformer__ETTh2__h96__s2021,iTransformer,ETTh2,96,0.291221649239853,0.2945488666530357,0.0033272174131827037,1.1425034580593199,True
"static gate (in-pool clf, 96 groups)",iTransformer__ETTh2__h192__s2021,iTransformer,ETTh2,192,0.3758533061584184,0.3821946142671519,0.006341308108733512,1.6871763543994782,True
"static gate (in-pool clf, 96 groups)",iTransformer__ETTh2__h336__s2021,iTransformer,ETTh2,336,0.4109939327525718,0.4248647327639148,0.013870800011342999,3.3749403351152516,True
"static gate (in-pool clf, 96 groups)",iTransformer__ETTh2__h720__s2021,iTransformer,ETTh2,720,0.4894993698456286,0.4517789278308697,-0.03772044201475888,-7.705922487020693,False
"static gate (in-pool clf, 96 groups)",iTransformer__ETTm1__h96__s2021,iTransformer,ETTm1,96,0.3326275164263906,0.3435005090147648,0.010872992588374208,3.268819340380809,True
"static gate (in-pool clf, 96 groups)",iTransformer__ETTm1__h192__s2021,iTransformer,ETTm1,192,0.3781058281414774,0.3891832045260453,0.011077376384567905,2.9297026282342937,True
"static gate (in-pool clf, 96 groups)",iTransformer__ETTm1__h336__s2021,iTransformer,ETTm1,336,0.4116535162027787,0.425375610214954,0.013722094012175334,3.3334086730880474,True
"static gate (in-pool clf, 96 groups)",iTransformer__ETTm1__h720__s2021,iTransformer,ETTm1,720,0.5141235931834494,0.4940030724348244,-0.02012052074862497,-3.913557170959391,False
"static gate (in-pool clf, 96 groups)",iTransformer__ETTm2__h96__s2021,iTransformer,ETTm2,96,0.1807935862916499,0.1859823537079915,0.005188767416341583,2.86999529284808,True
"static gate (in-pool clf, 96 groups)",iTransformer__ETTm2__h192__s2021,iTransformer,ETTm2,192,0.2447648505203545,0.2538744816429152,0.009109631122560718,3.721788934642463,True
"static gate (in-pool clf, 96 groups)",iTransformer__ETTm2__h336__s2021,iTransformer,ETTm2,336,0.3028991960282164,0.3149283291281575,0.01202913309994108,3.971332132166014,True
"static gate (in-pool clf, 96 groups)",iTransformer__ETTm2__h720__s2021,iTransformer,ETTm2,720,0.408847280571653,0.4106382349596212,0.0017909543879682244,0.4380497249398602,True
"static gate (in-pool clf, 96 groups)",iTransformer__Electricity__h96__s2021,iTransformer,Electricity,96,0.1579502173756237,0.161225870137697,0.003275652762073311,2.073851379566914,True
"static gate (in-pool clf, 96 groups)",iTransformer__Electricity__h192__s2021,iTransformer,Electricity,192,0.1708719270481327,0.171934112011328,0.001062184963195295,0.6216263733574501,True
"static gate (in-pool clf, 96 groups)",iTransformer__Electricity__h336__s2021,iTransformer,Electricity,336,0.1873632636999115,0.1885793201950601,0.0012160564951486097,0.6490367808154188,True
"static gate (in-pool clf, 96 groups)",iTransformer__Electricity__h720__s2021,iTransformer,Electricity,720,0.224536934420811,0.2268861686145122,0.0023492341937011996,1.0462573561721624,True
"static gate (in-pool clf, 96 groups)",iTransformer__Exchange__h96__s2021,iTransformer,Exchange,96,0.1127056584715759,0.100761930570897,-0.011943727900678908,-10.597274407203864,False
"static gate (in-pool clf, 96 groups)",iTransformer__Exchange__h192__s2021,iTransformer,Exchange,192,0.1885852384300927,0.1895508552124642,0.0009656167823715034,0.5120320076003463,True
"static gate (in-pool clf, 96 groups)",iTransformer__Exchange__h336__s2021,iTransformer,Exchange,336,0.3422649927790294,0.3467763972085744,0.004511404429545007,1.31810279307695,True
"static gate (in-pool clf, 96 groups)",iTransformer__Exchange__h720__s2021,iTransformer,Exchange,720,0.8616552551960885,0.8548341513352287,-0.006821103860859878,-0.7916279532592866,False
"static gate (in-pool clf, 96 groups)",iTransformer__ILI__h24__s2021,iTransformer,ILI,24,2.2942722540129634,2.334124378640862,0.039852124627898444,1.7370268309784158,True
"static gate (in-pool clf, 96 groups)",iTransformer__ILI__h36__s2021,iTransformer,ILI,36,2.191627541580532,2.2462811372891256,0.05465359570859363,2.4937447021303263,True
"static gate (in-pool clf, 96 groups)",iTransformer__ILI__h48__s2021,iTransformer,ILI,48,2.2831738360532343,2.289681928819173,0.006508092765938667,0.2850458718110032,True
"static gate (in-pool clf, 96 groups)",iTransformer__ILI__h60__s2021,iTransformer,ILI,60,2.3185477496972724,2.3185477496972724,0.0,0.0,False
"static gate (in-pool clf, 96 groups)",iTransformer__Weather__h96__s2021,iTransformer,Weather,96,0.1734789650095751,0.1738580811340026,0.00037911612442750875,0.2185372298056906,True
"static gate (in-pool clf, 96 groups)",iTransformer__Weather__h192__s2021,iTransformer,Weather,192,0.2251538383321938,0.2232690432085898,-0.0018847951236039828,-0.837114364811823,False
"static gate (in-pool clf, 96 groups)",iTransformer__Weather__h336__s2021,iTransformer,Weather,336,0.2816475685379204,0.2811932508088575,-0.000454317729062903,-0.1613071724429727,False
"static gate (in-pool clf, 96 groups)",iTransformer__Weather__h720__s2021,iTransformer,Weather,720,0.359436254928651,0.360418018007503,0.0009817630788520049,0.2731396917784176,True
"static gate (LODO, 76 groups)",DLinear__ETTh1__h192__s2021,DLinear,ETTh1,192,0.4460673914794897,0.4446113736113459,-0.0014560178681438107,-0.3264120839038643,False
"static gate (LODO, 76 groups)",DLinear__ETTh2__h192__s2021,DLinear,ETTh2,192,0.3793986027498545,0.4186440721492246,0.039245469399370125,10.344125970660333,True
"static gate (LODO, 76 groups)",DLinear__ETTm1__h192__s2021,DLinear,ETTm1,192,0.3815985321426435,0.3842311970559425,0.0026326649132989988,0.6899043606160663,True
"static gate (LODO, 76 groups)",DLinear__ETTm2__h192__s2021,DLinear,ETTm2,192,0.2458672986831721,0.2571693860852323,0.011302087402060235,4.596824165959646,True
"static gate (LODO, 76 groups)",DLinear__Electricity__h192__s2021,DLinear,Electricity,192,0.1961283894536128,0.1998981059694059,0.003769716515793109,1.9220657072109908,True
"static gate (LODO, 76 groups)",DLinear__Exchange__h192__s2021,DLinear,Exchange,192,0.179537176594228,0.1816011394344573,0.0020639628402293053,1.149601926120331,True
"static gate (LODO, 76 groups)",DLinear__Weather__h192__s2021,DLinear,Weather,192,0.2366138971653692,0.2363121432212988,-0.0003017539440704209,-0.1275301018602155,False
"static gate (LODO, 76 groups)",DLinear__ETTh1__h336__s2021,DLinear,ETTh1,336,0.4867135716327749,0.4808195352554321,-0.005894036377342815,-1.2109866502325235,False
"static gate (LODO, 76 groups)",DLinear__ETTh2__h336__s2021,DLinear,ETTh2,336,0.417351451505905,0.4735171585426115,0.05616570703670648,13.457652257838573,True
"static gate (LODO, 76 groups)",DLinear__ETTm1__h336__s2021,DLinear,ETTm1,336,0.4132301282818743,0.4148730921649378,0.0016429638830635085,0.3975905362696117,True
"static gate (LODO, 76 groups)",DLinear__ETTm2__h336__s2021,DLinear,ETTm2,336,0.3064732617907189,0.3164864937069163,0.010013231916197407,3.2672448675262036,True
"static gate (LODO, 76 groups)",DLinear__Electricity__h336__s2021,DLinear,Electricity,336,0.2098145837106075,0.2157845863351967,0.005970002624589216,2.8453706691921403,True
"static gate (LODO, 76 groups)",DLinear__Exchange__h336__s2021,DLinear,Exchange,336,0.3238748066606356,0.3268448467005529,0.002970040039917299,0.9170333656206188,True
"static gate (LODO, 76 groups)",DLinear__Weather__h336__s2021,DLinear,Weather,336,0.2818512427114952,0.2854680061922272,0.003616763480731977,1.283217148853986,True
"static gate (LODO, 76 groups)",DLinear__ETTh1__h720__s2021,DLinear,ETTh1,720,0.5200704373126226,0.5026889421331943,-0.01738149517942833,-3.3421425123189685,False
"static gate (LODO, 76 groups)",DLinear__ETTh2__h720__s2021,DLinear,ETTh2,720,0.4198238453045591,0.5422291399041352,0.12240529459957616,29.156346398279943,True
"static gate (LODO, 76 groups)",DLinear__ETTm1__h720__s2021,DLinear,ETTm1,720,0.4737760421385666,0.4751581685439424,0.001382126405375772,0.29172568522819853,True
"static gate (LODO, 76 groups)",DLinear__ETTm2__h720__s2021,DLinear,ETTm2,720,0.4102858028789961,0.4505952946398862,0.040309491760890104,9.824734728337265,True
"static gate (LODO, 76 groups)",DLinear__Electricity__h720__s2021,DLinear,Electricity,720,0.246230234418034,0.2481584253584963,0.0019281909404623154,0.7830845570283443,True
"static gate (LODO, 76 groups)",DLinear__Exchange__h720__s2021,DLinear,Exchange,720,0.8817172627475925,0.749057583828319,-0.13265967891927355,-15.045602998163115,False
"static gate (LODO, 76 groups)",DLinear__Weather__h720__s2021,DLinear,Weather,720,0.3461667132702354,0.346181455498861,1.4742228625574949e-05,0.0042587077441112635,True
"static gate (LODO, 76 groups)",DLinear__ETTh1__h96__s2021,DLinear,ETTh1,96,0.3958420334373813,0.3910222659365707,-0.00481976750081059,-1.2175987120309282,False
"static gate (LODO, 76 groups)",DLinear__ETTh2__h96__s2021,DLinear,ETTh2,96,0.2940500818219711,0.3104896813189641,0.016439599496992974,5.590748145734617,True
"static gate (LODO, 76 groups)",DLinear__ETTm1__h96__s2021,DLinear,ETTm1,96,0.3422499922304302,0.3469614623909249,0.004711470160494724,1.3766165865454816,True
"static gate (LODO, 76 groups)",DLinear__ETTm2__h96__s2021,DLinear,ETTm2,96,0.182897411131624,0.1871520171753035,0.004254606043679499,2.3262254054638465,True
"static gate (LODO, 76 groups)",DLinear__Electricity__h96__s2021,DLinear,Electricity,96,0.1970328139298075,0.203219133813118,0.006186319883310504,3.1397409192533616,True
"static gate (LODO, 76 groups)",DLinear__Exchange__h96__s2021,DLinear,Exchange,96,0.088676609442099,0.0939592976966655,0.0052826882545665005,5.957251058426865,True
"static gate (LODO, 76 groups)",DLinear__Weather__h96__s2021,DLinear,Weather,96,0.1960141180332483,0.1965865522137247,0.0005724341804763944,0.29203721967582813,True
"static gate (LODO, 76 groups)",PatchTST__ETTh1__h192__s2021,PatchTST,ETTh1,192,0.4312298646333183,0.4311579397040346,-7.192492928370653e-05,-0.016679023226943118,False
"static gate (LODO, 76 groups)",PatchTST__ETTh2__h192__s2021,PatchTST,ETTh2,192,0.3701321660610613,0.3721281231466546,0.001995957085593303,0.5392552359969781,True
"static gate (LODO, 76 groups)",PatchTST__ETTm1__h192__s2021,PatchTST,ETTm1,192,0.3695341113421095,0.3876117444069827,0.0180776330648732,4.892006586135476,True
"static gate (LODO, 76 groups)",PatchTST__ETTm2__h192__s2021,PatchTST,ETTm2,192,0.2421220923987764,0.244309658133186,0.002187565734409591,0.9034969559104331,True
"static gate (LODO, 76 groups)",PatchTST__Electricity__h192__s2021,PatchTST,Electricity,192,0.1961862632442941,0.2004308907322851,0.004244627487990982,2.163570179582608,True
"static gate (LODO, 76 groups)",PatchTST__Exchange__h192__s2021,PatchTST,Exchange,192,0.1823752008920723,0.185176885414301,0.0028016845222287035,1.5362201157418933,True
"static gate (LODO, 76 groups)",PatchTST__Weather__h192__s2021,PatchTST,Weather,192,0.2297172004624821,0.23208026551423,0.002363065051747909,1.0286844202308,True
"static gate (LODO, 76 groups)",PatchTST__ETTh1__h336__s2021,PatchTST,ETTh1,336,0.4701711084847366,0.471002816697235,0.0008317082124983943,0.17689479372282496,True
"static gate (LODO, 76 groups)",PatchTST__ETTh2__h336__s2021,PatchTST,ETTh2,336,0.4164699554428722,0.4152041372343575,-0.0012658182085146796,-0.3039398621609125,False
"static gate (LODO, 76 groups)",PatchTST__ETTm1__h336__s2021,PatchTST,ETTm1,336,0.4003663015528134,0.4191701153665448,0.018803813813731418,4.696652475695674,True
"static gate (LODO, 76 groups)",PatchTST__ETTm2__h336__s2021,PatchTST,ETTm2,336,0.3031867550615226,0.3048057706839254,0.0016190156224027974,0.5339994559044201,True
"static gate (LODO, 76 groups)",PatchTST__Electricity__h336__s2021,PatchTST,Electricity,336,0.2118824693076501,0.2176198604566796,0.005737391149029519,2.7078177669804835,True
"static gate (LODO, 76 groups)",PatchTST__Exchange__h336__s2021,PatchTST,Exchange,336,0.3433840447333964,0.3288476747758497,-0.014536369957546702,-4.233268895423708,False
"static gate (LODO, 76 groups)",PatchTST__Weather__h336__s2021,PatchTST,Weather,336,0.2853135551628629,0.2891155604940449,0.0038020053311820234,1.332570872425518,True
"static gate (LODO, 76 groups)",PatchTST__ETTh2__h720__s2021,PatchTST,ETTh2,720,0.4232737978007549,0.422776346316855,-0.0004974514838999022,-0.11752475265054431,False
"static gate (LODO, 76 groups)",PatchTST__ETTm1__h720__s2021,PatchTST,ETTm1,720,0.4627600083010868,0.4671210934015768,0.004361085100489992,0.9424075162632738,True
"static gate (LODO, 76 groups)",PatchTST__ETTm2__h720__s2021,PatchTST,ETTm2,720,0.4003962972526909,0.4109492889368256,0.010552991684134705,2.635636682093164,True
"static gate (LODO, 76 groups)",PatchTST__Electricity__h720__s2021,PatchTST,Electricity,720,0.2535597536498769,0.2563526422815737,0.0027928886316967994,1.1014715827312667,True
"static gate (LODO, 76 groups)",PatchTST__Exchange__h720__s2021,PatchTST,Exchange,720,0.8787826002764523,0.8577148767939785,-0.021067723482473766,-2.3973760376964868,False
"static gate (LODO, 76 groups)",PatchTST__ETTh2__h96__s2021,PatchTST,ETTh2,96,0.2869951405032426,0.2878098123524625,0.0008146718492199057,0.2838625935586882,True
"static gate (LODO, 76 groups)",PatchTST__ETTm1__h96__s2021,PatchTST,ETTm1,96,0.3284638750771594,0.3303889332251945,0.0019250581480351192,0.5860791076592226,True
"static gate (LODO, 76 groups)",PatchTST__ETTm2__h96__s2021,PatchTST,ETTm2,96,0.1765072794330328,0.1785680416335618,0.002060762200529004,1.167522499439385,True
"static gate (LODO, 76 groups)",PatchTST__Electricity__h96__s2021,PatchTST,Electricity,96,0.1921811645974956,0.1921821423531271,9.777556315149205e-07,0.0005087676690703445,True
"static gate (LODO, 76 groups)",PatchTST__Exchange__h96__s2021,PatchTST,Exchange,96,0.0885874627075523,0.0883760775711895,-0.00021138513636280443,-0.23861744077786226,False
"static gate (LODO, 76 groups)",iTransformer__ETTh1__h192__s2021,iTransformer,ETTh1,192,0.4413686522645283,0.4409414631431986,-0.00042718912132971854,-0.09678737244657977,False
"static gate (LODO, 76 groups)",iTransformer__ETTh2__h192__s2021,iTransformer,ETTh2,192,0.3758533061584184,0.3840711796680495,0.008217873509631102,2.186457688406591,True
"static gate (LODO, 76 groups)",iTransformer__ETTm1__h192__s2021,iTransformer,ETTm1,192,0.3781058281414774,0.3860623760844189,0.007956547942941483,2.104317720266493,True
"static gate (LODO, 76 groups)",iTransformer__ETTm2__h192__s2021,iTransformer,ETTm2,192,0.2447648505203545,0.248146099514647,0.003381248994292513,1.3814275158807292,True
"static gate (LODO, 76 groups)",iTransformer__Electricity__h192__s2021,iTransformer,Electricity,192,0.1708719270481327,0.1733788720209538,0.0025069449728211124,1.4671485340684045,True
"static gate (LODO, 76 groups)",iTransformer__Exchange__h192__s2021,iTransformer,Exchange,192,0.1885852384300927,0.1900801615449593,0.0014949231148665976,0.7927042049056007,True
"static gate (LODO, 76 groups)",iTransformer__Weather__h192__s2021,iTransformer,Weather,192,0.2251538383321938,0.2233797502385363,-0.0017740880936575054,-0.7879448588569036,False
"static gate (LODO, 76 groups)",iTransformer__ETTh1__h336__s2021,iTransformer,ETTh1,336,0.468905391996408,0.4975103371094158,0.028604945113007763,6.100366001597799,True
"static gate (LODO, 76 groups)",iTransformer__ETTh2__h336__s2021,iTransformer,ETTh2,336,0.4109939327525718,0.4181933240712508,0.007199391318679027,1.751702578785569,True
"static gate (LODO, 76 groups)",iTransformer__ETTm1__h336__s2021,iTransformer,ETTm1,336,0.4116535162027787,0.4154285279778321,0.003775011775053405,0.9170362031339606,True
"static gate (LODO, 76 groups)",iTransformer__ETTm2__h336__s2021,iTransformer,ETTm2,336,0.3028991960282164,0.3196165045870698,0.016717308558853394,5.519099680045405,True
"static gate (LODO, 76 groups)",iTransformer__Electricity__h336__s2021,iTransformer,Electricity,336,0.1873632636999115,0.1929073859758788,0.005544122275967317,2.9590231118342416,True
"static gate (LODO, 76 groups)",iTransformer__Exchange__h336__s2021,iTransformer,Exchange,336,0.3422649927790294,0.3493043993695839,0.00703940659055452,2.056712412624463,True
"static gate (LODO, 76 groups)",iTransformer__Weather__h336__s2021,iTransformer,Weather,336,0.2816475685379204,0.284045300111306,0.002397731573385631,0.8513233704919435,True
"static gate (LODO, 76 groups)",iTransformer__ETTh2__h720__s2021,iTransformer,ETTh2,720,0.4894993698456286,0.4357738206055306,-0.05372554924009798,-10.9756115226545,False
"static gate (LODO, 76 groups)",iTransformer__ETTm1__h720__s2021,iTransformer,ETTm1,720,0.5141235931834494,0.5069035416609181,-0.007220051522531246,-1.4043416054541946,False
"static gate (LODO, 76 groups)",iTransformer__ETTm2__h720__s2021,iTransformer,ETTm2,720,0.408847280571653,0.4131300525977599,0.00428277202610694,1.0475236670569852,True
"static gate (LODO, 76 groups)",iTransformer__Electricity__h720__s2021,iTransformer,Electricity,720,0.224536934420811,0.2250663632142651,0.0005294287934541064,0.23578695185260215,True
"static gate (LODO, 76 groups)",iTransformer__Exchange__h720__s2021,iTransformer,Exchange,720,0.8616552551960885,0.877585341794449,0.015930086598360482,1.8487772809712908,True
"static gate (LODO, 76 groups)",iTransformer__ETTh2__h96__s2021,iTransformer,ETTh2,96,0.291221649239853,0.2921692996762385,0.0009476504363855054,0.32540521587562715,True
"static gate (LODO, 76 groups)",iTransformer__ETTm1__h96__s2021,iTransformer,ETTm1,96,0.3326275164263906,0.3378171474537129,0.005189631027322283,1.5601929398618266,True
"static gate (LODO, 76 groups)",iTransformer__ETTm2__h96__s2021,iTransformer,ETTm2,96,0.1807935862916499,0.1821742831617267,0.001380696870076803,0.7636868643390429,True
"static gate (LODO, 76 groups)",iTransformer__Electricity__h96__s2021,iTransformer,Electricity,96,0.1579502173756237,0.1594084945964444,0.0014582772208207029,0.923251164227747,True
"static gate (LODO, 76 groups)",iTransformer__Exchange__h96__s2021,iTransformer,Exchange,96,0.1127056584715759,0.1112348905197343,-0.0014707679518416034,-1.3049637185807557,False
"online selector (legal H delay, 123 groups)",DLinear__ETTh1__h96__s2021,DLinear,ETTh1,96,0.4013152624559739,0.4069769975863322,0.005661735130358336,1.410794868779618,True
"online selector (legal H delay, 123 groups)",DLinear__ETTh1__h192__s2021,DLinear,ETTh1,192,0.4538370510089574,0.4692054844148454,0.015368433405888005,3.3863329077520996,True
"online selector (legal H delay, 123 groups)",DLinear__ETTh1__h336__s2021,DLinear,ETTh1,336,0.5114633971584928,0.509477198953648,-0.0019861982048448024,-0.3883363337199509,False
"online selector (legal H delay, 123 groups)",DLinear__ETTh1__h720__s2021,DLinear,ETTh1,720,0.5726253633115294,0.5369571087510945,-0.035668254560434876,-6.228898830845191,False
"online selector (legal H delay, 123 groups)",DLinear__ETTh2__h96__s2021,DLinear,ETTh2,96,0.3017432909734566,0.3203598024644298,0.01861651149097321,6.169652167216154,True
"online selector (legal H delay, 123 groups)",DLinear__ETTh2__h192__s2021,DLinear,ETTh2,192,0.4021790945991235,0.4353879198079878,0.03320882520886431,8.257223126419731,True
"online selector (legal H delay, 123 groups)",DLinear__ETTh2__h336__s2021,DLinear,ETTh2,336,0.4687455826151851,0.4785321164301155,0.009786533814930387,2.0878135555603956,True
"online selector (legal H delay, 123 groups)",DLinear__ETTh2__h720__s2021,DLinear,ETTh2,720,0.522277882535949,0.6013489180683345,0.07907103553238548,15.139648485295169,True
"online selector (legal H delay, 123 groups)",DLinear__ETTm1__h96__s2021,DLinear,ETTm1,96,0.3414131243949874,0.3447208704767386,0.003307746081751217,0.9688397561203367,True
"online selector (legal H delay, 123 groups)",DLinear__ETTm1__h192__s2021,DLinear,ETTm1,192,0.3829268025359945,0.3875117754819412,0.00458497294594673,1.1973497064143872,True
"online selector (legal H delay, 123 groups)",DLinear__ETTm1__h336__s2021,DLinear,ETTm1,336,0.4178638970075043,0.4236659729331855,0.0058020759256811605,1.3885085472165026,True
"online selector (legal H delay, 123 groups)",DLinear__ETTm1__h720__s2021,DLinear,ETTm1,720,0.4793989812496481,0.491793856395756,0.012394875146107931,2.5855030216789867,True
"online selector (legal H delay, 123 groups)",DLinear__ETTm2__h96__s2021,DLinear,ETTm2,96,0.1838207428273471,0.1889063873059369,0.005085644478589807,2.7666325357886725,True
"online selector (legal H delay, 123 groups)",DLinear__ETTm2__h192__s2021,DLinear,ETTm2,192,0.2485946270162981,0.2597437638159223,0.011149136799624204,4.484866359920666,True
"online selector (legal H delay, 123 groups)",DLinear__ETTm2__h336__s2021,DLinear,ETTm2,336,0.3133723884642382,0.3292492268695783,0.0158768384053401,5.066444584715526,True
"online selector (legal H delay, 123 groups)",DLinear__ETTm2__h720__s2021,DLinear,ETTm2,720,0.4331089779405724,0.4744836387065872,0.041374660766014815,9.552944610557553,True
"online selector (legal H delay, 123 groups)",DLinear__Electricity__h96__s2021,DLinear,Electricity,96,0.1978501514685085,0.1979745104747261,0.00012435900621760032,0.06285514835069224,True
"online selector (legal H delay, 123 groups)",DLinear__Electricity__h192__s2021,DLinear,Electricity,192,0.1983781585335022,0.1984653432492792,8.718471577698339e-05,0.04394874739310557,True
"online selector (legal H delay, 123 groups)",DLinear__Electricity__h336__s2021,DLinear,Electricity,336,0.2077432847063275,0.2084058610477668,0.0006625763414392916,0.31893995629073185,True
"online selector (legal H delay, 123 groups)",DLinear__Electricity__h720__s2021,DLinear,Electricity,720,0.2462345259378668,0.247985180651633,0.0017506547137662032,0.7109704486396647,True
"online selector (legal H delay, 123 groups)",DLinear__Exchange__h96__s2021,DLinear,Exchange,96,0.0843688099480727,0.0891184208375229,0.004749610889450195,5.629581467811961,True
"online selector (legal H delay, 123 groups)",DLinear__Exchange__h192__s2021,DLinear,Exchange,192,0.1655218323998192,0.208083006354604,0.04256117395478479,25.71332937637976,True
"online selector (legal H delay, 123 groups)",DLinear__Exchange__h336__s2021,DLinear,Exchange,336,0.3375377591355895,0.3888216399836484,0.051283880848058905,15.19352411990686,True
"online selector (legal H delay, 123 groups)",DLinear__ILI__h24__s2021,DLinear,ILI,24,4.659533088337885,4.659533088337885,0.0,0.0,False
"online selector (legal H delay, 123 groups)",DLinear__ILI__h36__s2021,DLinear,ILI,36,4.584057433683364,4.584057433683364,0.0,0.0,False
"online selector (legal H delay, 123 groups)",DLinear__ILI__h48__s2021,DLinear,ILI,48,4.631771879536765,4.631771879536765,0.0,0.0,False
"online selector (legal H delay, 123 groups)",DLinear__ILI__h60__s2021,DLinear,ILI,60,5.180872926840911,5.180872926840911,0.0,0.0,False
"online selector (legal H delay, 123 groups)",DLinear__Weather__h96__s2021,DLinear,Weather,96,0.1957745452013311,0.1967943998784111,0.0010198546770799899,0.5209332377869601,True
"online selector (legal H delay, 123 groups)",DLinear__Weather__h192__s2021,DLinear,Weather,192,0.2365918118754631,0.2405896103336039,0.0039977984581408,1.6897450619487862,True
"online selector (legal H delay, 123 groups)",DLinear__Weather__h336__s2021,DLinear,Weather,336,0.2818443190599374,0.2825737573239645,0.0007294382640271047,0.2588089291492802,True
"online selector (legal H delay, 123 groups)",DLinear__Weather__h720__s2021,DLinear,Weather,720,0.3511456251897654,0.353374207205661,0.002228582015895597,0.6346603391943817,True
"online selector (legal H delay, 123 groups)",PatchTST__ETTh1__h96__s2021,PatchTST,ETTh1,96,0.3893129802317635,0.3997515395045413,0.010438559272777814,2.681276968099957,True
"online selector (legal H delay, 123 groups)",PatchTST__ETTh1__h192__s2021,PatchTST,ETTh1,192,0.4390775629482987,0.4512262834899178,0.012148720541619085,2.7668734562621218,True
"online selector (legal H delay, 123 groups)",PatchTST__ETTh1__h336__s2021,PatchTST,ETTh1,336,0.494042986790591,0.4948243247054183,0.0007813379148273181,0.1581518077815569,True
"online selector (legal H delay, 123 groups)",PatchTST__ETTh1__h720__s2021,PatchTST,ETTh1,720,0.5222119798807532,0.5207811900098485,-0.001430789870904725,-0.27398641280336866,False
"online selector (legal H delay, 123 groups)",PatchTST__ETTh2__h96__s2021,PatchTST,ETTh2,96,0.2945726362288042,0.3014498778953788,0.006877241666574607,2.334650548203951,True
"online selector (legal H delay, 123 groups)",PatchTST__ETTh2__h192__s2021,PatchTST,ETTh2,192,0.3923403812534316,0.3972474105960495,0.004907029342617886,1.2507071861787784,True
"online selector (legal H delay, 123 groups)",PatchTST__ETTh2__h336__s2021,PatchTST,ETTh2,336,0.4669389677613015,0.4661981245277693,-0.0007408432335321846,-0.15865954325553366,False
"online selector (legal H delay, 123 groups)",PatchTST__ETTh2__h720__s2021,PatchTST,ETTh2,720,0.5231124813320073,0.5194046522783455,-0.0037078290536617375,-0.7088014883950866,False
"online selector (legal H delay, 123 groups)",PatchTST__ETTm1__h96__s2021,PatchTST,ETTm1,96,0.3279506520850138,0.3386023957487822,0.01065174366376842,3.2479714847486254,True
"online selector (legal H delay, 123 groups)",PatchTST__ETTm1__h192__s2021,PatchTST,ETTm1,192,0.3708116270005007,0.375062390860537,0.004250763860036311,1.1463405002752438,True
"online selector (legal H delay, 123 groups)",PatchTST__ETTm1__h336__s2021,PatchTST,ETTm1,336,0.4050482395816282,0.4149463690349677,0.009898129453339455,2.443691512784544,True
"online selector (legal H delay, 123 groups)",PatchTST__ETTm1__h720__s2021,PatchTST,ETTm1,720,0.4696751251445735,0.4828879609327091,0.01321283578813559,2.813186196324208,True
"online selector (legal H delay, 123 groups)",PatchTST__ETTm2__h96__s2021,PatchTST,ETTm2,96,0.1773566281379731,0.1795788891389058,0.0022222610009327015,1.252990104888503,True
"online selector (legal H delay, 123 groups)",PatchTST__ETTm2__h192__s2021,PatchTST,ETTm2,192,0.2448772783573896,0.2457500288527717,0.0008727504953821019,0.35640321602576536,True
"online selector (legal H delay, 123 groups)",PatchTST__ETTm2__h336__s2021,PatchTST,ETTm2,336,0.3100780744065402,0.3143292460169964,0.004251171610456184,1.3710003903347632,True
"online selector (legal H delay, 123 groups)",PatchTST__ETTm2__h720__s2021,PatchTST,ETTm2,720,0.4222567841889555,0.4299157321280891,0.007658947939133576,1.8138128801990487,True
"online selector (legal H delay, 123 groups)",PatchTST__Electricity__h96__s2021,PatchTST,Electricity,96,0.1928020625083633,0.1928020625083633,0.0,0.0,False
"online selector (legal H delay, 123 groups)",PatchTST__Electricity__h192__s2021,PatchTST,Electricity,192,0.1983613488015176,0.1983613488015176,0.0,0.0,False
"online selector (legal H delay, 123 groups)",PatchTST__Electricity__h336__s2021,PatchTST,Electricity,336,0.2089986473071884,0.2089986473071884,0.0,0.0,False
"online selector (legal H delay, 123 groups)",PatchTST__Electricity__h720__s2021,PatchTST,Electricity,720,0.2530589701266102,0.2530589701266102,0.0,0.0,False
"online selector (legal H delay, 123 groups)",PatchTST__Exchange__h96__s2021,PatchTST,Exchange,96,0.0855352474400439,0.0840982989545737,-0.0014369484854701992,-1.679948943244048,False
"online selector (legal H delay, 123 groups)",PatchTST__Exchange__h192__s2021,PatchTST,Exchange,192,0.1696074854671245,0.1715242115885834,0.0019167261214588782,1.1300952408910057,True
"online selector (legal H delay, 123 groups)",PatchTST__Exchange__h336__s2021,PatchTST,Exchange,336,0.3610316525360935,0.345328025775246,-0.015703626760847467,-4.349653735492769,False
"online selector (legal H delay, 123 groups)",PatchTST__ILI__h24__s2021,PatchTST,ILI,24,2.685893581950501,2.686581356374368,0.0006877744238669159,0.02560691266730876,True
"online selector (legal H delay, 123 groups)",PatchTST__ILI__h36__s2021,PatchTST,ILI,36,2.898173527395139,2.898173527395139,0.0,0.0,False
"online selector (legal H delay, 123 groups)",PatchTST__ILI__h48__s2021,PatchTST,ILI,48,3.239153698390844,3.239153698390844,0.0,0.0,False
"online selector (legal H delay, 123 groups)",PatchTST__ILI__h60__s2021,PatchTST,ILI,60,3.7281732414219833,3.7281732414219833,0.0,0.0,False
"online selector (legal H delay, 123 groups)",PatchTST__Weather__h96__s2021,PatchTST,Weather,96,0.1841661097976128,0.1836073276151949,-0.000558782182417894,-0.30341205720855,False
"online selector (legal H delay, 123 groups)",PatchTST__Weather__h192__s2021,PatchTST,Weather,192,0.2285217334846105,0.2307719125681274,0.0022501790835169067,0.9846674314976883,True
"online selector (legal H delay, 123 groups)",PatchTST__Weather__h336__s2021,PatchTST,Weather,336,0.283273423132481,0.2838905350862725,0.0006171119537914938,0.2178502829412569,True
"online selector (legal H delay, 123 groups)",PatchTST__Weather__h720__s2021,PatchTST,Weather,720,0.3620340862002346,0.365184570475594,0.003150484275359411,0.8702175832186515,True
"online selector (legal H delay, 123 groups)",TimesNet__ETTh1__h96__s2021,TimesNet,ETTh1,96,0.4248348514900282,0.4105968223091571,-0.014238029180871081,-3.351426826432407,False
"online selector (legal H delay, 123 groups)",TimesNet__ETTh1__h192__s2021,TimesNet,ETTh1,192,0.5297284952559183,0.4859732933995911,-0.04375520185632714,-8.25992980332094,False
"online selector (legal H delay, 123 groups)",TimesNet__ETTh1__h336__s2021,TimesNet,ETTh1,336,0.5544676777732593,0.5270285951762029,-0.027439082597056408,-4.948725362540823,False
"online selector (legal H delay, 123 groups)",TimesNet__ETTh1__h720__s2021,TimesNet,ETTh1,720,0.7076273425886153,0.611800758231439,-0.09582658435717628,-13.541956138470729,False
"online selector (legal H delay, 123 groups)",TimesNet__ETTh2__h96__s2021,TimesNet,ETTh2,96,0.331527772830926,0.323296667530706,-0.008231105300219976,-2.4827800186796756,False
"online selector (legal H delay, 123 groups)",TimesNet__ETTh2__h192__s2021,TimesNet,ETTh2,192,0.4098987412580405,0.4320003313747558,0.02210159011671531,5.391963402688728,True
"online selector (legal H delay, 123 groups)",TimesNet__ETTh2__h336__s2021,TimesNet,ETTh2,336,0.5324637145950762,0.539788339825009,0.007324625229932713,1.3756102113930686,True
"online selector (legal H delay, 123 groups)",TimesNet__ETTh2__h720__s2021,TimesNet,ETTh2,720,0.6176990944424244,0.6290448020308651,0.011345707588440668,1.8367693413379609,True
"online selector (legal H delay, 123 groups)",TimesNet__ETTm1__h96__s2021,TimesNet,ETTm1,96,0.3361525413006352,0.3403977390751275,0.004245197774492282,1.2628783819592264,True
"online selector (legal H delay, 123 groups)",TimesNet__ETTm1__h192__s2021,TimesNet,ETTm1,192,0.387752390468721,0.3874963220863493,-0.00025606838237168805,-0.06603914989721886,False
"online selector (legal H delay, 123 groups)",TimesNet__ETTm1__h336__s2021,TimesNet,ETTm1,336,0.4280587366787022,0.410773565464085,-0.0172851712146172,-4.038037244311947,False
"online selector (legal H delay, 123 groups)",TimesNet__ETTm1__h720__s2021,TimesNet,ETTm1,720,0.5150795393390512,0.5206295211005219,0.0055499817614707014,1.0774999466281314,True
"online selector (legal H delay, 123 groups)",TimesNet__ETTm2__h96__s2021,TimesNet,ETTm2,96,0.1792415863415805,0.1812152447582924,0.0019736584167119042,1.1011163519556815,True
"online selector (legal H delay, 123 groups)",TimesNet__ETTm2__h192__s2021,TimesNet,ETTm2,192,0.2544920977796763,0.2632415118397535,0.008749414060077176,3.4379904666634813,True
"online selector (legal H delay, 123 groups)",TimesNet__ETTm2__h336__s2021,TimesNet,ETTm2,336,0.316157193680531,0.3236439291129234,0.007486735432392366,2.3680420948945815,True
"online selector (legal H delay, 123 groups)",TimesNet__ETTm2__h720__s2021,TimesNet,ETTm2,720,0.5111453521949806,0.4540709290243652,-0.057074423170615396,-11.165986920457,False
"online selector (legal H delay, 123 groups)",TimesNet__Electricity__h96__s2021,TimesNet,Electricity,96,0.1792551298352194,0.1807144009198609,0.0014592710846415002,0.8140749366464087,True
"online selector (legal H delay, 123 groups)",TimesNet__Electricity__h192__s2021,TimesNet,Electricity,192,0.1956406971220112,0.1956795951871322,3.889806512100136e-05,0.019882399568808835,True
"online selector (legal H delay, 123 groups)",TimesNet__Electricity__h336__s2021,TimesNet,Electricity,336,0.208501096913097,0.208501096913097,0.0,0.0,False
"online selector (legal H delay, 123 groups)",TimesNet__Electricity__h720__s2021,TimesNet,Electricity,720,0.2969017898504474,0.29698681949524,8.502964479256692e-05,0.028638980194561056,True
"online selector (legal H delay, 123 groups)",TimesNet__Exchange__h96__s2021,TimesNet,Exchange,96,0.10332807895712,0.0967112445422809,-0.006616834414839096,-6.4037137645663655,False
"online selector (legal H delay, 123 groups)",TimesNet__Exchange__h192__s2021,TimesNet,Exchange,192,0.180834528272298,0.1806935168083303,-0.0001410114639677218,-0.07797817447527984,False
"online selector (legal H delay, 123 groups)",TimesNet__Exchange__h336__s2021,TimesNet,Exchange,336,0.3745758064425865,0.4282372126060738,0.0536614061634873,14.32591353753444,True
"online selector (legal H delay, 123 groups)",TimesNet__ILI__h24__s2021,TimesNet,ILI,24,2.56562716248509,2.56562716248509,0.0,0.0,False
"online selector (legal H delay, 123 groups)",TimesNet__ILI__h36__s2021,TimesNet,ILI,36,3.165487760403117,3.165487760403117,0.0,0.0,False
"online selector (legal H delay, 123 groups)",TimesNet__ILI__h48__s2021,TimesNet,ILI,48,3.4584499548892587,3.4584499548892587,0.0,0.0,False
"online selector (legal H delay, 123 groups)",TimesNet__ILI__h60__s2021,TimesNet,ILI,60,3.76242300143113,3.76242300143113,0.0,0.0,False
"online selector (legal H delay, 123 groups)",TimesNet__Weather__h96__s2021,TimesNet,Weather,96,0.1649980396713635,0.1670626406127656,0.002064600941402095,1.2512881640983642,True
"online selector (legal H delay, 123 groups)",TimesNet__Weather__h192__s2021,TimesNet,Weather,192,0.2177386334387482,0.2205555457759365,0.00281691233718831,1.293712692461043,True
"online selector (legal H delay, 123 groups)",TimesNet__Weather__h336__s2021,TimesNet,Weather,336,0.2752036343517033,0.2819340893818291,0.006730455030125815,2.4456272338047915,True
"online selector (legal H delay, 123 groups)",iTransformer__ETTh1__h96__s2021,iTransformer,ETTh1,96,0.3842914841318272,0.3918165221572055,0.00752503802537835,1.958158933024122,True
"online selector (legal H delay, 123 groups)",iTransformer__ETTh1__h192__s2021,iTransformer,ETTh1,192,0.4492758067610458,0.4393999828999168,-0.009875823861129007,-2.1981650719914274,False
"online selector (legal H delay, 123 groups)",iTransformer__ETTh1__h336__s2021,iTransformer,ETTh1,336,0.4944394508966119,0.4964957101993185,0.0020562593027065867,0.41587686803263474,True
"online selector (legal H delay, 123 groups)",iTransformer__ETTh1__h720__s2021,iTransformer,ETTh1,720,0.5215753044294533,0.5238921698764494,0.0023168654469960526,0.44420535775374786,True
"online selector (legal H delay, 123 groups)",iTransformer__ETTh2__h96__s2021,iTransformer,ETTh2,96,0.29880796442021,0.300763803763144,0.0019558393429339738,0.6545472597187874,True
"online selector (legal H delay, 123 groups)",iTransformer__ETTh2__h192__s2021,iTransformer,ETTh2,192,0.3984538446597137,0.4083490885889644,0.00989524392925073,2.4834103276632797,True
"online selector (legal H delay, 123 groups)",iTransformer__ETTh2__h336__s2021,iTransformer,ETTh2,336,0.4606399611279456,0.4640509952863129,0.0034110341583672987,0.7404989680041812,True
"online selector (legal H delay, 123 groups)",iTransformer__ETTh2__h720__s2021,iTransformer,ETTh2,720,0.6154558429239857,0.6149787963843031,-0.0004770465396826129,-0.07751109119643738,False
"online selector (legal H delay, 123 groups)",iTransformer__ETTm1__h96__s2021,iTransformer,ETTm1,96,0.3330669713926968,0.3408008423740002,0.0077338709813034034,2.322016785082216,True
"online selector (legal H delay, 123 groups)",iTransformer__ETTm1__h192__s2021,iTransformer,ETTm1,192,0.380008187526321,0.3850668183131257,0.005058630786804741,1.331189946125663,True
"online selector (legal H delay, 123 groups)",iTransformer__ETTm1__h336__s2021,iTransformer,ETTm1,336,0.4173887210973386,0.4215096536093576,0.004120932512019004,0.9873128581876479,True
"online selector (legal H delay, 123 groups)",iTransformer__ETTm1__h720__s2021,iTransformer,ETTm1,720,0.5231367071157244,0.5089697422116608,-0.01416696490406355,-2.7080808345818568,False
"online selector (legal H delay, 123 groups)",iTransformer__ETTm2__h96__s2021,iTransformer,ETTm2,96,0.1816880798514977,0.1839494372853924,0.0022613574338946896,1.244637202255098,True
"online selector (legal H delay, 123 groups)",iTransformer__ETTm2__h192__s2021,iTransformer,ETTm2,192,0.2475146932093078,0.251021203295713,0.003506510086405179,1.4166876482924353,True
"online selector (legal H delay, 123 groups)",iTransformer__ETTm2__h336__s2021,iTransformer,ETTm2,336,0.3096213085675269,0.3120653397304164,0.002444031162889493,0.7893614216014018,True
"online selector (legal H delay, 123 groups)",iTransformer__ETTm2__h720__s2021,iTransformer,ETTm2,720,0.4314784762118736,0.4325475216158715,0.001069045403997937,0.24776332144850532,True
"online selector (legal H delay, 123 groups)",iTransformer__Electricity__h96__s2021,iTransformer,Electricity,96,0.1586344890732999,0.1586994371248505,6.494805155057848e-05,0.04094194896077616,True
"online selector (legal H delay, 123 groups)",iTransformer__Electricity__h192__s2021,iTransformer,Electricity,192,0.173002531177958,0.1733079788022802,0.0003054476243221915,0.17655673720056425,True
"online selector (legal H delay, 123 groups)",iTransformer__Electricity__h336__s2021,iTransformer,Electricity,336,0.1862198644134831,0.1882929313391297,0.0020730669256465994,1.1132361910883772,True
"online selector (legal H delay, 123 groups)",iTransformer__Electricity__h720__s2021,iTransformer,Electricity,720,0.2250850078043155,0.2283807893802095,0.003295781575893997,1.4642386039141642,True
"online selector (legal H delay, 123 groups)",iTransformer__Exchange__h96__s2021,iTransformer,Exchange,96,0.1136568332874801,0.0915343770328881,-0.022122456254592,-19.46425535069778,False
"online selector (legal H delay, 123 groups)",iTransformer__Exchange__h192__s2021,iTransformer,Exchange,192,0.1812181205404971,0.1810001599745302,-0.0002179605659669015,-0.12027526017642011,False
"online selector (legal H delay, 123 groups)",iTransformer__Exchange__h336__s2021,iTransformer,Exchange,336,0.3616280150258513,0.3602839727262937,-0.0013440422995575907,-0.3716643190549025,False
"online selector (legal H delay, 123 groups)",iTransformer__ILI__h24__s2021,iTransformer,ILI,24,2.261683749468768,2.261683749468768,0.0,0.0,False
"online selector (legal H delay, 123 groups)",iTransformer__ILI__h36__s2021,iTransformer,ILI,36,2.3359365151798137,2.3359365151798137,0.0,0.0,False
"online selector (legal H delay, 123 groups)",iTransformer__ILI__h48__s2021,iTransformer,ILI,48,2.769364740775556,2.769364740775556,0.0,0.0,False
"online selector (legal H delay, 123 groups)",iTransformer__ILI__h60__s2021,iTransformer,ILI,60,3.2205425363940163,3.246952062523043,0.026409526129026695,0.8200334518356328,True
"online selector (legal H delay, 123 groups)",iTransformer__Weather__h96__s2021,iTransformer,Weather,96,0.1730217028959684,0.1748673181501507,0.0018456152541822812,1.066695809422233,True
"online selector (legal H delay, 123 groups)",iTransformer__Weather__h192__s2021,iTransformer,Weather,192,0.2243749134751662,0.2237905029478171,-0.0005844105273490885,-0.26046161680805324,False
"online selector (legal H delay, 123 groups)",iTransformer__Weather__h336__s2021,iTransformer,Weather,336,0.2798738396735231,0.2808169210110695,0.000943081337546392,0.3369665913207573,True
"online selector (legal H delay, 123 groups)",iTransformer__Weather__h720__s2021,iTransformer,Weather,720,0.3597964317425267,0.361369587708633,0.0015731559661062988,0.43723501049950997,True
online selector (all 127 groups),DLinear__ETTh1__h96__s2021,DLinear,ETTh1,96,0.4013152624559739,0.4069769975863322,0.005661735130358336,1.410794868779618,True
online selector (all 127 groups),DLinear__ETTh1__h192__s2021,DLinear,ETTh1,192,0.4538370510089574,0.4692054844148454,0.015368433405888005,3.3863329077520996,True
online selector (all 127 groups),DLinear__ETTh1__h336__s2021,DLinear,ETTh1,336,0.5114633971584928,0.509477198953648,-0.0019861982048448024,-0.3883363337199509,False
online selector (all 127 groups),DLinear__ETTh1__h720__s2021,DLinear,ETTh1,720,0.5726253633115294,0.5369571087510945,-0.035668254560434876,-6.228898830845191,False
online selector (all 127 groups),DLinear__ETTh2__h96__s2021,DLinear,ETTh2,96,0.3017432909734566,0.3203598024644298,0.01861651149097321,6.169652167216154,True
online selector (all 127 groups),DLinear__ETTh2__h192__s2021,DLinear,ETTh2,192,0.4021790945991235,0.4353879198079878,0.03320882520886431,8.257223126419731,True
online selector (all 127 groups),DLinear__ETTh2__h336__s2021,DLinear,ETTh2,336,0.4687455826151851,0.4785321164301155,0.009786533814930387,2.0878135555603956,True
online selector (all 127 groups),DLinear__ETTh2__h720__s2021,DLinear,ETTh2,720,0.522277882535949,0.6013489180683345,0.07907103553238548,15.139648485295169,True
online selector (all 127 groups),DLinear__ETTm1__h96__s2021,DLinear,ETTm1,96,0.3414131243949874,0.3447208704767386,0.003307746081751217,0.9688397561203367,True
online selector (all 127 groups),DLinear__ETTm1__h192__s2021,DLinear,ETTm1,192,0.3829268025359945,0.3875117754819412,0.00458497294594673,1.1973497064143872,True
online selector (all 127 groups),DLinear__ETTm1__h336__s2021,DLinear,ETTm1,336,0.4178638970075043,0.4236659729331855,0.0058020759256811605,1.3885085472165026,True
online selector (all 127 groups),DLinear__ETTm1__h720__s2021,DLinear,ETTm1,720,0.4793989812496481,0.491793856395756,0.012394875146107931,2.5855030216789867,True
online selector (all 127 groups),DLinear__ETTm2__h96__s2021,DLinear,ETTm2,96,0.1838207428273471,0.1889063873059369,0.005085644478589807,2.7666325357886725,True
online selector (all 127 groups),DLinear__ETTm2__h192__s2021,DLinear,ETTm2,192,0.2485946270162981,0.2597437638159223,0.011149136799624204,4.484866359920666,True
online selector (all 127 groups),DLinear__ETTm2__h336__s2021,DLinear,ETTm2,336,0.3133723884642382,0.3292492268695783,0.0158768384053401,5.066444584715526,True
online selector (all 127 groups),DLinear__ETTm2__h720__s2021,DLinear,ETTm2,720,0.4331089779405724,0.4744836387065872,0.041374660766014815,9.552944610557553,True
online selector (all 127 groups),DLinear__Electricity__h96__s2021,DLinear,Electricity,96,0.1978501514685085,0.1979745104747261,0.00012435900621760032,0.06285514835069224,True
online selector (all 127 groups),DLinear__Electricity__h192__s2021,DLinear,Electricity,192,0.1983781585335022,0.1984653432492792,8.718471577698339e-05,0.04394874739310557,True
online selector (all 127 groups),DLinear__Electricity__h336__s2021,DLinear,Electricity,336,0.2077432847063275,0.2084058610477668,0.0006625763414392916,0.31893995629073185,True
online selector (all 127 groups),DLinear__Electricity__h720__s2021,DLinear,Electricity,720,0.2462345259378668,0.247985180651633,0.0017506547137662032,0.7109704486396647,True
online selector (all 127 groups),DLinear__Exchange__h96__s2021,DLinear,Exchange,96,0.0843688099480727,0.0891184208375229,0.004749610889450195,5.629581467811961,True
online selector (all 127 groups),DLinear__Exchange__h192__s2021,DLinear,Exchange,192,0.1655218323998192,0.208083006354604,0.04256117395478479,25.71332937637976,True
online selector (all 127 groups),DLinear__Exchange__h336__s2021,DLinear,Exchange,336,0.3375377591355895,0.3888216399836484,0.051283880848058905,15.19352411990686,True
online selector (all 127 groups),DLinear__Exchange__h720__s2021,DLinear,Exchange,720,1.073005827596612,1.0374762348662645,-0.03552959273034739,-3.311220854217435,False
online selector (all 127 groups),DLinear__ILI__h24__s2021,DLinear,ILI,24,4.659533088337885,4.659533088337885,0.0,0.0,False
online selector (all 127 groups),DLinear__ILI__h36__s2021,DLinear,ILI,36,4.584057433683364,4.584057433683364,0.0,0.0,False
online selector (all 127 groups),DLinear__ILI__h48__s2021,DLinear,ILI,48,4.631771879536765,4.631771879536765,0.0,0.0,False
online selector (all 127 groups),DLinear__ILI__h60__s2021,DLinear,ILI,60,5.180872926840911,5.180872926840911,0.0,0.0,False
online selector (all 127 groups),DLinear__Weather__h96__s2021,DLinear,Weather,96,0.1957745452013311,0.1967943998784111,0.0010198546770799899,0.5209332377869601,True
online selector (all 127 groups),DLinear__Weather__h192__s2021,DLinear,Weather,192,0.2365918118754631,0.2405896103336039,0.0039977984581408,1.6897450619487862,True
online selector (all 127 groups),DLinear__Weather__h336__s2021,DLinear,Weather,336,0.2818443190599374,0.2825737573239645,0.0007294382640271047,0.2588089291492802,True
online selector (all 127 groups),DLinear__Weather__h720__s2021,DLinear,Weather,720,0.3511456251897654,0.353374207205661,0.002228582015895597,0.6346603391943817,True
online selector (all 127 groups),PatchTST__ETTh1__h96__s2021,PatchTST,ETTh1,96,0.3893129802317635,0.3997515395045413,0.010438559272777814,2.681276968099957,True
online selector (all 127 groups),PatchTST__ETTh1__h192__s2021,PatchTST,ETTh1,192,0.4390775629482987,0.4512262834899178,0.012148720541619085,2.7668734562621218,True
online selector (all 127 groups),PatchTST__ETTh1__h336__s2021,PatchTST,ETTh1,336,0.494042986790591,0.4948243247054183,0.0007813379148273181,0.1581518077815569,True
online selector (all 127 groups),PatchTST__ETTh1__h720__s2021,PatchTST,ETTh1,720,0.5222119798807532,0.5207811900098485,-0.001430789870904725,-0.27398641280336866,False
online selector (all 127 groups),PatchTST__ETTh2__h96__s2021,PatchTST,ETTh2,96,0.2945726362288042,0.3014498778953788,0.006877241666574607,2.334650548203951,True
online selector (all 127 groups),PatchTST__ETTh2__h192__s2021,PatchTST,ETTh2,192,0.3923403812534316,0.3972474105960495,0.004907029342617886,1.2507071861787784,True
online selector (all 127 groups),PatchTST__ETTh2__h336__s2021,PatchTST,ETTh2,336,0.4669389677613015,0.4661981245277693,-0.0007408432335321846,-0.15865954325553366,False
online selector (all 127 groups),PatchTST__ETTh2__h720__s2021,PatchTST,ETTh2,720,0.5231124813320073,0.5194046522783455,-0.0037078290536617375,-0.7088014883950866,False
online selector (all 127 groups),PatchTST__ETTm1__h96__s2021,PatchTST,ETTm1,96,0.3279506520850138,0.3386023957487822,0.01065174366376842,3.2479714847486254,True
online selector (all 127 groups),PatchTST__ETTm1__h192__s2021,PatchTST,ETTm1,192,0.3708116270005007,0.375062390860537,0.004250763860036311,1.1463405002752438,True
online selector (all 127 groups),PatchTST__ETTm1__h336__s2021,PatchTST,ETTm1,336,0.4050482395816282,0.4149463690349677,0.009898129453339455,2.443691512784544,True
online selector (all 127 groups),PatchTST__ETTm1__h720__s2021,PatchTST,ETTm1,720,0.4696751251445735,0.4828879609327091,0.01321283578813559,2.813186196324208,True
online selector (all 127 groups),PatchTST__ETTm2__h96__s2021,PatchTST,ETTm2,96,0.1773566281379731,0.1795788891389058,0.0022222610009327015,1.252990104888503,True
online selector (all 127 groups),PatchTST__ETTm2__h192__s2021,PatchTST,ETTm2,192,0.2448772783573896,0.2457500288527717,0.0008727504953821019,0.35640321602576536,True
online selector (all 127 groups),PatchTST__ETTm2__h336__s2021,PatchTST,ETTm2,336,0.3100780744065402,0.3143292460169964,0.004251171610456184,1.3710003903347632,True
online selector (all 127 groups),PatchTST__ETTm2__h720__s2021,PatchTST,ETTm2,720,0.4222567841889555,0.4299157321280891,0.007658947939133576,1.8138128801990487,True
online selector (all 127 groups),PatchTST__Electricity__h96__s2021,PatchTST,Electricity,96,0.1928020625083633,0.1928020625083633,0.0,0.0,False
online selector (all 127 groups),PatchTST__Electricity__h192__s2021,PatchTST,Electricity,192,0.1983613488015176,0.1983613488015176,0.0,0.0,False
online selector (all 127 groups),PatchTST__Electricity__h336__s2021,PatchTST,Electricity,336,0.2089986473071884,0.2089986473071884,0.0,0.0,False
online selector (all 127 groups),PatchTST__Electricity__h720__s2021,PatchTST,Electricity,720,0.2530589701266102,0.2530589701266102,0.0,0.0,False
online selector (all 127 groups),PatchTST__Exchange__h96__s2021,PatchTST,Exchange,96,0.0855352474400439,0.0840982989545737,-0.0014369484854701992,-1.679948943244048,False
online selector (all 127 groups),PatchTST__Exchange__h192__s2021,PatchTST,Exchange,192,0.1696074854671245,0.1715242115885834,0.0019167261214588782,1.1300952408910057,True
online selector (all 127 groups),PatchTST__Exchange__h336__s2021,PatchTST,Exchange,336,0.3610316525360935,0.345328025775246,-0.015703626760847467,-4.349653735492769,False
online selector (all 127 groups),PatchTST__Exchange__h720__s2021,PatchTST,Exchange,720,1.0784906318462582,1.075993127243262,-0.0024975046029962478,-0.23157406557355004,False
online selector (all 127 groups),PatchTST__ILI__h24__s2021,PatchTST,ILI,24,2.685893581950501,2.686581356374368,0.0006877744238669159,0.02560691266730876,True
online selector (all 127 groups),PatchTST__ILI__h36__s2021,PatchTST,ILI,36,2.898173527395139,2.898173527395139,0.0,0.0,False
online selector (all 127 groups),PatchTST__ILI__h48__s2021,PatchTST,ILI,48,3.239153698390844,3.239153698390844,0.0,0.0,False
online selector (all 127 groups),PatchTST__ILI__h60__s2021,PatchTST,ILI,60,3.7281732414219833,3.7281732414219833,0.0,0.0,False
online selector (all 127 groups),PatchTST__Weather__h96__s2021,PatchTST,Weather,96,0.1841661097976128,0.1836073276151949,-0.000558782182417894,-0.30341205720855,False
online selector (all 127 groups),PatchTST__Weather__h192__s2021,PatchTST,Weather,192,0.2285217334846105,0.2307719125681274,0.0022501790835169067,0.9846674314976883,True
online selector (all 127 groups),PatchTST__Weather__h336__s2021,PatchTST,Weather,336,0.283273423132481,0.2838905350862725,0.0006171119537914938,0.2178502829412569,True
online selector (all 127 groups),PatchTST__Weather__h720__s2021,PatchTST,Weather,720,0.3620340862002346,0.365184570475594,0.003150484275359411,0.8702175832186515,True
online selector (all 127 groups),TimesNet__ETTh1__h96__s2021,TimesNet,ETTh1,96,0.4248348514900282,0.4105968223091571,-0.014238029180871081,-3.351426826432407,False
online selector (all 127 groups),TimesNet__ETTh1__h192__s2021,TimesNet,ETTh1,192,0.5297284952559183,0.4859732933995911,-0.04375520185632714,-8.25992980332094,False
online selector (all 127 groups),TimesNet__ETTh1__h336__s2021,TimesNet,ETTh1,336,0.5544676777732593,0.5270285951762029,-0.027439082597056408,-4.948725362540823,False
online selector (all 127 groups),TimesNet__ETTh1__h720__s2021,TimesNet,ETTh1,720,0.7076273425886153,0.611800758231439,-0.09582658435717628,-13.541956138470729,False
online selector (all 127 groups),TimesNet__ETTh2__h96__s2021,TimesNet,ETTh2,96,0.331527772830926,0.323296667530706,-0.008231105300219976,-2.4827800186796756,False
online selector (all 127 groups),TimesNet__ETTh2__h192__s2021,TimesNet,ETTh2,192,0.4098987412580405,0.4320003313747558,0.02210159011671531,5.391963402688728,True
online selector (all 127 groups),TimesNet__ETTh2__h336__s2021,TimesNet,ETTh2,336,0.5324637145950762,0.539788339825009,0.007324625229932713,1.3756102113930686,True
online selector (all 127 groups),TimesNet__ETTh2__h720__s2021,TimesNet,ETTh2,720,0.6176990944424244,0.6290448020308651,0.011345707588440668,1.8367693413379609,True
online selector (all 127 groups),TimesNet__ETTm1__h96__s2021,TimesNet,ETTm1,96,0.3361525413006352,0.3403977390751275,0.004245197774492282,1.2628783819592264,True
online selector (all 127 groups),TimesNet__ETTm1__h192__s2021,TimesNet,ETTm1,192,0.387752390468721,0.3874963220863493,-0.00025606838237168805,-0.06603914989721886,False
online selector (all 127 groups),TimesNet__ETTm1__h336__s2021,TimesNet,ETTm1,336,0.4280587366787022,0.410773565464085,-0.0172851712146172,-4.038037244311947,False
online selector (all 127 groups),TimesNet__ETTm1__h720__s2021,TimesNet,ETTm1,720,0.5150795393390512,0.5206295211005219,0.0055499817614707014,1.0774999466281314,True
online selector (all 127 groups),TimesNet__ETTm2__h96__s2021,TimesNet,ETTm2,96,0.1792415863415805,0.1812152447582924,0.0019736584167119042,1.1011163519556815,True
online selector (all 127 groups),TimesNet__ETTm2__h192__s2021,TimesNet,ETTm2,192,0.2544920977796763,0.2632415118397535,0.008749414060077176,3.4379904666634813,True
online selector (all 127 groups),TimesNet__ETTm2__h336__s2021,TimesNet,ETTm2,336,0.316157193680531,0.3236439291129234,0.007486735432392366,2.3680420948945815,True
online selector (all 127 groups),TimesNet__ETTm2__h720__s2021,TimesNet,ETTm2,720,0.5111453521949806,0.4540709290243652,-0.057074423170615396,-11.165986920457,False
online selector (all 127 groups),TimesNet__Electricity__h96__s2021,TimesNet,Electricity,96,0.1792551298352194,0.1807144009198609,0.0014592710846415002,0.8140749366464087,True
online selector (all 127 groups),TimesNet__Electricity__h192__s2021,TimesNet,Electricity,192,0.1956406971220112,0.1956795951871322,3.889806512100136e-05,0.019882399568808835,True
online selector (all 127 groups),TimesNet__Electricity__h336__s2021,TimesNet,Electricity,336,0.208501096913097,0.208501096913097,0.0,0.0,False
online selector (all 127 groups),TimesNet__Electricity__h720__s2021,TimesNet,Electricity,720,0.2969017898504474,0.29698681949524,8.502964479256692e-05,0.028638980194561056,True
online selector (all 127 groups),TimesNet__Exchange__h96__s2021,TimesNet,Exchange,96,0.10332807895712,0.0967112445422809,-0.006616834414839096,-6.4037137645663655,False
online selector (all 127 groups),TimesNet__Exchange__h192__s2021,TimesNet,Exchange,192,0.180834528272298,0.1806935168083303,-0.0001410114639677218,-0.07797817447527984,False
online selector (all 127 groups),TimesNet__Exchange__h336__s2021,TimesNet,Exchange,336,0.3745758064425865,0.4282372126060738,0.0536614061634873,14.32591353753444,True
online selector (all 127 groups),TimesNet__Exchange__h720__s2021,TimesNet,Exchange,720,1.2487127991547262,1.1967331596783228,-0.05197963947640338,-4.162657699319591,False
online selector (all 127 groups),TimesNet__ILI__h24__s2021,TimesNet,ILI,24,2.56562716248509,2.56562716248509,0.0,0.0,False
online selector (all 127 groups),TimesNet__ILI__h36__s2021,TimesNet,ILI,36,3.165487760403117,3.165487760403117,0.0,0.0,False
online selector (all 127 groups),TimesNet__ILI__h48__s2021,TimesNet,ILI,48,3.4584499548892587,3.4584499548892587,0.0,0.0,False
online selector (all 127 groups),TimesNet__ILI__h60__s2021,TimesNet,ILI,60,3.76242300143113,3.76242300143113,0.0,0.0,False
online selector (all 127 groups),TimesNet__Weather__h96__s2021,TimesNet,Weather,96,0.1649980396713635,0.1670626406127656,0.002064600941402095,1.2512881640983642,True
online selector (all 127 groups),TimesNet__Weather__h192__s2021,TimesNet,Weather,192,0.2177386334387482,0.2205555457759365,0.00281691233718831,1.293712692461043,True
online selector (all 127 groups),TimesNet__Weather__h336__s2021,TimesNet,Weather,336,0.2752036343517033,0.2819340893818291,0.006730455030125815,2.4456272338047915,True
online selector (all 127 groups),iTransformer__ETTh1__h96__s2021,iTransformer,ETTh1,96,0.3842914841318272,0.3918165221572055,0.00752503802537835,1.958158933024122,True
online selector (all 127 groups),iTransformer__ETTh1__h192__s2021,iTransformer,ETTh1,192,0.4492758067610458,0.4393999828999168,-0.009875823861129007,-2.1981650719914274,False
online selector (all 127 groups),iTransformer__ETTh1__h336__s2021,iTransformer,ETTh1,336,0.4944394508966119,0.4964957101993185,0.0020562593027065867,0.41587686803263474,True
online selector (all 127 groups),iTransformer__ETTh1__h720__s2021,iTransformer,ETTh1,720,0.5215753044294533,0.5238921698764494,0.0023168654469960526,0.44420535775374786,True
online selector (all 127 groups),iTransformer__ETTh2__h96__s2021,iTransformer,ETTh2,96,0.29880796442021,0.300763803763144,0.0019558393429339738,0.6545472597187874,True
online selector (all 127 groups),iTransformer__ETTh2__h192__s2021,iTransformer,ETTh2,192,0.3984538446597137,0.4083490885889644,0.00989524392925073,2.4834103276632797,True
online selector (all 127 groups),iTransformer__ETTh2__h336__s2021,iTransformer,ETTh2,336,0.4606399611279456,0.4640509952863129,0.0034110341583672987,0.7404989680041812,True
online selector (all 127 groups),iTransformer__ETTh2__h720__s2021,iTransformer,ETTh2,720,0.6154558429239857,0.6149787963843031,-0.0004770465396826129,-0.07751109119643738,False
online selector (all 127 groups),iTransformer__ETTm1__h96__s2021,iTransformer,ETTm1,96,0.3330669713926968,0.3408008423740002,0.0077338709813034034,2.322016785082216,True
online selector (all 127 groups),iTransformer__ETTm1__h192__s2021,iTransformer,ETTm1,192,0.380008187526321,0.3850668183131257,0.005058630786804741,1.331189946125663,True
online selector (all 127 groups),iTransformer__ETTm1__h336__s2021,iTransformer,ETTm1,336,0.4173887210973386,0.4215096536093576,0.004120932512019004,0.9873128581876479,True
online selector (all 127 groups),iTransformer__ETTm1__h720__s2021,iTransformer,ETTm1,720,0.5231367071157244,0.5089697422116608,-0.01416696490406355,-2.7080808345818568,False
online selector (all 127 groups),iTransformer__ETTm2__h96__s2021,iTransformer,ETTm2,96,0.1816880798514977,0.1839494372853924,0.0022613574338946896,1.244637202255098,True
online selector (all 127 groups),iTransformer__ETTm2__h192__s2021,iTransformer,ETTm2,192,0.2475146932093078,0.251021203295713,0.003506510086405179,1.4166876482924353,True
online selector (all 127 groups),iTransformer__ETTm2__h336__s2021,iTransformer,ETTm2,336,0.3096213085675269,0.3120653397304164,0.002444031162889493,0.7893614216014018,True
online selector (all 127 groups),iTransformer__ETTm2__h720__s2021,iTransformer,ETTm2,720,0.4314784762118736,0.4325475216158715,0.001069045403997937,0.24776332144850532,True
online selector (all 127 groups),iTransformer__Electricity__h96__s2021,iTransformer,Electricity,96,0.1586344890732999,0.1586994371248505,6.494805155057848e-05,0.04094194896077616,True
online selector (all 127 groups),iTransformer__Electricity__h192__s2021,iTransformer,Electricity,192,0.173002531177958,0.1733079788022802,0.0003054476243221915,0.17655673720056425,True
online selector (all 127 groups),iTransformer__Electricity__h336__s2021,iTransformer,Electricity,336,0.1862198644134831,0.1882929313391297,0.0020730669256465994,1.1132361910883772,True
online selector (all 127 groups),iTransformer__Electricity__h720__s2021,iTransformer,Electricity,720,0.2250850078043155,0.2283807893802095,0.003295781575893997,1.4642386039141642,True
online selector (all 127 groups),iTransformer__Exchange__h96__s2021,iTransformer,Exchange,96,0.1136568332874801,0.0915343770328881,-0.022122456254592,-19.46425535069778,False
online selector (all 127 groups),iTransformer__Exchange__h192__s2021,iTransformer,Exchange,192,0.1812181205404971,0.1810001599745302,-0.0002179605659669015,-0.12027526017642011,False
online selector (all 127 groups),iTransformer__Exchange__h336__s2021,iTransformer,Exchange,336,0.3616280150258513,0.3602839727262937,-0.0013440422995575907,-0.3716643190549025,False
online selector (all 127 groups),iTransformer__Exchange__h720__s2021,iTransformer,Exchange,720,1.0600407081737853,1.0692731261552126,0.009232417981427377,0.8709493805509396,True
online selector (all 127 groups),iTransformer__ILI__h24__s2021,iTransformer,ILI,24,2.261683749468768,2.261683749468768,0.0,0.0,False
online selector (all 127 groups),iTransformer__ILI__h36__s2021,iTransformer,ILI,36,2.3359365151798137,2.3359365151798137,0.0,0.0,False
online selector (all 127 groups),iTransformer__ILI__h48__s2021,iTransformer,ILI,48,2.769364740775556,2.769364740775556,0.0,0.0,False
online selector (all 127 groups),iTransformer__ILI__h60__s2021,iTransformer,ILI,60,3.2205425363940163,3.246952062523043,0.026409526129026695,0.8200334518356328,True
online selector (all 127 groups),iTransformer__Weather__h96__s2021,iTransformer,Weather,96,0.1730217028959684,0.1748673181501507,0.0018456152541822812,1.066695809422233,True
online selector (all 127 groups),iTransformer__Weather__h192__s2021,iTransformer,Weather,192,0.2243749134751662,0.2237905029478171,-0.0005844105273490885,-0.26046161680805324,False
online selector (all 127 groups),iTransformer__Weather__h336__s2021,iTransformer,Weather,336,0.2798738396735231,0.2808169210110695,0.000943081337546392,0.3369665913207573,True
online selector (all 127 groups),iTransformer__Weather__h720__s2021,iTransformer,Weather,720,0.3597964317425267,0.361369587708633,0.0015731559661062988,0.43723501049950997,True
