stratum_key,stratum,n_groups,underpowered,mean_oracle_gain_real_pct,mean_chance_persist,mean_excess_persist_lag1,mean_excess_persist_lagH,groups_z_gt2_lagH,groups_z_gt2_lag1,median_half_life_windows,iqr_half_life_windows,median_half_life_over_H,max_half_life_over_H,excess_abs1,excess_abs2,excess_abs4,excess_abs8,excess_abs16,excess_abs32,excess_abs64,excess_abs128,excess_abs256,excess_abs512,excess_abs1024
backbone,DLinear,32,False,14.731398185888102,0.34088443545971997,0.5722857851516343,-0.00963235831567105,10,32,14.755147485682478,10.530999159701668,0.07590585589464549,0.1858310821277493,0.5722857851516343,0.5200218896463589,0.4421575969214401,0.3420659933105469,0.238792060610795,0.15797939439231648,0.0955511902425597,0.02063247819007394,-0.013348299885757893,-0.0026743383679503985,-0.0005742575214792218
backbone,PatchTST,32,False,4.660248598257748,0.45277500719981423,0.3840581262084165,-0.009622900286883378,12,32,9.721525798791383,4.859203625992718,0.04706511695217115,0.1453877071862421,0.3840581262084165,0.3174651097955019,0.23819417644536295,0.19523035500747601,0.1351369688080991,0.07812869001869477,0.02856039897978102,-0.014612003096166178,-0.004459721812037592,0.007048506606303081,0.0010649578343095783
backbone,TimesNet,31,False,11.399463262069219,0.4059977298187904,0.47483196836065034,-0.001973809188389719,7,31,8.985199273865359,9.888207121325786,0.0527104197344746,0.3521154334489608,0.47483196836065034,0.41888991448394763,0.3472526015407439,0.2637508889152748,0.18531912895463826,0.09097280275005647,0.022509160694847492,-0.020638268722528504,-0.010104006923532806,0.01044335035860584,0.007581693755832976
backbone,iTransformer,32,False,9.830148867755087,0.38091982357142384,0.44429496763875115,-0.0046612244057504405,8,32,5.377040860805624,1.4636106118164678,0.029620298711762152,0.1983421496461934,0.44429496763875115,0.3586467482785179,0.25540951986689425,0.1549562465605498,0.09348395137689464,0.041059802135533986,0.01656254209121614,-0.01194538573278896,-0.0030189608112443636,0.0038858387609650995,0.013864102724937774
dataset,ETTh1,16,False,7.972177612519415,0.35587428209039895,0.5002228847168692,-0.01057250768134612,4,16,11.774673713982608,13.338767797419292,0.059510956143050645,0.1240958530094839,0.5002228847168692,0.42606308418548,0.34825508122417936,0.2962132014564848,0.22228299963966383,0.14490051682005012,0.06358057549994034,-0.002674862710128345,-0.02430352858606525,0.020811749787537442,0.016981523588633463
dataset,ETTh2,16,False,16.615514233560088,0.36042349698049014,0.4479423840659119,-0.021748311194357113,1,16,8.344523726962285,3.751637340200439,0.02996619270148055,0.1045284173395972,0.4479423840659119,0.38233276145629347,0.29689721508520367,0.2248510746747622,0.15970177581096753,0.10769592081301312,0.05454720539149967,0.014807784978335202,-0.017414748583784678,0.016375217441900743,0.007855598915340711
dataset,ETTm1,16,False,8.379514453536402,0.38084970748025093,0.49139710518146557,0.0013464012002642315,8,16,13.236199388042742,8.921599061754865,0.04955228992985035,0.1350892192047911,0.49139710518146557,0.43349246088687565,0.35519501942817566,0.27440491899703323,0.2075056000741428,0.15679112410357254,0.08074715183582595,0.027293502041019234,0.015909148416312063,0.009646950072013431,-0.01629756605501481
dataset,ETTm2,16,False,15.722759966223041,0.34014937512668814,0.4891834378605018,0.006753924535226068,8,16,8.966426814668969,6.209549313131395,0.03942255908264385,0.1206651946316941,0.4891834378605018,0.4209084210007742,0.34175580441011705,0.2700135634788115,0.1935079426533337,0.11416219491255634,0.0670020726827511,0.03324429089308835,0.007689498460143882,0.0008436212120986561,-0.006300076604136375
dataset,Electricity,16,False,1.08870741983056,0.6209798290443692,0.3143997120896562,-0.0046965669861598735,5,16,11.137681605082534,8.255336424686504,0.0545064822486599,0.1796052774800269,0.3143997120896562,0.2820620935047428,0.24653575492306362,0.2064535713363629,0.15544381023003,0.08366430474346584,0.02434043559478245,0.02111532305687485,-0.0034852372404603257,0.04162569093558724,0.022551196819135585
dataset,Exchange,16,False,16.148623398882865,0.3629830153894421,0.5334083393497718,0.03155002741487723,6,16,9.273874620963692,10.612032543018028,0.03793334296346435,0.1636199831173514,0.5334083393497718,0.4773367423293705,0.3983448644708138,0.3080163449222786,0.207407804159413,0.11779153385317159,0.043937157857036196,-0.018337092590581187,-0.03727887886578887,-0.05820551173134147,0.010631099918971975
dataset,ILI,16,False,7.627468998532105,0.4338264627852786,0.43301126452483385,-0.05559943226525134,1,16,3.5286951246430025,1.7249510832707386,0.0780326273405298,0.3521154334489608,0.43301126452483385,0.3339990276964619,0.19437102486197996,0.04607107191298079,-0.02781502077777541,-0.09331185305122472,-0.0627374674893211,-0.15892566913448491,,,
dataset,Weather,15,False,7.440304310374938,0.2994058294281647,0.5458128735011771,0.0013965265681409004,4,15,9.043336645269171,4.673500199756699,0.0471007116941102,0.1184463808447842,0.5458128735011771,0.4775169212729677,0.387167720052323,0.2874653762685614,0.18756998629484112,0.10549529197516803,0.05711213877425723,0.03374960697409646,0.00574508301371928,0.0010458114785679205,0.004031979601359726
pred_len,24,4,False,14.90063979358064,0.34735294117647053,0.5106352245040028,-0.12132554391619658,0,4,4.610078781287314,1.4655655729083055,0.19208661588697135,0.3521154334489608,0.5106352245040028,0.41306372549019604,0.30023742026931255,0.14030137981118374,-0.03566462948815885,-0.12271526001705026,-0.06669256381798,-0.1866386554621848,,,
pred_len,36,4,False,8.584121829350215,0.3933263900016023,0.46973093483916206,-0.08390016049340558,0,4,3.9197276066320645,2.4754803698593344,0.1088813224064462,0.1493406630298276,0.46973093483916206,0.3646864305112182,0.20245283077761841,0.023340276665064375,-0.002481319579067047,-0.08975496143017372,-0.0661987304271342,-0.051659723334935605,,,
pred_len,48,4,False,3.7270546153881594,0.4468708951022705,0.4065773807597983,-0.033605588979821605,0,4,3.57774688696714,0.8472613586428275,0.07453639347848205,0.0930391685455678,0.4065773807597983,0.3048652160088405,0.15524178095406743,0.038636351274541056,-0.008409356640732127,-0.07625686001455126,-0.08101723656568516,-0.14131533954671505,,,
pred_len,60,4,False,3.2980597558094074,0.5477556248607708,0.345101517996372,0.01643356432841843,1,4,2.9921982583412023,0.4815886488459986,0.04986997097235335,0.0594680879469365,0.345101517996372,0.2533807387755928,0.11955206744692146,-0.017993720098865976,-0.06470477740314362,-0.0845203307431237,-0.03704133914648505,-0.25608895819410415,,,
pred_len,96,28,False,11.043805137968297,0.35787218875732985,0.4813711948623976,0.003929545115391532,12,28,8.217545947631834,5.41186017005334,0.0855994369544982,0.1796052774800269,0.4813711948623976,0.41089301132156564,0.325154308621738,0.2429330353269705,0.16037893957655974,0.08456200652980983,0.0236306498635,-3.286222178206067e-05,-0.0032558146608341752,0.006972738987154947,0.002154035212163732
pred_len,192,28,False,9.834208870846725,0.3902445909742414,0.471345996176901,-0.006601866076936447,8,28,9.942421419615906,8.03746300480266,0.0517834448938328,0.1126711220261768,0.471345996176901,0.410103985756798,0.3345608323604411,0.26082818636838534,0.18248806887904268,0.11341741574205301,0.049493261574794466,0.004566784903917194,-0.01407234534579128,0.008950454912373923,0.0103975973028352
pred_len,336,28,False,9.834612505780347,0.41017967375503706,0.47015821970121,-0.008065238328083221,9,28,9.794789292431439,10.818480421714156,0.02915115860842685,0.0871500852117705,0.47015821970121,0.4159563488689657,0.34418233674038384,0.26810985343513116,0.1948069208977681,0.12498304179932108,0.0698567146367389,0.024368387452874316,-0.012838275772230704,0.005939498062949876,0.003846046844700702
pred_len,720,27,False,11.351399096288581,0.3999608163549507,0.47302012644482366,0.013471371675843407,7,27,15.303626244668749,15.859398917315083,0.0212550364509288,0.0574681240353508,0.47302012644482366,0.41789589431058816,0.3514861576747381,0.2955123458602414,0.2256399516151502,0.15331740405806085,0.08147030123341838,0.033487501908478226,-0.0004186479770566372,-0.003663137751338863,0.0054595085912959584
