metric,label,paper_section,unit,source,dataset,n_groups,n_backbones,n_horizons,mean_pct,median_pct,min_pct,max_pct,sd_pct,n_groups_positive,n_groups_negative,frac_groups_positive_pct,dataset_mean_sign
a_online_vs_bf,online delayed-feedback selector vs best_fixed_val (%),§9.3 (tab:online),"decision group = (backbone, dataset, pred_len) @ seed 2021",monday_final/p2/selector_window_online.csv (insufficient==False),ETTh1,16,4,4,1.623109600787605,0.05791730251080361,-3.386332907744638,13.541956138451592,4.630120851317409,8,8,50.0,1
a_online_vs_bf,online delayed-feedback selector vs best_fixed_val (%),§9.3 (tab:online),"decision group = (backbone, dataset, pred_len) @ seed 2021",monday_final/p2/selector_window_online.csv (insufficient==False),ETTh2,16,4,4,-2.76842140237803,-1.6061897763627364,-15.13964848526618,2.482780018672187,4.261328283364244,4,12,25.0,-1
a_online_vs_bf,online delayed-feedback selector vs best_fixed_val (%),§9.3 (tab:online),"decision group = (backbone, dataset, pred_len) @ seed 2021",monday_final/p2/selector_window_online.csv (insufficient==False),ETTm1,16,4,4,-0.9975082134194412,-1.2301140441833658,-3.247971484738704,4.038037244302501,1.9209731488751158,3,13,18.75,-1
a_online_vs_bf,online delayed-feedback selector vs best_fixed_val (%),§9.3 (tab:online),"decision group = (backbone, dataset, pred_len) @ seed 2021",monday_final/p2/selector_window_online.csv (insufficient==False),ETTm2,16,4,4,-1.6315441418109418,-1.3938440193085186,-9.552944610535484,11.165986920435156,4.135466165857552,1,15,6.25,-1
a_online_vs_bf,online delayed-feedback selector vs best_fixed_val (%),§9.3 (tab:online),"decision group = (backbone, dataset, pred_len) @ seed 2021",monday_final/p2/selector_window_online.csv (insufficient==False),Electricity,16,4,4,-0.299642756139026,-0.042445348176694,-1.464238603907671,0.0,0.46594584593281074,0,11,0.0,-1
a_online_vs_bf,online delayed-feedback selector vs best_fixed_val (%),§9.3 (tab:online),"decision group = (backbone, dataset, pred_len) @ seed 2021",monday_final/p2/selector_window_online.csv (insufficient==False),Exchange,12,4,3,-2.4604128495642827,0.09912671732529474,-25.71332937622439,19.46425535052658,11.674919470406607,7,5,58.333333333333336,-1
a_online_vs_bf,online delayed-feedback selector vs best_fixed_val (%),§9.3 (tab:online),"decision group = (backbone, dataset, pred_len) @ seed 2021",monday_final/p2/selector_window_online.csv (insufficient==False),ILI,16,4,4,-0.05285252278141734,0.0,-0.8200334518353782,0.0,0.20468127246618215,0,2,0.0,-1
a_online_vs_bf,online delayed-feedback selector vs best_fixed_val (%),§9.3 (tab:online),"decision group = (backbone, dataset, pred_len) @ seed 2021",monday_final/p2/selector_window_online.csv (insufficient==False),Weather,15,4,4,-0.7629689795519294,-0.6346603391925743,-2.4456272337959053,0.3034120572069024,0.7300604274304949,2,13,13.333333333333334,-1
a_online_vs_bf,online delayed-feedback selector vs best_fixed_val (%),§9.3 (tab:online),"decision group = (backbone, dataset, pred_len) @ seed 2021",monday_final/p2/selector_window_online.csv (insufficient==False),ALL,123,4,8,-0.869912519186263,-0.5209332377843132,-25.71332937622439,19.46425535052658,4.6426318047099935,25,79,20.32520325203252,-1
b_oracle_vs_none,per-window oracle headroom vs none (%),§8 (oracle.headroom_127),"decision group = (backbone, dataset, pred_len) @ seed 2021",monday_final/p2/selector_window_oracle_audit.csv,ETTh1,16,4,4,7.972177612519415,6.707259925126527,3.496652354776659,21.998960357848404,5.076964409890651,16,0,100.0,1
b_oracle_vs_none,per-window oracle headroom vs none (%),§8 (oracle.headroom_127),"decision group = (backbone, dataset, pred_len) @ seed 2021",monday_final/p2/selector_window_oracle_audit.csv,ETTh2,16,4,4,16.615514233560088,10.28395099234447,6.736270521464799,51.468027191136784,12.845774090696068,16,0,100.0,1
b_oracle_vs_none,per-window oracle headroom vs none (%),§8 (oracle.headroom_127),"decision group = (backbone, dataset, pred_len) @ seed 2021",monday_final/p2/selector_window_oracle_audit.csv,ETTm1,16,4,4,8.379514453536402,7.0177288553974915,2.6456080530152604,15.40702760559255,4.632080643524067,16,0,100.0,1
b_oracle_vs_none,per-window oracle headroom vs none (%),§8 (oracle.headroom_127),"decision group = (backbone, dataset, pred_len) @ seed 2021",monday_final/p2/selector_window_oracle_audit.csv,ETTm2,16,4,4,15.722759966223041,14.270361368286334,5.510060717506919,36.60150766772362,8.95987132228534,16,0,100.0,1
b_oracle_vs_none,per-window oracle headroom vs none (%),§8 (oracle.headroom_127),"decision group = (backbone, dataset, pred_len) @ seed 2021",monday_final/p2/selector_window_oracle_audit.csv,Electricity,16,4,4,1.08870741983056,1.3499730015716085,0.0019949904361047,2.1549548014081723,0.8036402334086509,16,0,100.0,1
b_oracle_vs_none,per-window oracle headroom vs none (%),§8 (oracle.headroom_127),"decision group = (backbone, dataset, pred_len) @ seed 2021",monday_final/p2/selector_window_oracle_audit.csv,Exchange,16,4,4,16.148623398882865,13.011854392688763,5.166352433868394,30.89395306890784,8.769739338791156,16,0,100.0,1
b_oracle_vs_none,per-window oracle headroom vs none (%),§8 (oracle.headroom_127),"decision group = (backbone, dataset, pred_len) @ seed 2021",monday_final/p2/selector_window_oracle_audit.csv,ILI,16,4,4,7.627468998532105,6.066836803015306,0.7409934752964107,25.7617637806202,6.414918854030709,16,0,100.0,1
b_oracle_vs_none,per-window oracle headroom vs none (%),§8 (oracle.headroom_127),"decision group = (backbone, dataset, pred_len) @ seed 2021",monday_final/p2/selector_window_oracle_audit.csv,Weather,15,4,4,7.440304310374938,8.390518472374266,2.862843808213237,11.598858754646493,2.7694343039647134,15,0,100.0,1
b_oracle_vs_none,per-window oracle headroom vs none (%),§8 (oracle.headroom_127),"decision group = (backbone, dataset, pred_len) @ seed 2021",monday_final/p2/selector_window_oracle_audit.csv,ALL,127,4,8,10.145518283346268,7.745534846290976,0.0019949904361047,51.468027191136784,8.760028706409571,127,0,100.0,1
c_gate_vs_bf,static complexity-feature gate vs best_fixed_val (%),"§9.1 (tab:gate, in-pool reg)","decision group = (backbone, dataset, pred_len) @ seed 2021",monday_final/p2/selector_window_inpool.csv,ETTh1,12,3,4,-1.1488435700990551,-0.3606804614661075,-4.890925209660583,0.3341358616811435,1.7278705468357012,4,8,33.33333333333333,-1
c_gate_vs_bf,static complexity-feature gate vs best_fixed_val (%),"§9.1 (tab:gate, in-pool reg)","decision group = (backbone, dataset, pred_len) @ seed 2021",monday_final/p2/selector_window_inpool.csv,ETTh2,12,3,4,-0.3741035246535529,-1.2675726411825825,-3.623200852740596,10.955367004174118,3.729542894105288,2,10,16.666666666666664,-1
c_gate_vs_bf,static complexity-feature gate vs best_fixed_val (%),"§9.1 (tab:gate, in-pool reg)","decision group = (backbone, dataset, pred_len) @ seed 2021",monday_final/p2/selector_window_inpool.csv,ETTm1,12,3,4,-1.1883459496120061,-1.5732151547159603,-3.0513990148850345,4.584144727076139,2.0076195672368238,1,11,8.333333333333332,-1
c_gate_vs_bf,static complexity-feature gate vs best_fixed_val (%),"§9.1 (tab:gate, in-pool reg)","decision group = (backbone, dataset, pred_len) @ seed 2021",monday_final/p2/selector_window_inpool.csv,ETTm2,12,3,4,-0.7646204929482919,-1.8566194476640918,-3.9574138115152153,4.692012719617149,2.649233915841875,4,8,33.33333333333333,-1
c_gate_vs_bf,static complexity-feature gate vs best_fixed_val (%),"§9.1 (tab:gate, in-pool reg)","decision group = (backbone, dataset, pred_len) @ seed 2021",monday_final/p2/selector_window_inpool.csv,Electricity,12,3,4,-0.6147048007295787,-0.3057858924171968,-1.786960360364413,-0.0072113480512459,0.6723309224114467,0,12,0.0,-1
c_gate_vs_bf,static complexity-feature gate vs best_fixed_val (%),"§9.1 (tab:gate, in-pool reg)","decision group = (backbone, dataset, pred_len) @ seed 2021",monday_final/p2/selector_window_inpool.csv,Exchange,12,3,4,-0.9321058482521698,-0.9982766917918157,-6.128985508566762,10.084476326471044,4.002041462534012,2,8,16.666666666666664,-1
c_gate_vs_bf,static complexity-feature gate vs best_fixed_val (%),"§9.1 (tab:gate, in-pool reg)","decision group = (backbone, dataset, pred_len) @ seed 2021",monday_final/p2/selector_window_inpool.csv,ILI,12,3,4,-0.4653803428542653,0.0,-4.172252975832602,2.3418510711537857,1.5645918351968324,2,5,16.666666666666664,-1
c_gate_vs_bf,static complexity-feature gate vs best_fixed_val (%),"§9.1 (tab:gate, in-pool reg)","decision group = (backbone, dataset, pred_len) @ seed 2021",monday_final/p2/selector_window_inpool.csv,Weather,12,3,4,0.14507626642221078,0.06623768012500784,-0.7924342678224511,1.2991851169906867,0.6081665829891014,6,6,50.0,1
c_gate_vs_bf,static complexity-feature gate vs best_fixed_val (%),"§9.1 (tab:gate, in-pool reg)","decision group = (backbone, dataset, pred_len) @ seed 2021",monday_final/p2/selector_window_inpool.csv,ALL,96,3,8,-0.6678785328408386,-0.5855202482343997,-6.128985508566762,10.955367004174118,2.3753139600058875,21,68,21.875,-1
b2_oracle_vs_bf,"per-window oracle headroom vs best_fixed_val (%), online support",§8 派生量（论文未单印）,"decision group = (backbone, dataset, pred_len) @ seed 2021",monday_final/p2/selector_window_online.csv (insufficient==False),ETTh1,16,4,4,7.00620221657232,4.329991942325257,1.7332162831014315,19.443929354185894,5.169383316048553,16,0,100.0,1
b2_oracle_vs_bf,"per-window oracle headroom vs best_fixed_val (%), online support",§8 派生量（论文未单印）,"decision group = (backbone, dataset, pred_len) @ seed 2021",monday_final/p2/selector_window_online.csv (insufficient==False),ETTh2,16,4,4,9.797011329100355,7.984299655935883,5.335964922251668,21.26491082571319,4.210846810204803,16,0,100.0,1
b2_oracle_vs_bf,"per-window oracle headroom vs best_fixed_val (%), online support",§8 派生量（论文未单印）,"decision group = (backbone, dataset, pred_len) @ seed 2021",monday_final/p2/selector_window_online.csv (insufficient==False),ETTm1,16,4,4,7.729738831312755,6.0804690135757244,2.779646843177535,15.349831634250993,4.205497407062262,16,0,100.0,1
b2_oracle_vs_bf,"per-window oracle headroom vs best_fixed_val (%), online support",§8 派生量（论文未单印）,"decision group = (backbone, dataset, pred_len) @ seed 2021",monday_final/p2/selector_window_online.csv (insufficient==False),ETTm2,16,4,4,11.148605681395576,10.193550115767575,5.477529436470042,23.2040859730246,4.643671227333256,16,0,100.0,1
b2_oracle_vs_bf,"per-window oracle headroom vs best_fixed_val (%), online support",§8 派生量（论文未单印）,"decision group = (backbone, dataset, pred_len) @ seed 2021",monday_final/p2/selector_window_online.csv (insufficient==False),Electricity,16,4,4,0.7534725834956424,0.5738287234681043,0.0021595397048671,2.01493077205388,0.6760308584972669,16,0,100.0,1
b2_oracle_vs_bf,"per-window oracle headroom vs best_fixed_val (%), online support",§8 派生量（论文未单印）,"decision group = (backbone, dataset, pred_len) @ seed 2021",monday_final/p2/selector_window_online.csv (insufficient==False),Exchange,12,4,3,16.701050605798464,14.219305432844084,7.690731439054438,34.71018037827944,9.182559145383143,12,0,100.0,1
b2_oracle_vs_bf,"per-window oracle headroom vs best_fixed_val (%), online support",§8 派生量（论文未单印）,"decision group = (backbone, dataset, pred_len) @ seed 2021",monday_final/p2/selector_window_online.csv (insufficient==False),ILI,16,4,4,8.374377368445685,5.24329139382065,0.7303416222352205,30.428793622479766,8.020504416313633,16,0,100.0,1
b2_oracle_vs_bf,"per-window oracle headroom vs best_fixed_val (%), online support",§8 派生量（论文未单印）,"decision group = (backbone, dataset, pred_len) @ seed 2021",monday_final/p2/selector_window_online.csv (insufficient==False),Weather,15,4,4,7.287739758635874,7.8649854798078955,2.8762410023644227,11.048697104822766,2.613673177562551,15,0,100.0,1
b2_oracle_vs_bf,"per-window oracle headroom vs best_fixed_val (%), online support",§8 派生量（论文未单印）,"decision group = (backbone, dataset, pred_len) @ seed 2021",monday_final/p2/selector_window_online.csv (insufficient==False),ALL,123,4,8,8.346985624506317,7.254678624496817,0.0021595397048671,34.71018037827944,6.5420982544757145,123,0,100.0,1
c2_gate_vs_none,static complexity-feature gate vs none (%),"§9.1 (tab:gate, in-pool reg)","decision group = (backbone, dataset, pred_len) @ seed 2021",monday_final/p2/selector_window_inpool.csv,ETTh1,12,3,4,0.4879195991923202,0.09802952083534194,-1.732286779758977,6.525817639242263,2.0316837855367513,7,5,58.333333333333336,1
c2_gate_vs_none,static complexity-feature gate vs none (%),"§9.1 (tab:gate, in-pool reg)","decision group = (backbone, dataset, pred_len) @ seed 2021",monday_final/p2/selector_window_inpool.csv,ETTh2,12,3,4,9.444473724128162,1.569636860426195,-2.325002191296053,46.85198009635176,15.456763162123348,8,4,66.66666666666666,1
c2_gate_vs_none,static complexity-feature gate vs none (%),"§9.1 (tab:gate, in-pool reg)","decision group = (backbone, dataset, pred_len) @ seed 2021",monday_final/p2/selector_window_inpool.csv,ETTm1,12,3,4,-0.45714209234064973,-0.6031757845416577,-2.852261979399232,4.584144727076139,1.9125852667382202,3,9,25.0,-1
c2_gate_vs_none,static complexity-feature gate vs none (%),"§9.1 (tab:gate, in-pool reg)","decision group = (backbone, dataset, pred_len) @ seed 2021",monday_final/p2/selector_window_inpool.csv,ETTm2,12,3,4,5.246573967067554,-0.028000972587100798,-3.191957963359773,24.907546795350896,9.821376449328847,6,6,50.0,1
c2_gate_vs_none,static complexity-feature gate vs none (%),"§9.1 (tab:gate, in-pool reg)","decision group = (backbone, dataset, pred_len) @ seed 2021",monday_final/p2/selector_window_inpool.csv,Electricity,12,3,4,-0.19618451939720183,-0.2863431658219458,-1.786960360364413,1.6699932916839102,1.0999425177151458,3,9,25.0,-1
c2_gate_vs_none,static complexity-feature gate vs none (%),"§9.1 (tab:gate, in-pool reg)","decision group = (backbone, dataset, pred_len) @ seed 2021",monday_final/p2/selector_window_inpool.csv,Exchange,12,3,4,-2.965911328169749,-2.4698427762120843,-17.710211041598843,10.084476326471044,6.271147990098841,2,10,16.666666666666664,-1
c2_gate_vs_none,static complexity-feature gate vs none (%),"§9.1 (tab:gate, in-pool reg)","decision group = (backbone, dataset, pred_len) @ seed 2021",monday_final/p2/selector_window_inpool.csv,ILI,12,3,4,0.20864652058518285,0.0,-4.172252975832602,4.893251157472874,2.2872003794500215,5,4,41.66666666666667,1
c2_gate_vs_none,static complexity-feature gate vs none (%),"§9.1 (tab:gate, in-pool reg)","decision group = (backbone, dataset, pred_len) @ seed 2021",monday_final/p2/selector_window_inpool.csv,Weather,12,3,4,0.21811775220780674,0.1101257322151082,-0.6201596898230466,1.2991851169906867,0.5333850763008302,7,5,58.333333333333336,1
c2_gate_vs_none,static complexity-feature gate vs none (%),"§9.1 (tab:gate, in-pool reg)","decision group = (backbone, dataset, pred_len) @ seed 2021",monday_final/p2/selector_window_inpool.csv,ALL,96,3,8,1.4983117029091784,-0.08032449398950864,-17.710211041598843,46.85198009635176,7.663286860431155,41,52,42.70833333333333,1
