metric,label,semantics,held_out,n_datasets_remaining,n_groups_remaining,mean_pct,median_pct,delta_mean_vs_full_pp,delta_median_vs_full_pp,sign_flips_mean,sign_flips_median,n_datasets_mean_positive
a_online_vs_bf,online delayed-feedback selector vs best_fixed_val (%),conclusion-level jackknife of the aggregate,NONE,8,123,-0.869912519186263,-0.5209332377843132,0.0,0.0,False,False,1
a_online_vs_bf,online delayed-feedback selector vs best_fixed_val (%),conclusion-level jackknife of the aggregate,ETTh1,7,107,-1.2427008735748788,-0.7109704486367773,-0.3727883543886158,-0.19003721085246406,False,False,0
a_online_vs_bf,online delayed-feedback selector vs best_fixed_val (%),conclusion-level jackknife of the aggregate,ETTh2,7,107,-0.5860233403912325,-0.3564032160243098,0.2838891787950305,0.16453002176000342,False,False,1
a_online_vs_bf,online delayed-feedback selector vs best_fixed_val (%),conclusion-level jackknife of the aggregate,ETTm1,7,107,-0.8508327892074703,-0.3369665913195334,0.019079729978792703,0.18396664646477984,False,False,1
a_online_vs_bf,online delayed-feedback selector vs best_fixed_val (%),conclusion-level jackknife of the aggregate,ETTm2,7,107,-0.756023678419956,-0.3189399562892366,0.11388884076630701,0.20199328149507662,False,False,1
a_online_vs_bf,online delayed-feedback selector vs best_fixed_val (%),conclusion-level jackknife of the aggregate,Electricity,7,107,-0.955186502445663,-0.7893614215988523,-0.08527398325940005,-0.26842818381453903,False,False,1
a_online_vs_bf,online delayed-feedback selector vs best_fixed_val (%),conclusion-level jackknife of the aggregate,Exchange,7,111,-0.6979665375237745,-0.6346603391925743,0.17194598166248853,-0.11372710140826103,False,False,1
a_online_vs_bf,online delayed-feedback selector vs best_fixed_val (%),conclusion-level jackknife of the aggregate,ILI,7,107,-0.9920897149103521,-0.8702175832162478,-0.12217719572408914,-0.34928434543193454,False,False,1
a_online_vs_bf,online delayed-feedback selector vs best_fixed_val (%),conclusion-level jackknife of the aggregate,Weather,7,108,-0.8847657885799207,-0.4300411128923449,-0.01485326939365772,0.0908921248919683,False,False,1
b_oracle_vs_none,per-window oracle headroom vs none (%),conclusion-level jackknife of the aggregate,NONE,8,127,10.145518283346268,7.745534846290976,0.0,0.0,False,False,8
b_oracle_vs_none,per-window oracle headroom vs none (%),conclusion-level jackknife of the aggregate,ETTh1,7,111,10.458792614276263,8.390518472374266,0.31327433092999435,0.64498362608329,False,False,7
b_oracle_vs_none,per-window oracle headroom vs none (%),conclusion-level jackknife of the aggregate,ETTh2,7,111,9.212906254486615,7.285168232437526,-0.9326120288596531,-0.46036661385345035,False,False,7
b_oracle_vs_none,per-window oracle headroom vs none (%),conclusion-level jackknife of the aggregate,ETTm1,7,111,10.40007739394949,8.34618104640972,0.25455911060322123,0.600646200118744,False,False,7
b_oracle_vs_none,per-window oracle headroom vs none (%),conclusion-level jackknife of the aggregate,ETTm2,7,111,9.341591554282946,7.285168232437526,-0.8039267290633223,-0.46036661385345035,False,False,7
b_oracle_vs_none,per-window oracle headroom vs none (%),conclusion-level jackknife of the aggregate,Electricity,7,111,11.451004533943125,9.093211197469875,1.3054862505968572,1.3476763511788992,False,False,7
b_oracle_vs_none,per-window oracle headroom vs none (%),conclusion-level jackknife of the aggregate,Exchange,7,111,9.280205834259908,7.285168232437526,-0.8653124490863604,-0.46036661385345035,False,False,7
b_oracle_vs_none,per-window oracle headroom vs none (%),conclusion-level jackknife of the aggregate,ILI,7,111,10.508480342418578,8.42086029159992,0.3629620590723093,0.6753254453089443,False,False,7
b_oracle_vs_none,per-window oracle headroom vs none (%),conclusion-level jackknife of the aggregate,Weather,7,112,10.507823726154927,7.66548416227751,0.3623054428086583,-0.08005068401346627,False,False,7
c_gate_vs_bf,static complexity-feature gate vs best_fixed_val (%),conclusion-level jackknife of the aggregate,NONE,8,96,-0.6678785328408386,-0.5855202482343997,0.0,0.0,False,False,1
c_gate_vs_bf,static complexity-feature gate vs best_fixed_val (%),conclusion-level jackknife of the aggregate,ETTh1,7,84,-0.5991692418039506,-0.589704791082803,0.06870929103688805,-0.004184542848403305,False,False,1
c_gate_vs_bf,static complexity-feature gate vs best_fixed_val (%),conclusion-level jackknife of the aggregate,ETTh2,7,84,-0.7098463911533082,-0.5365214812121124,-0.04196785831246952,0.04899876702228734,False,False,1
c_gate_vs_bf,static complexity-feature gate vs best_fixed_val (%),conclusion-level jackknife of the aggregate,ETTm1,7,84,-0.5935260447306719,-0.47731036570407964,0.0743524881101667,0.1082098825303201,False,False,1
c_gate_vs_bf,static complexity-feature gate vs best_fixed_val (%),conclusion-level jackknife of the aggregate,ETTm2,7,84,-0.6540582528254884,-0.5365214812121124,0.013820280015350295,0.04899876702228734,False,False,1
c_gate_vs_bf,static complexity-feature gate vs best_fixed_val (%),conclusion-level jackknife of the aggregate,Electricity,7,84,-0.6754747802853045,-0.6322775726528069,-0.007596247444465853,-0.04675732441840719,False,False,1
c_gate_vs_bf,static complexity-feature gate vs best_fixed_val (%),conclusion-level jackknife of the aggregate,Exchange,7,84,-0.6301317734963628,-0.5365214812121124,0.0377467593444758,0.04899876702228734,False,False,1
c_gate_vs_bf,static complexity-feature gate vs best_fixed_val (%),conclusion-level jackknife of the aggregate,ILI,7,84,-0.6968068456960634,-0.6771049321797129,-0.02892831285522479,-0.09158468394531316,False,False,1
c_gate_vs_bf,static complexity-feature gate vs best_fixed_val (%),conclusion-level jackknife of the aggregate,Weather,7,84,-0.78401493273556,-0.7437303819113539,-0.11613639989472135,-0.15821013367695413,False,False,0
b2_oracle_vs_bf,"per-window oracle headroom vs best_fixed_val (%), online support",conclusion-level jackknife of the aggregate,NONE,8,123,8.346985624506317,7.254678624496817,0.0,0.0,False,False,8
b2_oracle_vs_bf,"per-window oracle headroom vs best_fixed_val (%), online support",conclusion-level jackknife of the aggregate,ETTh1,7,107,8.547476601393644,7.456571333536777,0.20049097688732687,0.20189270903996004,False,False,7
b2_oracle_vs_bf,"per-window oracle headroom vs best_fixed_val (%), online support",conclusion-level jackknife of the aggregate,ETTh2,7,107,8.130159350922161,6.812930857677654,-0.21682627358415552,-0.44174776681916317,False,False,7
b2_oracle_vs_bf,"per-window oracle headroom vs best_fixed_val (%), online support",conclusion-level jackknife of the aggregate,ETTm1,7,107,8.43928421040442,7.328821578477421,0.09229858589810291,0.074142953980604,False,False,7
b2_oracle_vs_bf,"per-window oracle headroom vs best_fixed_val (%), online support",conclusion-level jackknife of the aggregate,ETTm2,7,107,7.928051784223811,6.692300860385242,-0.4189338402825058,-0.5623777641115755,False,False,7
b2_oracle_vs_bf,"per-window oracle headroom vs best_fixed_val (%), online support",conclusion-level jackknife of the aggregate,Electricity,7,107,9.482464210078007,8.504840635214979,1.1354785855716898,1.250162010718162,False,False,7
b2_oracle_vs_bf,"per-window oracle headroom vs best_fixed_val (%), online support",conclusion-level jackknife of the aggregate,Exchange,7,111,7.4438434643666245,6.682518055689582,-0.9031421601396925,-0.5721605688072353,False,False,7
b2_oracle_vs_bf,"per-window oracle headroom vs best_fixed_val (%), online support",conclusion-level jackknife of the aggregate,ILI,7,107,8.342889662795757,7.328821578477421,-0.0040959617105595925,0.074142953980604,False,False,7
b2_oracle_vs_bf,"per-window oracle headroom vs best_fixed_val (%), online support",conclusion-level jackknife of the aggregate,Weather,7,108,8.49410310587721,7.222622007700208,0.1471174813708931,-0.032056616796609205,False,False,7
c2_gate_vs_none,static complexity-feature gate vs none (%),conclusion-level jackknife of the aggregate,NONE,8,96,1.4983117029091784,-0.08032449398950864,0.0,0.0,False,False,5
c2_gate_vs_none,static complexity-feature gate vs none (%),conclusion-level jackknife of the aggregate,ETTh1,7,84,1.6426534320115869,-0.11856367590830724,0.1443417291024085,-0.038239181918798604,False,False,4
c2_gate_vs_none,static complexity-feature gate vs none (%),conclusion-level jackknife of the aggregate,ETTh2,7,84,0.3631456998778947,-0.1080183440728073,-1.1351660030312836,-0.027693850083298666,False,False,4
c2_gate_vs_none,static complexity-feature gate vs none (%),conclusion-level jackknife of the aggregate,ETTm1,7,84,1.777662245087725,-0.028429547401128998,0.2793505421785467,0.05189494658837964,False,False,5
c2_gate_vs_none,static complexity-feature gate vs none (%),conclusion-level jackknife of the aggregate,ETTm2,7,84,0.9628456651722672,-0.08032449398950864,-0.5354660377369111,0.0,False,False,4
c2_gate_vs_none,static complexity-feature gate vs none (%),conclusion-level jackknife of the aggregate,Electricity,7,84,1.7403825918100897,-0.03418232951683215,0.24207088890091133,0.04614216447267649,False,False,5
c2_gate_vs_none,static complexity-feature gate vs none (%),conclusion-level jackknife of the aggregate,Exchange,7,84,2.1360578502061682,-0.000989297799368,0.6377461472969899,0.07933519619014064,False,False,5
c2_gate_vs_none,static complexity-feature gate vs none (%),conclusion-level jackknife of the aggregate,ILI,7,84,1.6825495860983206,-0.1080183440728073,0.18423788318914225,-0.027693850083298666,False,False,4
c2_gate_vs_none,static complexity-feature gate vs none (%),conclusion-level jackknife of the aggregate,Weather,7,84,1.681196553009374,-0.16220196558946384,0.18288485010019562,-0.0818774715999552,False,False,4
c_lodo_gate_transfer_existing,"gate trained on other datasets, evaluated on the held-out one (%)",training-level LODO (cross-dataset transfer of the gate),ETTh1,6,8,-0.008331805145052718,0.21159972817474026,1.5507033652845263,,False,False,0
c_lodo_gate_transfer_existing,"gate trained on other datasets, evaluated on the held-out one (%)",training-level LODO (cross-dataset transfer of the gate),ETTh2,6,12,-4.353206662294401,-1.1454789073884206,-2.7941714918648217,,False,False,0
c_lodo_gate_transfer_existing,"gate trained on other datasets, evaluated on the held-out one (%)",training-level LODO (cross-dataset transfer of the gate),ETTm1,6,12,-1.4208490093479282,-0.9297218596964978,0.13818616108165083,,False,False,0
c_lodo_gate_transfer_existing,"gate trained on other datasets, evaluated on the held-out one (%)",training-level LODO (cross-dataset transfer of the gate),ETTm2,6,12,-2.830618540653425,-1.853826460663091,-1.271583370223846,,False,False,0
c_lodo_gate_transfer_existing,"gate trained on other datasets, evaluated on the held-out one (%)",training-level LODO (cross-dataset transfer of the gate),Electricity,6,12,-1.6874033259607806,-1.6946071206305182,-0.1283681555312015,,False,False,0
c_lodo_gate_transfer_existing,"gate trained on other datasets, evaluated on the held-out one (%)",training-level LODO (cross-dataset transfer of the gate),Exchange,6,12,0.7467940605234756,-0.8548687852595787,2.3058292309530546,,True,False,1
c_lodo_gate_transfer_existing,"gate trained on other datasets, evaluated on the held-out one (%)",training-level LODO (cross-dataset transfer of the gate),Weather,6,8,-0.4845770973363622,-0.5716802950816339,1.074458073093217,,False,False,0
c_lodo_gate_transfer_existing,"gate trained on other datasets, evaluated on the held-out one (%)",training-level LODO (cross-dataset transfer of the gate),ALL,6,76,-1.559035170429579,-0.9328293402415577,0.0,,False,False,0
