backbone,dataset,pred_len,plugin,seed,cell_id,iters_per_epoch,ms_per_iter,est_seconds,est_hours,cost_source,done
DLinear,ILI,36,none,2021,DLinear__ILI__h36__none__s2021,19,2.301,1.3,0.0,measured,False
DLinear,ILI,48,none,2021,DLinear__ILI__h48__none__s2021,19,2.324,1.3,0.0,measured,False
DLinear,ILI,60,none,2021,DLinear__ILI__h60__none__s2021,19,2.35,1.3,0.0,measured,False
DLinear,ILI,24,none,2021,DLinear__ILI__h24__none__s2021,20,2.321,1.4,0.0,measured,False
DLinear,ILI,48,revin,2021,DLinear__ILI__h48__revin__s2021,19,2.553,1.4,0.0,measured,False
DLinear,ILI,36,revin,2021,DLinear__ILI__h36__revin__s2021,19,2.561,1.4,0.0,measured,False
DLinear,ILI,60,revin,2021,DLinear__ILI__h60__revin__s2021,19,2.578,1.4,0.0,measured,False
DLinear,ILI,24,revin,2021,DLinear__ILI__h24__revin__s2021,20,2.515,1.5,0.0,measured,False
DLinear,ILI,36,fredf,2021,DLinear__ILI__h36__fredf__s2021,19,2.806,1.6,0.0,measured,False
DLinear,ILI,48,fredf,2021,DLinear__ILI__h48__fredf__s2021,19,2.868,1.6,0.0,measured,False
DLinear,ILI,60,fredf,2021,DLinear__ILI__h60__fredf__s2021,19,2.879,1.6,0.0,measured,False
DLinear,ILI,24,fredf,2021,DLinear__ILI__h24__fredf__s2021,20,2.861,1.7,0.0,measured,False
PatchTST,ILI,48,none,2021,PatchTST__ILI__h48__none__s2021,19,6.413,2.0,0.001,measured,False
PatchTST,ILI,36,none,2021,PatchTST__ILI__h36__none__s2021,19,6.474,2.0,0.001,measured,False
PatchTST,ILI,60,none,2021,PatchTST__ILI__h60__none__s2021,19,6.522,2.0,0.001,measured,False
PatchTST,ILI,24,none,2021,PatchTST__ILI__h24__none__s2021,20,6.397,2.1,0.001,measured,False
PatchTST,ILI,36,fredf,2021,PatchTST__ILI__h36__fredf__s2021,19,6.981,2.1,0.001,measured,False
PatchTST,ILI,60,fredf,2021,PatchTST__ILI__h60__fredf__s2021,19,7.015,2.1,0.001,measured,False
PatchTST,ILI,48,fredf,2021,PatchTST__ILI__h48__fredf__s2021,19,7.03,2.2,0.001,measured,False
PatchTST,ILI,24,fredf,2021,PatchTST__ILI__h24__fredf__s2021,20,7.03,2.3,0.001,measured,False
DLinear,ILI,24,san_lite,2021,DLinear__ILI__h24__san_lite__s2021,20,4.306,2.5,0.001,measured,False
iTransformer,ILI,48,none,2021,iTransformer__ILI__h48__none__s2021,19,13.108,2.6,0.001,measured,False
iTransformer,ILI,36,none,2021,iTransformer__ILI__h36__none__s2021,19,13.115,2.6,0.001,measured,False
iTransformer,ILI,60,none,2021,iTransformer__ILI__h60__none__s2021,19,13.179,2.6,0.001,measured,False
DLinear,ILI,36,san_lite,2021,DLinear__ILI__h36__san_lite__s2021,19,4.622,2.6,0.001,measured,False
iTransformer,ILI,36,fredf,2021,iTransformer__ILI__h36__fredf__s2021,19,13.502,2.6,0.001,measured,False
iTransformer,ILI,60,fredf,2021,iTransformer__ILI__h60__fredf__s2021,19,13.608,2.6,0.001,measured,False
DLinear,ILI,60,san_lite,2021,DLinear__ILI__h60__san_lite__s2021,19,4.731,2.7,0.001,measured,False
iTransformer,ILI,48,fredf,2021,iTransformer__ILI__h48__fredf__s2021,19,13.716,2.7,0.001,measured,False
iTransformer,ILI,24,none,2021,iTransformer__ILI__h24__none__s2021,20,13.085,2.7,0.001,measured,False
DLinear,ILI,48,san_lite,2021,DLinear__ILI__h48__san_lite__s2021,19,4.816,2.7,0.001,measured,False
iTransformer,ILI,24,fredf,2021,iTransformer__ILI__h24__fredf__s2021,20,13.579,2.8,0.001,measured,False
PatchTST,ILI,60,san_lite,2021,PatchTST__ILI__h60__san_lite__s2021,19,9.1,2.8,0.001,measured,False
PatchTST,ILI,36,san_lite,2021,PatchTST__ILI__h36__san_lite__s2021,19,9.782,3.0,0.001,measured,False
PatchTST,ILI,48,san_lite,2021,PatchTST__ILI__h48__san_lite__s2021,19,9.869,3.0,0.001,measured,False
PatchTST,ILI,24,san_lite,2021,PatchTST__ILI__h24__san_lite__s2021,20,9.56,3.1,0.001,measured,False
iTransformer,ILI,36,san_lite,2021,iTransformer__ILI__h36__san_lite__s2021,19,17.955,3.5,0.001,measured,False
iTransformer,ILI,60,san_lite,2021,iTransformer__ILI__h60__san_lite__s2021,19,18.124,3.5,0.001,measured,False
iTransformer,ILI,48,san_lite,2021,iTransformer__ILI__h48__san_lite__s2021,19,18.468,3.6,0.001,measured,False
iTransformer,ILI,24,san_lite,2021,iTransformer__ILI__h24__san_lite__s2021,20,18.602,3.8,0.001,measured,False
DLinear,Exchange,96,none,2021,DLinear__Exchange__h96__none__s2021,160,2.661,12.6,0.003,measured,False
DLinear,Exchange,192,none,2021,DLinear__Exchange__h192__none__s2021,157,2.778,12.9,0.004,measured,False
DLinear,Exchange,336,none,2021,DLinear__Exchange__h336__none__s2021,153,2.909,13.1,0.004,measured,False
DLinear,Exchange,720,none,2021,DLinear__Exchange__h720__none__s2021,141,3.186,13.3,0.004,measured,False
DLinear,Exchange,96,revin,2021,DLinear__Exchange__h96__revin__s2021,160,2.895,13.7,0.004,measured,False
DLinear,Exchange,192,revin,2021,DLinear__Exchange__h192__revin__s2021,157,3.0,13.9,0.004,measured,False
DLinear,Exchange,336,revin,2021,DLinear__Exchange__h336__revin__s2021,153,3.121,14.1,0.004,measured,False
DLinear,Exchange,720,revin,2021,DLinear__Exchange__h720__revin__s2021,141,3.391,14.1,0.004,measured,False
DLinear,Exchange,96,fredf,2021,DLinear__Exchange__h96__fredf__s2021,160,3.214,15.2,0.004,measured,False
DLinear,Exchange,192,fredf,2021,DLinear__Exchange__h192__fredf__s2021,157,3.277,15.2,0.004,measured,False
DLinear,Exchange,336,fredf,2021,DLinear__Exchange__h336__fredf__s2021,153,3.425,15.5,0.004,measured,False
DLinear,Exchange,720,fredf,2021,DLinear__Exchange__h720__fredf__s2021,141,3.725,15.5,0.004,measured,False
PatchTST,Exchange,720,none,2021,PatchTST__Exchange__h720__none__s2021,141,7.142,16.2,0.005,measured,False
PatchTST,Exchange,336,none,2021,PatchTST__Exchange__h336__none__s2021,153,6.984,17.2,0.005,measured,False
PatchTST,Exchange,192,none,2021,PatchTST__Exchange__h192__none__s2021,157,6.824,17.3,0.005,measured,False
PatchTST,Exchange,96,none,2021,PatchTST__Exchange__h96__none__s2021,160,6.814,17.6,0.005,measured,False
PatchTST,Exchange,720,fredf,2021,PatchTST__Exchange__h720__fredf__s2021,141,7.82,17.8,0.005,measured,False
PatchTST,Exchange,336,fredf,2021,PatchTST__Exchange__h336__fredf__s2021,153,7.496,18.5,0.005,measured,False
PatchTST,Exchange,96,fredf,2021,PatchTST__Exchange__h96__fredf__s2021,160,7.231,18.6,0.005,measured,False
PatchTST,Exchange,192,fredf,2021,PatchTST__Exchange__h192__fredf__s2021,157,7.385,18.7,0.005,measured,False
DLinear,ETTh2,96,none,2021,DLinear__ETTh2__h96__none__s2021,265,2.466,19.3,0.005,measured,False
DLinear,ETTh1,96,none,2021,DLinear__ETTh1__h96__none__s2021,265,2.474,19.4,0.005,measured,False
iTransformer,Exchange,720,none,2021,iTransformer__Exchange__h720__none__s2021,141,14.039,20.3,0.006,measured,False
iTransformer,Exchange,720,fredf,2021,iTransformer__Exchange__h720__fredf__s2021,141,14.539,21.0,0.006,measured,False
DLinear,ETTh2,96,revin,2021,DLinear__ETTh2__h96__revin__s2021,265,2.699,21.1,0.006,measured,False
DLinear,ETTh1,96,revin,2021,DLinear__ETTh1__h96__revin__s2021,265,2.703,21.1,0.006,measured,False
DLinear,ETTh2,192,none,2021,DLinear__ETTh2__h192__none__s2021,262,2.763,21.4,0.006,measured,False
iTransformer,Exchange,336,none,2021,iTransformer__Exchange__h336__none__s2021,153,13.694,21.5,0.006,measured,False
DLinear,ETTh1,192,none,2021,DLinear__ETTh1__h192__none__s2021,262,2.778,21.5,0.006,measured,False
DLinear,ETTh1,336,none,2021,DLinear__ETTh1__h336__none__s2021,257,2.875,21.8,0.006,measured,False
iTransformer,Exchange,192,none,2021,iTransformer__Exchange__h192__none__s2021,157,13.574,21.8,0.006,measured,False
DLinear,ETTh2,336,none,2021,DLinear__ETTh2__h336__none__s2021,257,2.896,22.0,0.006,measured,False
iTransformer,Exchange,96,none,2021,iTransformer__Exchange__h96__none__s2021,160,13.531,22.2,0.006,measured,False
iTransformer,Exchange,336,fredf,2021,iTransformer__Exchange__h336__fredf__s2021,153,14.267,22.4,0.006,measured,False
iTransformer,Exchange,192,fredf,2021,iTransformer__Exchange__h192__fredf__s2021,157,14.099,22.7,0.006,measured,False
DLinear,ETTh1,720,none,2021,DLinear__ETTh1__h720__none__s2021,245,3.143,22.7,0.006,measured,False
DLinear,ETTh2,720,none,2021,DLinear__ETTh2__h720__none__s2021,245,3.162,22.9,0.006,measured,False
DLinear,ETTh2,192,revin,2021,DLinear__ETTh2__h192__revin__s2021,262,2.987,23.1,0.006,measured,False
iTransformer,Exchange,96,fredf,2021,iTransformer__Exchange__h96__fredf__s2021,160,14.106,23.1,0.006,measured,False
DLinear,ETTh1,192,revin,2021,DLinear__ETTh1__h192__revin__s2021,262,2.992,23.1,0.006,measured,False
DLinear,ETTh1,336,revin,2021,DLinear__ETTh1__h336__revin__s2021,257,3.098,23.5,0.007,measured,False
DLinear,ETTh1,96,fredf,2021,DLinear__ETTh1__h96__fredf__s2021,265,3.007,23.5,0.007,measured,False
DLinear,ETTh2,336,revin,2021,DLinear__ETTh2__h336__revin__s2021,257,3.109,23.6,0.007,measured,False
DLinear,ETTh2,96,fredf,2021,DLinear__ETTh2__h96__fredf__s2021,265,3.023,23.6,0.007,measured,False
DLinear,ETTh1,720,revin,2021,DLinear__ETTh1__h720__revin__s2021,245,3.381,24.5,0.007,measured,False
PatchTST,Exchange,720,san_lite,2021,PatchTST__Exchange__h720__san_lite__s2021,141,10.79,24.5,0.007,measured,False
DLinear,ETTh2,720,revin,2021,DLinear__ETTh2__h720__revin__s2021,245,3.389,24.5,0.007,measured,False
DLinear,ETTh1,192,fredf,2021,DLinear__ETTh1__h192__fredf__s2021,262,3.266,25.3,0.007,measured,False
DLinear,ETTh2,192,fredf,2021,DLinear__ETTh2__h192__fredf__s2021,262,3.288,25.4,0.007,measured,False
PatchTST,Exchange,336,san_lite,2021,PatchTST__Exchange__h336__san_lite__s2021,153,10.367,25.5,0.007,measured,False
DLinear,ETTh2,336,fredf,2021,DLinear__ETTh2__h336__fredf__s2021,257,3.405,25.8,0.007,measured,False
DLinear,ETTh1,336,fredf,2021,DLinear__ETTh1__h336__fredf__s2021,257,3.411,25.9,0.007,measured,False
DLinear,Exchange,192,san_lite,2021,DLinear__Exchange__h192__san_lite__s2021,157,5.619,26.0,0.007,measured,False
DLinear,ETTh1,720,fredf,2021,DLinear__ETTh1__h720__fredf__s2021,245,3.693,26.7,0.007,measured,False
DLinear,ETTh2,720,fredf,2021,DLinear__ETTh2__h720__fredf__s2021,245,3.739,27.0,0.008,measured,False
DLinear,Exchange,96,san_lite,2021,DLinear__Exchange__h96__san_lite__s2021,160,5.812,27.4,0.008,measured,False
PatchTST,ETTh1,96,none,2021,PatchTST__ETTh1__h96__none__s2021,265,6.634,28.3,0.008,measured,False
PatchTST,ETTh2,96,none,2021,PatchTST__ETTh2__h96__none__s2021,265,6.653,28.4,0.008,measured,False
PatchTST,Exchange,192,san_lite,2021,PatchTST__Exchange__h192__san_lite__s2021,157,11.261,28.5,0.008,measured,False
PatchTST,ETTh1,720,none,2021,PatchTST__ETTh1__h720__none__s2021,245,7.225,28.5,0.008,measured,False
PatchTST,ETTh2,720,none,2021,PatchTST__ETTh2__h720__none__s2021,245,7.243,28.6,0.008,measured,False
PatchTST,Exchange,96,san_lite,2021,PatchTST__Exchange__h96__san_lite__s2021,160,11.111,28.6,0.008,measured,False
PatchTST,ETTh1,336,none,2021,PatchTST__ETTh1__h336__none__s2021,257,6.957,28.8,0.008,measured,False
PatchTST,ETTh1,96,revin,2021,PatchTST__ETTh1__h96__revin__s2021,265,6.765,28.9,0.008,measured,False
PatchTST,ETTh2,336,none,2021,PatchTST__ETTh2__h336__none__s2021,257,6.978,28.9,0.008,measured,False
PatchTST,ETTh2,192,none,2021,PatchTST__ETTh2__h192__none__s2021,262,6.85,28.9,0.008,measured,False
PatchTST,ETTh1,192,none,2021,PatchTST__ETTh1__h192__none__s2021,262,6.859,28.9,0.008,measured,False
PatchTST,ETTh1,720,revin,2021,PatchTST__ETTh1__h720__revin__s2021,245,7.45,29.4,0.008,measured,False
DLinear,Exchange,336,san_lite,2021,DLinear__Exchange__h336__san_lite__s2021,153,6.568,29.7,0.008,measured,False
PatchTST,ETTh1,96,fredf,2021,PatchTST__ETTh1__h96__fredf__s2021,265,7.118,30.4,0.008,measured,False
PatchTST,ETTh1,720,fredf,2021,PatchTST__ETTh1__h720__fredf__s2021,245,7.709,30.4,0.008,measured,False
PatchTST,ETTh2,96,fredf,2021,PatchTST__ETTh2__h96__fredf__s2021,265,7.139,30.5,0.008,measured,False
iTransformer,Exchange,96,san_lite,2021,iTransformer__Exchange__h96__san_lite__s2021,160,18.617,30.5,0.008,measured,False
PatchTST,ETTh2,720,fredf,2021,PatchTST__ETTh2__h720__fredf__s2021,245,7.74,30.5,0.008,measured,False
PatchTST,ETTh1,192,fredf,2021,PatchTST__ETTh1__h192__fredf__s2021,262,7.338,31.0,0.009,measured,False
PatchTST,ETTh1,336,fredf,2021,PatchTST__ETTh1__h336__fredf__s2021,257,7.533,31.2,0.009,measured,False
PatchTST,ETTh2,192,fredf,2021,PatchTST__ETTh2__h192__fredf__s2021,262,7.392,31.2,0.009,measured,False
PatchTST,ETTh2,336,fredf,2021,PatchTST__ETTh2__h336__fredf__s2021,257,7.561,31.3,0.009,measured,False
DLinear,Exchange,720,san_lite,2021,DLinear__Exchange__h720__san_lite__s2021,141,7.566,31.5,0.009,measured,False
iTransformer,Exchange,192,san_lite,2021,iTransformer__Exchange__h192__san_lite__s2021,157,19.736,31.8,0.009,measured,False
iTransformer,Exchange,720,san_lite,2021,iTransformer__Exchange__h720__san_lite__s2021,141,23.443,33.9,0.009,measured,False
iTransformer,ETTh2,720,none,2021,iTransformer__ETTh2__h720__none__s2021,245,13.978,35.1,0.01,measured,False
iTransformer,ETTh1,720,none,2021,iTransformer__ETTh1__h720__none__s2021,245,14.08,35.3,0.01,measured,False
iTransformer,ETTh1,720,revin,2021,iTransformer__ETTh1__h720__revin__s2021,245,14.219,35.7,0.01,measured,False
iTransformer,ETTh2,336,none,2021,iTransformer__ETTh2__h336__none__s2021,257,13.609,35.8,0.01,measured,False
iTransformer,Exchange,336,san_lite,2021,iTransformer__Exchange__h336__san_lite__s2021,153,22.934,36.0,0.01,measured,False
iTransformer,ETTh1,336,none,2021,iTransformer__ETTh1__h336__none__s2021,257,13.669,36.0,0.01,measured,False
iTransformer,ETTh2,96,none,2021,iTransformer__ETTh2__h96__none__s2021,265,13.355,36.3,0.01,measured,False
iTransformer,ETTh1,192,none,2021,iTransformer__ETTh1__h192__none__s2021,262,13.53,36.3,0.01,measured,False
iTransformer,ETTh1,96,none,2021,iTransformer__ETTh1__h96__none__s2021,265,13.413,36.4,0.01,measured,False
iTransformer,ETTh2,192,none,2021,iTransformer__ETTh2__h192__none__s2021,262,13.583,36.5,0.01,measured,False
DLinear,ETTh2,96,san_lite,2021,DLinear__ETTh2__h96__san_lite__s2021,265,4.666,36.5,0.01,measured,False
DLinear,ETTh1,96,san_lite,2021,DLinear__ETTh1__h96__san_lite__s2021,265,4.68,36.6,0.01,measured,False
iTransformer,ETTh1,96,revin,2021,iTransformer__ETTh1__h96__revin__s2021,265,13.497,36.7,0.01,measured,False
iTransformer,ETTh2,720,fredf,2021,iTransformer__ETTh2__h720__fredf__s2021,245,14.617,36.7,0.01,measured,False
iTransformer,ETTh1,720,fredf,2021,iTransformer__ETTh1__h720__fredf__s2021,245,14.65,36.8,0.01,measured,False
iTransformer,ETTh1,336,fredf,2021,iTransformer__ETTh1__h336__fredf__s2021,257,14.268,37.6,0.01,measured,False
iTransformer,ETTh2,336,fredf,2021,iTransformer__ETTh2__h336__fredf__s2021,257,14.307,37.7,0.01,measured,False
iTransformer,ETTh2,96,fredf,2021,iTransformer__ETTh2__h96__fredf__s2021,265,13.877,37.7,0.01,measured,False
iTransformer,ETTh1,192,fredf,2021,iTransformer__ETTh1__h192__fredf__s2021,262,14.095,37.8,0.011,measured,False
iTransformer,ETTh1,96,fredf,2021,iTransformer__ETTh1__h96__fredf__s2021,265,13.958,37.9,0.011,measured,False
iTransformer,ETTh2,192,fredf,2021,iTransformer__ETTh2__h192__fredf__s2021,262,14.145,38.0,0.011,measured,False
PatchTST,ETTh2,96,san_lite,2021,PatchTST__ETTh2__h96__san_lite__s2021,265,9.454,40.4,0.011,measured,False
PatchTST,ETTh1,96,san_lite,2021,PatchTST__ETTh1__h96__san_lite__s2021,265,9.889,42.2,0.012,measured,False
PatchTST,ETTh2,336,san_lite,2021,PatchTST__ETTh2__h336__san_lite__s2021,257,10.771,44.6,0.012,measured,False
PatchTST,ETTh2,192,san_lite,2021,PatchTST__ETTh2__h192__san_lite__s2021,262,10.751,45.4,0.013,measured,False
PatchTST,ETTh1,192,san_lite,2021,PatchTST__ETTh1__h192__san_lite__s2021,262,10.972,46.3,0.013,measured,False
PatchTST,ETTh2,720,san_lite,2021,PatchTST__ETTh2__h720__san_lite__s2021,245,11.995,47.3,0.013,measured,False
PatchTST,ETTh1,336,san_lite,2021,PatchTST__ETTh1__h336__san_lite__s2021,257,11.444,47.4,0.013,measured,False
DLinear,ETTh2,192,san_lite,2021,DLinear__ETTh2__h192__san_lite__s2021,262,6.433,49.8,0.014,measured,False
DLinear,ETTh1,192,san_lite,2021,DLinear__ETTh1__h192__san_lite__s2021,262,6.446,49.8,0.014,measured,False
iTransformer,ETTh1,96,san_lite,2021,iTransformer__ETTh1__h96__san_lite__s2021,265,18.634,50.6,0.014,measured,False
iTransformer,ETTh2,96,san_lite,2021,iTransformer__ETTh2__h96__san_lite__s2021,265,18.656,50.7,0.014,measured,False
iTransformer,ETTh1,720,san_lite,2021,iTransformer__ETTh1__h720__san_lite__s2021,245,20.232,50.8,0.014,measured,False
iTransformer,ETTh1,192,san_lite,2021,iTransformer__ETTh1__h192__san_lite__s2021,262,19.218,51.6,0.014,measured,False
PatchTST,ETTh1,720,san_lite,2021,PatchTST__ETTh1__h720__san_lite__s2021,245,13.163,51.9,0.014,measured,False
iTransformer,ETTh2,192,san_lite,2021,iTransformer__ETTh2__h192__san_lite__s2021,262,20.797,55.8,0.016,measured,False
iTransformer,ETTh2,336,san_lite,2021,iTransformer__ETTh2__h336__san_lite__s2021,257,21.32,56.1,0.016,measured,False
DLinear,ETTh2,336,san_lite,2021,DLinear__ETTh2__h336__san_lite__s2021,257,7.516,57.0,0.016,measured,False
iTransformer,ETTh1,336,san_lite,2021,iTransformer__ETTh1__h336__san_lite__s2021,257,21.749,57.3,0.016,measured,False
iTransformer,ETTh2,720,san_lite,2021,iTransformer__ETTh2__h720__san_lite__s2021,245,23.066,57.9,0.016,measured,False
DLinear,ETTh1,336,san_lite,2021,DLinear__ETTh1__h336__san_lite__s2021,257,7.692,58.3,0.016,measured,False
DLinear,ETTh1,720,san_lite,2021,DLinear__ETTh1__h720__san_lite__s2021,245,8.507,61.5,0.017,measured,False
DLinear,ETTh2,720,san_lite,2021,DLinear__ETTh2__h720__san_lite__s2021,245,8.87,64.1,0.018,measured,False
DLinear,ETTm2,96,none,2021,DLinear__ETTm2__h96__none__s2021,1075,2.497,79.2,0.022,measured,False
DLinear,ETTm1,96,none,2021,DLinear__ETTm1__h96__none__s2021,1075,2.522,80.0,0.022,measured,False
DLinear,ETTm1,96,revin,2021,DLinear__ETTm1__h96__revin__s2021,1075,2.734,86.7,0.024,measured,False
DLinear,ETTm2,96,revin,2021,DLinear__ETTm2__h96__revin__s2021,1075,2.739,86.9,0.024,measured,False
DLinear,ETTm2,192,none,2021,DLinear__ETTm2__h192__none__s2021,1072,2.797,88.5,0.025,measured,False
DLinear,ETTm1,192,none,2021,DLinear__ETTm1__h192__none__s2021,1072,2.807,88.8,0.025,measured,False
DLinear,ETTm2,336,none,2021,DLinear__ETTm2__h336__none__s2021,1067,2.926,92.1,0.026,measured,False
DLinear,ETTm1,336,none,2021,DLinear__ETTm1__h336__none__s2021,1067,2.936,92.5,0.026,measured,False
DLinear,ETTm1,96,fredf,2021,DLinear__ETTm1__h96__fredf__s2021,1075,2.981,94.6,0.026,measured,False
DLinear,ETTm1,192,revin,2021,DLinear__ETTm1__h192__revin__s2021,1072,3.008,95.2,0.026,measured,False
DLinear,ETTm2,192,revin,2021,DLinear__ETTm2__h192__revin__s2021,1072,3.03,95.9,0.027,measured,False
DLinear,ETTm2,96,fredf,2021,DLinear__ETTm2__h96__fredf__s2021,1075,3.045,96.6,0.027,measured,False
DLinear,ETTm1,720,none,2021,DLinear__ETTm1__h720__none__s2021,1055,3.181,99.1,0.028,measured,False
DLinear,ETTm2,336,revin,2021,DLinear__ETTm2__h336__revin__s2021,1067,3.147,99.1,0.028,measured,False
DLinear,ETTm1,336,revin,2021,DLinear__ETTm1__h336__revin__s2021,1067,3.158,99.5,0.028,measured,False
DLinear,Weather,96,none,2021,DLinear__Weather__h96__none__s2021,1147,2.94,99.5,0.028,measured,False
DLinear,ETTm2,720,none,2021,DLinear__ETTm2__h720__none__s2021,1055,3.208,99.9,0.028,measured,False
DLinear,ETTm1,192,fredf,2021,DLinear__ETTm1__h192__fredf__s2021,1072,3.304,104.5,0.029,measured,False
DLinear,ETTm2,192,fredf,2021,DLinear__ETTm2__h192__fredf__s2021,1072,3.304,104.5,0.029,measured,False
DLinear,Weather,192,none,2021,DLinear__Weather__h192__none__s2021,1144,3.148,106.3,0.03,measured,False
DLinear,Weather,96,revin,2021,DLinear__Weather__h96__revin__s2021,1147,3.17,107.3,0.03,measured,False
DLinear,ETTm2,720,revin,2021,DLinear__ETTm2__h720__revin__s2021,1055,3.45,107.4,0.03,measured,False
DLinear,ETTm1,720,revin,2021,DLinear__ETTm1__h720__revin__s2021,1055,3.454,107.6,0.03,measured,False
DLinear,ETTm2,336,fredf,2021,DLinear__ETTm2__h336__fredf__s2021,1067,3.455,108.8,0.03,measured,False
DLinear,ETTm1,336,fredf,2021,DLinear__ETTm1__h336__fredf__s2021,1067,3.477,109.5,0.03,measured,False
DLinear,Weather,336,none,2021,DLinear__Weather__h336__none__s2021,1140,3.37,113.4,0.031,measured,False
DLinear,Weather,192,revin,2021,DLinear__Weather__h192__revin__s2021,1144,3.366,113.7,0.032,measured,False
PatchTST,ETTm2,96,none,2021,PatchTST__ETTm2__h96__none__s2021,1075,6.626,114.7,0.032,measured,False
PatchTST,ETTm1,96,none,2021,PatchTST__ETTm1__h96__none__s2021,1075,6.653,115.2,0.032,measured,False
DLinear,ETTm2,720,fredf,2021,DLinear__ETTm2__h720__fredf__s2021,1055,3.757,117.0,0.032,measured,False
DLinear,ETTm1,720,fredf,2021,DLinear__ETTm1__h720__fredf__s2021,1055,3.762,117.1,0.033,measured,False
DLinear,Weather,96,fredf,2021,DLinear__Weather__h96__fredf__s2021,1147,3.48,117.8,0.033,measured,False
PatchTST,ETTm2,192,none,2021,PatchTST__ETTm2__h192__none__s2021,1072,6.903,119.2,0.033,measured,False
PatchTST,ETTm1,192,none,2021,PatchTST__ETTm1__h192__none__s2021,1072,6.92,119.5,0.033,measured,False
PatchTST,ETTm1,336,none,2021,PatchTST__ETTm1__h336__none__s2021,1067,7.001,120.3,0.033,measured,False
PatchTST,ETTm2,336,none,2021,PatchTST__ETTm2__h336__none__s2021,1067,7.034,120.9,0.034,measured,False
DLinear,Weather,336,revin,2021,DLinear__Weather__h336__revin__s2021,1140,3.626,122.0,0.034,measured,False
PatchTST,ETTm2,720,none,2021,PatchTST__ETTm2__h720__none__s2021,1055,7.271,123.6,0.034,measured,False
DLinear,Weather,192,fredf,2021,DLinear__Weather__h192__fredf__s2021,1144,3.687,124.5,0.035,measured,False
PatchTST,ETTm1,720,none,2021,PatchTST__ETTm1__h720__none__s2021,1055,7.328,124.5,0.035,measured,False
PatchTST,ETTm2,96,fredf,2021,PatchTST__ETTm2__h96__fredf__s2021,1075,7.199,124.7,0.035,measured,False
PatchTST,ETTm1,96,fredf,2021,PatchTST__ETTm1__h96__fredf__s2021,1075,7.205,124.8,0.035,measured,False
PatchTST,ETTm2,192,fredf,2021,PatchTST__ETTm2__h192__fredf__s2021,1072,7.437,128.4,0.036,measured,False
PatchTST,ETTm1,192,fredf,2021,PatchTST__ETTm1__h192__fredf__s2021,1072,7.441,128.5,0.036,measured,False
PatchTST,ETTm2,336,fredf,2021,PatchTST__ETTm2__h336__fredf__s2021,1067,7.506,129.0,0.036,measured,False
DLinear,Weather,720,none,2021,DLinear__Weather__h720__none__s2021,1128,3.899,129.8,0.036,measured,False
PatchTST,ETTm1,336,fredf,2021,PatchTST__ETTm1__h336__fredf__s2021,1067,7.637,131.3,0.036,measured,False
DLinear,Weather,336,fredf,2021,DLinear__Weather__h336__fredf__s2021,1140,3.94,132.6,0.037,measured,False
PatchTST,ETTm2,720,fredf,2021,PatchTST__ETTm2__h720__fredf__s2021,1055,7.804,132.6,0.037,measured,False
PatchTST,Weather,96,none,2021,PatchTST__Weather__h96__none__s2021,1147,7.275,134.4,0.037,measured,False
PatchTST,ETTm1,720,fredf,2021,PatchTST__ETTm1__h720__fredf__s2021,1055,7.914,134.5,0.037,measured,False
PatchTST,Weather,96,revin,2021,PatchTST__Weather__h96__revin__s2021,1147,7.457,137.8,0.038,measured,False
PatchTST,Weather,192,none,2021,PatchTST__Weather__h192__none__s2021,1144,7.516,138.5,0.038,measured,False
DLinear,Weather,720,revin,2021,DLinear__Weather__h720__revin__s2021,1128,4.193,139.6,0.039,measured,False
PatchTST,Weather,336,none,2021,PatchTST__Weather__h336__none__s2021,1140,7.716,141.7,0.039,measured,False
PatchTST,Weather,96,fredf,2021,PatchTST__Weather__h96__fredf__s2021,1147,7.806,144.2,0.04,measured,False
iTransformer,ETTm1,96,none,2021,iTransformer__ETTm1__h96__none__s2021,1075,13.333,146.9,0.041,measured,False
iTransformer,ETTm2,96,none,2021,iTransformer__ETTm2__h96__none__s2021,1075,13.442,148.1,0.041,measured,False
PatchTST,Weather,192,fredf,2021,PatchTST__Weather__h192__fredf__s2021,1144,8.052,148.4,0.041,measured,False
iTransformer,ETTm1,192,none,2021,iTransformer__ETTm1__h192__none__s2021,1072,13.513,148.4,0.041,measured,False
DLinear,Weather,720,fredf,2021,DLinear__Weather__h720__fredf__s2021,1128,4.462,148.6,0.041,measured,False
iTransformer,ETTm2,192,none,2021,iTransformer__ETTm2__h192__none__s2021,1072,13.543,148.8,0.041,measured,False
iTransformer,ETTm2,336,none,2021,iTransformer__ETTm2__h336__none__s2021,1067,13.672,149.5,0.042,measured,False
DLinear,ETTm1,96,san_lite,2021,DLinear__ETTm1__h96__san_lite__s2021,1075,4.715,149.6,0.042,measured,False
iTransformer,ETTm1,336,none,2021,iTransformer__ETTm1__h336__none__s2021,1067,13.7,149.8,0.042,measured,False
DLinear,ETTm2,96,san_lite,2021,DLinear__ETTm2__h96__san_lite__s2021,1075,4.776,151.6,0.042,measured,False
PatchTST,Weather,336,fredf,2021,PatchTST__Weather__h336__fredf__s2021,1140,8.269,151.9,0.042,measured,False
iTransformer,ETTm1,720,none,2021,iTransformer__ETTm1__h720__none__s2021,1055,14.129,152.7,0.042,measured,False
iTransformer,ETTm1,96,fredf,2021,iTransformer__ETTm1__h96__fredf__s2021,1075,13.943,153.6,0.043,measured,False
iTransformer,ETTm2,720,none,2021,iTransformer__ETTm2__h720__none__s2021,1055,14.22,153.7,0.043,measured,False
PatchTST,Weather,720,none,2021,PatchTST__Weather__h720__none__s2021,1128,8.487,154.2,0.043,measured,False
iTransformer,ETTm2,96,fredf,2021,iTransformer__ETTm2__h96__fredf__s2021,1075,14.027,154.5,0.043,measured,False
iTransformer,ETTm2,336,fredf,2021,iTransformer__ETTm2__h336__fredf__s2021,1067,14.242,155.7,0.043,measured,False
iTransformer,ETTm1,336,fredf,2021,iTransformer__ETTm1__h336__fredf__s2021,1067,14.294,156.3,0.043,measured,False
iTransformer,ETTm1,192,fredf,2021,iTransformer__ETTm1__h192__fredf__s2021,1072,14.24,156.4,0.043,measured,False
iTransformer,ETTm2,192,fredf,2021,iTransformer__ETTm2__h192__fredf__s2021,1072,14.342,157.6,0.044,measured,False
PatchTST,Weather,720,revin,2021,PatchTST__Weather__h720__revin__s2021,1128,8.682,157.7,0.044,measured,False
iTransformer,ETTm2,720,fredf,2021,iTransformer__ETTm2__h720__fredf__s2021,1055,14.767,159.6,0.044,measured,False
iTransformer,ETTm1,720,fredf,2021,iTransformer__ETTm1__h720__fredf__s2021,1055,14.786,159.9,0.044,measured,False
iTransformer,Weather,96,none,2021,iTransformer__Weather__h96__none__s2021,1147,13.621,160.1,0.044,measured,False
iTransformer,Weather,192,none,2021,iTransformer__Weather__h192__none__s2021,1144,13.994,164.1,0.046,measured,False
PatchTST,Weather,720,fredf,2021,PatchTST__Weather__h720__fredf__s2021,1128,9.035,164.2,0.046,measured,False
iTransformer,Weather,96,revin,2021,iTransformer__Weather__h96__revin__s2021,1147,13.978,164.3,0.046,measured,False
iTransformer,Weather,336,none,2021,iTransformer__Weather__h336__none__s2021,1140,14.224,166.2,0.046,measured,False
iTransformer,Weather,96,fredf,2021,iTransformer__Weather__h96__fredf__s2021,1147,14.346,168.6,0.047,measured,False
iTransformer,Weather,192,fredf,2021,iTransformer__Weather__h192__fredf__s2021,1144,14.427,169.1,0.047,measured,False
DLinear,ETTm2,192,san_lite,2021,DLinear__ETTm2__h192__san_lite__s2021,1072,5.355,169.4,0.047,measured,False
DLinear,ETTm1,192,san_lite,2021,DLinear__ETTm1__h192__san_lite__s2021,1072,5.36,169.6,0.047,measured,False
iTransformer,Weather,720,none,2021,iTransformer__Weather__h720__none__s2021,1128,14.851,171.7,0.048,measured,False
iTransformer,Weather,336,fredf,2021,iTransformer__Weather__h336__fredf__s2021,1140,14.751,172.3,0.048,measured,False
iTransformer,Weather,720,revin,2021,iTransformer__Weather__h720__revin__s2021,1128,15.032,173.8,0.048,measured,False
DLinear,ETTm2,336,san_lite,2021,DLinear__ETTm2__h336__san_lite__s2021,1067,5.613,176.8,0.049,measured,False
DLinear,Electricity,96,none,2021,DLinear__Electricity__h96__none__s2021,1139,5.276,177.4,0.049,measured,False
PatchTST,ETTm1,96,san_lite,2021,PatchTST__ETTm1__h96__san_lite__s2021,1075,10.243,177.4,0.049,measured,False
PatchTST,ETTm2,96,san_lite,2021,PatchTST__ETTm2__h96__san_lite__s2021,1075,10.291,178.2,0.049,measured,False
iTransformer,Weather,720,fredf,2021,iTransformer__Weather__h720__fredf__s2021,1128,15.541,179.6,0.05,measured,False
DLinear,Electricity,96,revin,2021,DLinear__Electricity__h96__revin__s2021,1139,5.426,182.4,0.051,measured,False
DLinear,ETTm1,336,san_lite,2021,DLinear__ETTm1__h336__san_lite__s2021,1067,6.066,191.0,0.053,measured,False
DLinear,Electricity,96,fredf,2021,DLinear__Electricity__h96__fredf__s2021,1139,5.831,196.0,0.054,measured,False
PatchTST,ETTm2,192,san_lite,2021,PatchTST__ETTm2__h192__san_lite__s2021,1072,11.534,199.2,0.055,measured,False
PatchTST,ETTm2,720,san_lite,2021,PatchTST__ETTm2__h720__san_lite__s2021,1055,11.949,203.1,0.056,measured,False
PatchTST,ETTm1,720,san_lite,2021,PatchTST__ETTm1__h720__san_lite__s2021,1055,12.07,205.1,0.057,measured,False
PatchTST,ETTm1,192,san_lite,2021,PatchTST__ETTm1__h192__san_lite__s2021,1072,11.904,205.6,0.057,measured,False
DLinear,Weather,192,san_lite,2021,DLinear__Weather__h192__san_lite__s2021,1144,6.157,207.9,0.058,measured,False
DLinear,Electricity,192,none,2021,DLinear__Electricity__h192__none__s2021,1133,6.228,208.3,0.058,measured,False
DLinear,Electricity,192,revin,2021,DLinear__Electricity__h192__revin__s2021,1133,6.429,215.0,0.06,measured,False
iTransformer,ETTm2,96,san_lite,2021,iTransformer__ETTm2__h96__san_lite__s2021,1075,19.923,219.5,0.061,measured,False
DLinear,Weather,336,san_lite,2021,DLinear__Weather__h336__san_lite__s2021,1140,6.688,225.0,0.063,measured,False
DLinear,Electricity,192,fredf,2021,DLinear__Electricity__h192__fredf__s2021,1133,6.729,225.0,0.063,measured,False
PatchTST,Weather,96,san_lite,2021,PatchTST__Weather__h96__san_lite__s2021,1147,12.248,226.3,0.063,measured,False
iTransformer,ETTm2,192,san_lite,2021,iTransformer__ETTm2__h192__san_lite__s2021,1072,20.759,228.0,0.063,measured,False
iTransformer,ETTm1,192,san_lite,2021,iTransformer__ETTm1__h192__san_lite__s2021,1072,20.82,228.7,0.064,measured,False
PatchTST,ETTm1,336,san_lite,2021,PatchTST__ETTm1__h336__san_lite__s2021,1067,13.613,234.0,0.065,measured,False
DLinear,ETTm1,720,san_lite,2021,DLinear__ETTm1__h720__san_lite__s2021,1055,7.545,235.0,0.065,measured,False
PatchTST,ETTm2,336,san_lite,2021,PatchTST__ETTm2__h336__san_lite__s2021,1067,13.768,236.6,0.066,measured,False
DLinear,ETTm2,720,san_lite,2021,DLinear__ETTm2__h720__san_lite__s2021,1055,7.619,237.2,0.066,measured,False
DLinear,Weather,720,san_lite,2021,DLinear__Weather__h720__san_lite__s2021,1128,7.232,240.8,0.067,measured,False
iTransformer,Weather,96,san_lite,2021,iTransformer__Weather__h96__san_lite__s2021,1147,20.686,243.1,0.068,measured,False
DLinear,Electricity,336,none,2021,DLinear__Electricity__h336__none__s2021,1124,7.396,245.4,0.068,measured,False
iTransformer,ETTm1,96,san_lite,2021,iTransformer__ETTm1__h96__san_lite__s2021,1075,22.764,250.8,0.07,measured,False
DLinear,Electricity,336,revin,2021,DLinear__Electricity__h336__revin__s2021,1124,7.687,255.0,0.071,measured,False
DLinear,Weather,96,san_lite,2021,DLinear__Weather__h96__san_lite__s2021,1147,7.581,256.6,0.071,measured,False
iTransformer,Electricity,96,none,2021,iTransformer__Electricity__h96__none__s2021,1139,22.272,260.0,0.072,measured,False
iTransformer,ETTm1,336,san_lite,2021,iTransformer__ETTm1__h336__san_lite__s2021,1067,23.95,261.9,0.073,measured,False
PatchTST,Weather,192,san_lite,2021,PatchTST__Weather__h192__san_lite__s2021,1144,14.292,263.4,0.073,measured,False
iTransformer,ETTm2,336,san_lite,2021,iTransformer__ETTm2__h336__san_lite__s2021,1067,24.239,265.0,0.074,measured,False
iTransformer,ETTm2,720,san_lite,2021,iTransformer__ETTm2__h720__san_lite__s2021,1055,24.739,267.5,0.074,measured,False
iTransformer,Electricity,96,fredf,2021,iTransformer__Electricity__h96__fredf__s2021,1139,22.963,268.0,0.074,measured,False
DLinear,Electricity,336,fredf,2021,DLinear__Electricity__h336__fredf__s2021,1124,8.084,268.2,0.074,measured,False
iTransformer,Electricity,192,none,2021,iTransformer__Electricity__h192__none__s2021,1133,23.137,268.6,0.075,measured,False
iTransformer,Electricity,192,fredf,2021,iTransformer__Electricity__h192__fredf__s2021,1133,23.81,276.4,0.077,measured,False
PatchTST,Electricity,96,none,2021,PatchTST__Electricity__h96__none__s2021,1139,15.183,278.6,0.077,measured,False
iTransformer,Electricity,336,none,2021,iTransformer__Electricity__h336__none__s2021,1124,24.356,280.5,0.078,measured,False
PatchTST,Electricity,96,fredf,2021,PatchTST__Electricity__h96__fredf__s2021,1139,15.342,281.5,0.078,measured,False
iTransformer,ETTm1,720,san_lite,2021,iTransformer__ETTm1__h720__san_lite__s2021,1055,26.063,281.8,0.078,measured,False
iTransformer,Electricity,336,fredf,2021,iTransformer__Electricity__h336__fredf__s2021,1124,25.123,289.4,0.08,measured,False
PatchTST,Electricity,192,none,2021,PatchTST__Electricity__h192__none__s2021,1133,16.108,294.0,0.082,measured,False
PatchTST,Electricity,192,fredf,2021,PatchTST__Electricity__h192__fredf__s2021,1133,16.383,299.0,0.083,measured,False
iTransformer,Weather,192,san_lite,2021,iTransformer__Weather__h192__san_lite__s2021,1144,26.449,310.1,0.086,measured,False
PatchTST,Weather,336,san_lite,2021,PatchTST__Weather__h336__san_lite__s2021,1140,17.208,316.0,0.088,measured,False
iTransformer,Electricity,720,none,2021,iTransformer__Electricity__h720__none__s2021,1100,28.211,318.0,0.088,measured,False
PatchTST,Electricity,336,none,2021,PatchTST__Electricity__h336__none__s2021,1124,17.614,318.9,0.089,measured,False
PatchTST,Electricity,336,fredf,2021,PatchTST__Electricity__h336__fredf__s2021,1124,18.12,328.1,0.091,measured,False
PatchTST,Weather,720,san_lite,2021,PatchTST__Weather__h720__san_lite__s2021,1128,18.158,329.9,0.092,measured,False
iTransformer,Weather,336,san_lite,2021,iTransformer__Weather__h336__san_lite__s2021,1140,28.286,330.4,0.092,measured,False
iTransformer,Weather,720,san_lite,2021,iTransformer__Weather__h720__san_lite__s2021,1128,28.648,331.1,0.092,measured,False
iTransformer,Electricity,720,fredf,2021,iTransformer__Electricity__h720__fredf__s2021,1100,29.432,331.8,0.092,measured,False
DLinear,Electricity,96,san_lite,2021,DLinear__Electricity__h96__san_lite__s2021,1139,10.425,350.5,0.097,measured,False
DLinear,Electricity,720,none,2021,DLinear__Electricity__h720__none__s2021,1100,11.104,360.5,0.1,measured,False
DLinear,Electricity,720,revin,2021,DLinear__Electricity__h720__revin__s2021,1100,11.38,369.5,0.103,measured,False
PatchTST,Electricity,720,none,2021,PatchTST__Electricity__h720__none__s2021,1100,21.785,386.0,0.107,measured,False
DLinear,Electricity,720,fredf,2021,DLinear__Electricity__h720__fredf__s2021,1100,12.022,390.3,0.108,measured,False
PatchTST,Electricity,720,fredf,2021,PatchTST__Electricity__h720__fredf__s2021,1100,22.714,402.5,0.112,measured,False
PatchTST,Electricity,96,san_lite,2021,PatchTST__Electricity__h96__san_lite__s2021,1139,27.407,502.8,0.14,measured,False
iTransformer,Electricity,96,san_lite,2021,iTransformer__Electricity__h96__san_lite__s2021,1139,47.132,550.1,0.153,measured,False
iTransformer,Electricity,192,san_lite,2021,iTransformer__Electricity__h192__san_lite__s2021,1133,47.942,556.6,0.155,measured,False
DLinear,Electricity,192,san_lite,2021,DLinear__Electricity__h192__san_lite__s2021,1133,17.005,568.7,0.158,measured,False
iTransformer,Electricity,336,san_lite,2021,iTransformer__Electricity__h336__san_lite__s2021,1124,52.44,604.0,0.168,measured,False
PatchTST,Electricity,336,san_lite,2021,PatchTST__Electricity__h336__san_lite__s2021,1124,34.422,623.2,0.173,measured,False
DLinear,Electricity,336,san_lite,2021,DLinear__Electricity__h336__san_lite__s2021,1124,19.014,630.8,0.175,measured,False
PatchTST,Electricity,192,san_lite,2021,PatchTST__Electricity__h192__san_lite__s2021,1133,37.521,684.8,0.19,measured,False
PatchTST,Electricity,720,san_lite,2021,PatchTST__Electricity__h720__san_lite__s2021,1100,44.053,780.6,0.217,measured,False
DLinear,Electricity,720,san_lite,2021,DLinear__Electricity__h720__san_lite__s2021,1100,24.189,785.4,0.218,measured,False
iTransformer,Electricity,720,san_lite,2021,iTransformer__Electricity__h720__san_lite__s2021,1100,70.292,792.3,0.22,measured,False
