cell,backbone,dataset,pred_len,seed_a,seed_b,n_arms,n_test_windows,arms,argmin_agree,chance_agree,excess_agree,z_agree,self_oracle_gain_pct,xseed_oracle_gain_pct,reproducible_frac,noise_frac,adv_corr_across_seeds,same_arm_err_corr,seed_mse_gap_pct,best_fixed_arm_a,best_fixed_arm_b
DLinear__ETTh1__h96,DLinear,ETTh1,96,2021,2022,4,2785,"fredf,none,revin,san_lite",0.9526032315978457,0.2743276529497275,0.6782755786481182,80.2257340398769,2.719027998933681,2.7046658897866314,0.9947179252465652,0.0052820747534347845,0.9957873143429035,0.9998987048438486,0.032849262470754446,fredf,fredf
DLinear__ETTh1__h192,DLinear,ETTh1,192,2021,2022,4,2689,"fredf,none,revin,san_lite",0.9457047229453328,0.254065120200323,0.6916396027450098,82.38578289968882,3.454770816803503,3.421159985881321,0.9902711836169554,0.00972881638304457,0.9817893139332592,0.9998684334745942,0.22549439859933917,fredf,fredf
DLinear__ETTh1__h336,DLinear,ETTh1,336,2021,2022,4,2545,"fredf,none,revin,san_lite",0.9779960707269155,0.25328279572797696,0.7247132749989386,84.067703830988,4.695049386968355,4.6917326793500145,0.9992935734334241,0.0007064265665759351,0.9987888892761455,0.9999310081437516,0.03335773015286963,fredf,fredf
DLinear__ETTh1__h720,DLinear,ETTh1,720,2021,2022,4,2161,"fredf,none,revin,san_lite",0.9356779268857011,0.3604523502645976,0.5752255766211034,55.69358663530629,2.703694568402794,2.6554853676990935,0.9821691394926386,0.01783086050736138,0.9731703037602614,0.9993803415547491,0.4774768573631197,revin,revin
DLinear__ETTh2__h96,DLinear,ETTh2,96,2021,2022,4,2785,"fredf,none,revin,san_lite",0.9791741472172352,0.2941548240284417,0.6850193231887935,79.33644005301763,10.950755449516429,10.943728363651744,0.9993583012699827,0.0006416987300172927,0.9997759309322494,0.9999575090166671,0.09586168576502396,revin,revin
DLinear__ETTh2__h192,DLinear,ETTh2,192,2021,2022,4,2689,"fredf,none,revin,san_lite",0.9788025288211231,0.29504637227739805,0.683756156543725,77.74477954257452,11.513052398932611,11.506533389972317,0.9994337723190682,0.0005662276809318412,0.9998065047306824,0.9999678992099391,0.15331041246650867,revin,revin
DLinear__ETTh2__h336,DLinear,ETTh2,336,2021,2022,4,2545,"fredf,none,revin,san_lite",0.9842829076620825,0.3474064095784716,0.6368764980836109,67.47747156421791,9.207288757308422,9.194395431042803,0.9985996609202265,0.0014003390797735493,0.9990670788055696,0.9999241841715845,0.7821035257957019,revin,revin
DLinear__ETTh2__h720,DLinear,ETTh2,720,2021,2022,4,2161,"fredf,none,revin,san_lite",0.992133271633503,0.4288372330067254,0.5632960386267776,52.91001607905995,5.420750514802467,5.420170226926729,0.9998929506395555,0.00010704936044447777,0.9998112468272188,0.999937222692852,0.6383073136339401,revin,revin
DLinear__Exchange__h96,DLinear,Exchange,96,2021,2022,4,1422,"fredf,none,revin,san_lite",0.9127988748241913,0.32365322113225764,0.5891456536919337,47.48405468451,15.926325656414857,15.415472517243632,0.9679239800697242,0.032076019930275756,0.9868437150136232,0.9913038956901847,0.5013822749689216,revin,revin
DLinear__Exchange__h192,DLinear,Exchange,192,2021,2022,4,1326,"fredf,none,revin,san_lite",0.9728506787330317,0.2984690685648897,0.6743816101681419,53.66663976524733,24.67996180293796,24.633093588620095,0.9981009608243281,0.0018990391756719127,0.9977923902858781,0.9983571659443573,0.6999336969041449,revin,revin
DLinear__Exchange__h336,DLinear,Exchange,336,2021,2022,4,1182,"fredf,none,revin,san_lite",0.9365482233502538,0.294602340236085,0.6419458831141688,48.4141211720417,25.262961898515535,25.123530488691358,0.9944807972088036,0.0055192027911964425,0.9983292077675997,0.9964632185624119,1.3186943463022764,fredf,fredf
DLinear__Exchange__h720,DLinear,Exchange,720,2021,2022,4,798,"fredf,none,revin,san_lite",0.8884711779448622,0.5904830999805278,0.29798807796433435,17.118302003276998,1.887916491471554,1.646120037893255,0.8719241795542405,0.1280758204457595,0.9956060072048959,0.99888806980943,1.9030492800002186,fredf,fredf
DLinear__ILI__h24,DLinear,ILI,24,2021,2022,4,170,"fredf,none,revin,san_lite",0.9823529411764705,0.28339100346020757,0.698961937716263,20.22291841566116,10.020332997359986,10.01339745626187,0.999307853232029,0.0006921467679710247,0.999472088471437,0.9999363438158628,0.13235169994648063,none,none
DLinear__ILI__h36,DLinear,ILI,36,2021,2022,4,158,"fredf,none,revin,san_lite",0.9430379746835443,0.293422528440955,0.6496154462425894,17.933219555389357,6.675670389384513,6.616497463824533,0.9911360324718735,0.00886396752812646,0.9820689137989579,0.997622594433115,0.7947944673603472,revin,none
DLinear__ILI__h48,DLinear,ILI,48,2021,2022,4,146,"fredf,none,revin,san_lite",0.9315068493150684,0.41686995683993244,0.514636892475136,12.612301284607968,3.102776028488446,3.071887913664568,0.9900450066197896,0.009954993380210442,0.9860827722181209,0.9995220201338119,0.11554497778556334,revin,revin
DLinear__ILI__h60,DLinear,ILI,60,2021,2022,4,134,"fredf,none,revin,san_lite",0.8582089552238806,0.4239251503675652,0.43428380485631546,10.172834621655609,2.3861132337897484,2.2165804072426365,0.9289502173885306,0.07104978261146944,0.9379974674602246,0.9980574784139167,1.6654660052566161,revin,revin
PatchTST__ETTh1__h96,PatchTST,ETTh1,96,2021,2022,3,2785,"fredf,none,san_lite",0.7910233393177738,0.35034620578954323,0.44067713352823057,48.74649752055457,4.354584307131995,3.833687001701689,0.8803795566485706,0.1196204433514294,0.8695559139924878,0.9972867594904858,0.4330406113371122,none,none
PatchTST__ETTh1__h192,PatchTST,ETTh1,192,2021,2022,3,2689,"fredf,none,san_lite",0.8638899219040536,0.3534630917165799,0.5104268301874737,55.36817371075624,4.35980311308759,4.11157477258423,0.9430643233043692,0.05693567669563082,0.9208778646876737,0.9970674269157964,0.4885802641287806,none,none
PatchTST__ETTh1__h336,PatchTST,ETTh1,336,2021,2022,3,2545,"fredf,none,san_lite",0.850294695481336,0.389348813691471,0.46094588178986495,47.69005267310179,4.57892840983203,4.303026893339965,0.9397453963465251,0.0602546036534749,0.9093815071302455,0.9965100410080366,0.8416336767058675,none,none
PatchTST__ETTh1__h720,PatchTST,ETTh1,720,2021,2022,3,2161,"fredf,none,san_lite",0.7454881999074503,0.4479236372521077,0.2975645626553426,27.816790879795732,2.5433612036662696,1.716614086554686,0.6749391647872025,0.3250608352127975,0.674024150121315,0.9843155396128473,0.8809459323121416,san_lite,san_lite
PatchTST__ETTh2__h96,PatchTST,ETTh2,96,2021,2022,3,2785,"fredf,none,san_lite",0.5500897666068223,0.3461236619618435,0.20396610464497877,22.625966811091438,6.428646352815423,2.2271113379094625,0.3464355037875275,0.6535644962124725,0.41593267088283153,0.9920557962734621,2.6378336743204205,none,fredf
PatchTST__ETTh2__h192,PatchTST,ETTh2,192,2021,2022,3,2689,"fredf,none,san_lite",0.766827817032354,0.3419415574186862,0.4248862596136678,46.447240010743286,7.151751774035202,6.1471762800863425,0.859534345473787,0.14046565452621296,0.8122840002488176,0.9969046065142962,0.8421949762802367,none,san_lite
PatchTST__ETTh2__h336,PatchTST,ETTh2,336,2021,2022,3,2545,"fredf,none,san_lite",0.7595284872298624,0.33435149625020744,0.425176990979655,45.46629147803332,6.608858169873999,5.847481164080952,0.8847944703574168,0.11520552964258324,0.8236997633835172,0.9970169771683391,0.174878335258808,san_lite,san_lite
PatchTST__ETTh2__h720,PatchTST,ETTh2,720,2021,2022,3,2161,"fredf,none,san_lite",0.7963905599259602,0.33722519074733814,0.45916536917862205,45.14955849691017,6.233594587996281,5.776007036225235,0.9265933089950702,0.0734066910049298,0.9147562370712693,0.9972527918962194,0.5217459413124075,san_lite,san_lite
PatchTST__Exchange__h96,PatchTST,Exchange,96,2021,2022,3,1422,"fredf,none,san_lite",0.8895921237693389,0.3483376556067898,0.5412544681625491,42.839043674540385,11.84840578402683,11.462259227321479,0.9674094081732137,0.03259059182678625,0.9575849098525053,0.9961192269334718,0.7456954012575526,none,none
PatchTST__Exchange__h192,PatchTST,Exchange,192,2021,2022,3,1326,"fredf,none,san_lite",0.8536953242835595,0.34255372876613227,0.5111415955174272,39.22098563204857,7.762540576961899,7.351439473713873,0.9470403923596721,0.05295960764032792,0.9238079891653833,0.9982205153831254,1.3205800260039355,none,none
PatchTST__Exchange__h336,PatchTST,Exchange,336,2021,2022,3,1182,"fredf,none,san_lite",0.8062605752961083,0.35304597158162054,0.45321460371448774,32.60320485987985,6.153822687841101,5.3049051068659026,0.8620503670584279,0.13794963294157214,0.8919065630216801,0.9977974104287521,1.4851189727122822,none,none
PatchTST__Exchange__h720,PatchTST,Exchange,720,2021,2022,3,798,"fredf,none,san_lite",0.8208020050125313,0.376027788770171,0.4447742162423603,25.93871479522342,5.571631002169784,4.974781323789037,0.8928770268260202,0.10712297317397979,0.7822778470198151,0.9961398374877973,0.12070321348940889,none,none
PatchTST__ILI__h24,PatchTST,ILI,24,2021,2022,3,170,"fredf,none,san_lite",0.8823529411764706,0.3658131487889273,0.5165397923875432,13.98266560928978,10.564626093836726,10.207088020986966,0.9661570537684866,0.033842946231513404,0.9577533066968001,0.9962826623807515,2.5043637673471895,none,none
PatchTST__ILI__h36,PatchTST,ILI,36,2021,2022,3,158,"fredf,none,san_lite",0.8164556962025317,0.41099182823265495,0.4054638679698767,10.358656910954902,4.779972706497481,4.450967989071491,0.9311701681938959,0.06882983180610414,0.9319517775217239,0.99477672877991,2.010046893910528,none,none
PatchTST__ILI__h48,PatchTST,ILI,48,2021,2022,3,146,"fredf,none,san_lite",0.815068493150685,0.6439763557890786,0.17109213736160633,4.317497531670265,0.758538379673295,0.45885555517766663,0.6049206836116813,0.3950793163883187,0.7396955381792276,0.9958655779673745,1.2832057449731484,none,none
PatchTST__ILI__h60,PatchTST,ILI,60,2021,2022,3,134,"fredf,none,san_lite",0.9477611940298507,0.7175874359545555,0.23017375807529517,5.918733528699183,1.0183631436087255,0.9495408757591918,0.93241873659562,0.06758126340437998,0.8125351112363534,0.9968441181318658,1.931742969951334,none,none
iTransformer__ETTh1__h96,iTransformer,ETTh1,96,2021,2022,3,2785,"fredf,none,san_lite",0.5342908438061041,0.3600214021640682,0.17426944164203595,19.159622796908902,4.7029339992943875,0.8000380745509698,0.1701146719624398,0.8298853280375602,0.27076480713912404,0.9754251986884942,0.7808815363550825,fredf,fredf
iTransformer__ETTh1__h192,iTransformer,ETTh1,192,2021,2022,3,2689,"fredf,none,san_lite",0.5440684269245073,0.3832722905502785,0.1607961363742288,17.150254474808175,3.2210416987753954,-0.2073529587742277,-0.06437450308484396,1.064374503084844,0.2812402772184199,0.9726994565843176,2.6099844042951363,fredf,fredf
iTransformer__ETTh1__h336,iTransformer,ETTh1,336,2021,2022,3,2545,"fredf,none,san_lite",0.6715127701375245,0.46805192198578827,0.20346084815173626,20.570417458112658,2.250829768159841,0.28445641969215907,0.12637846882783835,0.8736215311721617,0.49736671352978623,0.9805567534181123,0.7508158348920322,fredf,fredf
iTransformer__ETTh1__h720,iTransformer,ETTh1,720,2021,2022,3,2161,"fredf,none,san_lite",0.6552521980564553,0.44118840554262057,0.21406379251383473,20.041298166198757,2.2071189062212424,0.2060613372872338,0.09336213681392756,0.9066378631860724,0.48196109979766916,0.9485715803752175,3.1974507312337854,fredf,fredf
iTransformer__ETTh2__h96,iTransformer,ETTh2,96,2021,2022,3,2785,"fredf,none,san_lite",0.6861759425493716,0.38235107929437323,0.3038248632549984,32.99391925343057,6.207122043314927,3.9467209430665893,0.6358374969148882,0.3641625030851118,0.6932557462470601,0.9909293574812343,0.5285141681964488,fredf,fredf
iTransformer__ETTh2__h192,iTransformer,ETTh2,192,2021,2022,3,2689,"fredf,none,san_lite",0.550762365191521,0.38903492473295537,0.16172744045856563,17.201908227727703,6.417515607081709,2.0942873012544108,0.3263392610909074,0.6736607389090926,0.47991264173882475,0.9733806225022666,1.0150996670869419,fredf,fredf
iTransformer__ETTh2__h336,iTransformer,ETTh2,336,2021,2022,3,2545,"fredf,none,san_lite",0.45972495088408644,0.35863332316920193,0.1010916277148845,10.633606046723916,5.3931587456417684,-1.7354146727322222,-0.32178075124056327,1.3217807512405633,0.03164592468947865,0.962168139045375,1.9158157293239146,fredf,fredf
iTransformer__ETTh2__h720,iTransformer,ETTh2,720,2021,2022,3,2161,"fredf,none,san_lite",0.5844516427579824,0.33793483872639385,0.2465168040315886,24.227414022992907,6.194131138453422,2.420464001134109,0.39076731619512683,0.6092326838048732,0.5796527725771309,0.9597563320671466,1.2037065771188646,fredf,fredf
iTransformer__Exchange__h96,iTransformer,Exchange,96,2021,2022,3,1422,"fredf,none,san_lite",0.509142053445851,0.32409781196033394,0.185044241485517,14.908892972045019,11.95763578861909,1.3893876408512744,0.11619250371997873,0.8838074962800213,0.46490795598629636,0.9263365022155465,9.49802627452506,fredf,none
iTransformer__Exchange__h192,iTransformer,Exchange,192,2021,2022,3,1326,"fredf,none,san_lite",0.6327300150829562,0.33298412763411434,0.2997458874488419,23.160351417729203,10.931433214449005,7.448329465362131,0.6813680621052545,0.31863193789474553,0.6920593660008786,0.9816245137572562,0.5819673131753608,none,fredf
iTransformer__Exchange__h336,iTransformer,Exchange,336,2021,2022,3,1182,"fredf,none,san_lite",0.6252115059221658,0.34217363669939105,0.28303786922277474,20.510411530987525,8.81824019201899,5.982158562526013,0.6783846246261479,0.3216153753738521,0.7748498503346146,0.9816451796388789,2.470328249534201,none,fredf
iTransformer__Exchange__h720,iTransformer,Exchange,720,2021,2022,3,798,"fredf,none,san_lite",0.5977443609022557,0.3592706704103617,0.23847369049189399,14.040860804347233,7.618106208298288,3.5534198216954547,0.46644398549140315,0.5335560145085969,0.5180325465621367,0.9508995116858144,0.7751586619199757,none,none
iTransformer__ILI__h24,iTransformer,ILI,24,2021,2022,3,170,"fredf,none,san_lite",0.8529411764705882,0.3580622837370242,0.494878892733564,13.458530918434217,26.736835483799545,26.587261289265147,0.9944056881890518,0.0055943118109481604,0.9290065252915816,0.9867505383855559,3.7305468190508764,none,none
iTransformer__ILI__h36,iTransformer,ILI,36,2021,2022,3,158,"fredf,none,san_lite",0.6075949367088608,0.4123537894568179,0.1952411472520429,4.985479438529516,7.671728469977047,2.264399252718865,0.2951615482196074,0.7048384517803926,0.8058338845042552,0.9805440587331997,3.784731267185885,none,none
iTransformer__ILI__h48,iTransformer,ILI,48,2021,2022,3,146,"fredf,none,san_lite",0.5273972602739726,0.418277350347157,0.10911990992681558,2.6729464970365417,4.293572294708753,1.0054895616638015,0.23418484484421784,0.7658151551557821,0.7767668590155895,0.9854132855618271,2.1063307289634166,none,none
iTransformer__ILI__h60,iTransformer,ILI,60,2021,2022,3,134,"fredf,none,san_lite",0.6492537313432836,0.4081644018712408,0.24108932947204276,5.678220899604187,2.545922233488467,1.0451500390074544,0.4105192316009479,0.5894807683990522,0.4677674612440524,0.9939286323454163,0.9221117954405891,none,none
