key,backbone,dataset,pred_len,mse_random_gate,mse_shuffled_feat_gate,gain_random_vs_none,gain_shuffled_vs_none,gain_random_vs_best_fixed,gain_shuffled_vs_best_fixed,gate_minus_random,gate_minus_shuffled
DLinear__ETTh1__h96__s2021,DLinear,ETTh1,96,0.398367722980424,0.3958543093713866,-0.6380549132450395,-0.003101220428420971,-0.6380549132450395,-0.003101220428420971,0.7408251091738426,0.11059485757454479
DLinear__ETTh1__h192__s2021,DLinear,ETTh1,192,0.44735830150248174,0.44606739147948976,-0.2893979805848448,-1.2444566065907062e-14,-0.2893979805848448,-1.2444566065907062e-14,0.22236838752695434,-0.0663860634349159
DLinear__ETTh1__h336__s2021,DLinear,ETTh1,336,0.48804530927380785,0.48671357163277496,-0.2736183494046786,0.0,-0.2736183494046786,0.0,0.16360038991220627,-0.10957031880597491
DLinear__ETTh1__h720__s2021,DLinear,ETTh1,720,0.519195855714722,0.5200704373126226,0.1681659896721146,0.0,0.1681659896721146,0.0,0.16624944703696304,0.3341358616811435
DLinear__ETTh2__h96__s2021,DLinear,ETTh2,96,0.3002051426095744,0.29553201822634234,14.452325330718443,15.783997802913275,-2.0932015218104505,-0.50397415133637,0.08123483119682862,-1.4987388740332424
DLinear__ETTh2__h192__s2021,DLinear,ETTh2,192,0.3838388161600057,0.38098606609802743,20.137583998950802,20.731133954308007,-1.170329404999691,-0.418415707560054,-0.06475416686320458,-0.8140197150083738
DLinear__ETTh2__h336__s2021,DLinear,ETTh2,336,0.41915413277029756,0.42277507655220087,29.48071720156955,28.87152278216827,-0.4319336276137789,-1.2995342478654612,-0.04407332916510483,0.8127746387683452
DLinear__ETTh2__h720__s2021,DLinear,ETTh2,720,0.4369528552590559,0.5708309177190328,46.617665148079226,30.26184214902496,-4.0800469401707975,-35.969150895792204,0.438937241921897,23.789182935945366
DLinear__ETTm1__h96__s2021,DLinear,ETTm1,96,0.3523338316518251,0.3422986649054733,-1.973921891788233,0.9304977751028267,-2.94633737042604,-0.014221380905141488,1.402414779007247,-1.4881697015096165
DLinear__ETTm1__h192__s2021,DLinear,ETTm1,192,0.39020628950406766,0.38202983318025796,-2.2557102914074956,-0.1130248156856258,-2.2557102914074956,-0.1130248156856258,0.9873372934914544,-1.1317975012505013
DLinear__ETTm1__h336__s2021,DLinear,ETTm1,336,0.41827257925357253,0.4132947299774332,-1.2202525001387299,-0.01563334595843373,-1.2202525001387299,-0.01563334595843373,0.9700096896423127,-0.22273807563459
DLinear__ETTm1__h720__s2021,DLinear,ETTm1,720,0.4784530407813355,0.47377604213856667,-0.9871749997419791,0.0,-0.9871749997419791,0.0,0.3214744556464537,-0.6625270286388271
DLinear__ETTm2__h96__s2021,DLinear,ETTm2,96,0.1872211109391481,0.18264236918531962,4.801881832018231,7.130078670252899,-2.364002738337722,0.13944535612890496,3.4106697403121395,0.9892294063707933
DLinear__ETTm2__h192__s2021,DLinear,ETTm2,192,0.25337517525106656,0.25241598619246947,8.885676932529778,9.230603627423442,-3.0536295831429925,-2.663504884278822,7.516127606656503,7.164685846432995
DLinear__ETTm2__h336__s2021,DLinear,ETTm2,336,0.3151826348214023,0.31211566192227436,14.584688954576222,15.415846560370431,-2.8418051805779743,-1.8410741930857364,5.71821816079466,4.7917677930030615
DLinear__ETTm2__h720__s2021,DLinear,ETTm2,720,0.41259447602585675,0.4069268311642655,23.796516274572948,24.843292971950877,-0.5626987652643527,0.8186907007633061,1.4579786467258689,0.08549313286975024
DLinear__Electricity__h96__s2021,DLinear,Electricity,96,0.19748179225959714,0.19703281392980754,1.1839010506224144,1.4085611904497344,-0.22786982575768816,0.0,0.09450609714420423,-0.13314837773459104
DLinear__Electricity__h192__s2021,DLinear,Electricity,192,0.1961468466885886,0.1961283894536128,1.6678307341552132,1.6770836993924823,-0.009410792097520193,0.0,0.0021992370806448807,-0.00721134805124592
DLinear__Electricity__h336__s2021,DLinear,Electricity,336,0.21015522514321477,0.20981458371060752,1.1146265374454716,1.2749102289743073,-0.1623535535906531,1.3228620777752636e-14,0.04061312439790137,-0.12167449234208078
DLinear__Electricity__h720__s2021,DLinear,Electricity,720,0.24982484695709797,0.246230234418034,-0.8015651409231029,0.6488212975147495,-1.4598583100671068,0.0,0.023176488109188608,-1.4363434780702744
DLinear__Exchange__h96__s2021,DLinear,Exchange,96,0.09290984141288008,0.0947217128932497,1.9170355804019288,0.004280986942597917,-4.773786455488405,-6.817021409720874,-1.2934523977083656,0.6441257133682798
DLinear__Exchange__h192__s2021,DLinear,Exchange,192,0.18336244200441992,0.18668147693381143,-0.921993396583087,-2.7487776472922762,-2.130625802819686,-3.9792874518075,-2.2063872495298487,-0.3892462301958249
DLinear__Exchange__h336__s2021,DLinear,Exchange,336,0.33111945386162867,0.33353729950368105,-1.2706710961609522,-2.0101530200444,-2.2368665459557677,-2.983403662249102,-0.5137628296276673,0.21487161031295934
DLinear__Exchange__h720__s2021,DLinear,Exchange,720,0.8817172627475924,0.8817172627475924,-17.71021104159883,-17.71021104159883,1.2591599048024068e-14,1.2591599048024068e-14,-1.259159904802407e-14,-1.259159904802407e-14
DLinear__ILI__h24__s2021,DLinear,ILI,24,4.784612483136794,4.771578334079069,-0.18616355128446124,0.08676166342229674,0.24786573558196706,0.5196085760754795,2.0991885045999976,1.8317604796235918
DLinear__ILI__h36__s2021,DLinear,ILI,36,4.396982236300842,4.36402454632747,0.3834257207021712,1.130104236753637,-0.7552132125631653,0.0,0.28776141868515726,-0.46527858162343855
DLinear__ILI__h48__s2021,DLinear,ILI,48,4.008537466395391,4.008537466395391,2.484627028053164,2.484627028053164,0.0,0.0,0.0,0.0
DLinear__ILI__h60__s2021,DLinear,ILI,60,4.02952110500478,4.02952110500478,4.893251157472874,4.893251157472874,0.0,0.0,0.0,0.0
DLinear__Weather__h96__s2021,DLinear,Weather,96,0.195928030664316,0.1949168745741856,0.043918963488793226,0.5597777701252189,0.043918963488793226,0.5597777701252189,0.8053260411548477,0.29074104742053086
DLinear__Weather__h192__s2021,DLinear,Weather,192,0.23642163690630308,0.23503512076120558,0.08125484655323267,0.6672373952124938,0.08125484655323267,0.6672373952124938,0.5910114414607295,0.0045792216407944
DLinear__Weather__h336__s2021,DLinear,Weather,336,0.2831047918994355,0.2816174783211264,-0.44475560081847454,0.08293892484528494,-0.44475560081847454,0.08293892484528494,0.5793276935026573,0.05425475851623413
DLinear__Weather__h720__s2021,DLinear,Weather,720,0.3468012105533948,0.34615296449322563,-0.18329240184979514,0.003971721278427123,-0.18329240184979514,0.003971721278427123,0.4323405509939288,0.2458786408600921
PatchTST__ETTh1__h96__s2021,PatchTST,ETTh1,96,0.3904301400078691,0.3839005296662637,-1.7259787172854189,-0.024698681304522706,-1.7259488160723147,-0.02466928016364741,1.0952546768185483,-0.5869765210801126
PatchTST__ETTh1__h192__s2021,PatchTST,ETTh1,192,0.43808962429775633,0.43134833358951374,-1.590743180613217,-0.027472345009291087,-1.590743180613217,-0.027472345009291087,0.9315294833980933,-0.6167536737761589
PatchTST__ETTh1__h336__s2021,PatchTST,ETTh1,336,0.47558389393777417,0.47031003770402,-1.1512373591968144,-0.029548650858381965,-1.1512373591968144,-0.029548650858381965,1.2669620388442033,0.1598118485786201
PatchTST__ETTh1__h720__s2021,PatchTST,ETTh1,720,0.4739560313905516,0.4746060766593443,0.1603401066384925,0.02340694353261913,0.1603401066384925,0.02340694353261913,-0.07189340586788288,0.06517028557356933
PatchTST__ETTh2__h96__s2021,PatchTST,ETTh2,96,0.29223410971957653,0.2873753710767953,-1.8254557227447155,-0.13248676367294307,-1.8254557227447155,-0.13248676367294307,-0.49059094801552106,-2.189614478263944
PatchTST__ETTh2__h192__s2021,PatchTST,ETTh2,192,0.37606239588913887,0.3717245747907071,-1.6021925063068316,-0.430227058239169,-1.6021925063068316,-0.430227058239169,0.2981122999304605,-0.8653538288859612
PatchTST__ETTh2__h336__s2021,PatchTST,ETTh2,336,0.4175277865105739,0.4164969990676185,-0.25399937111291837,-0.006493535582294673,-0.25399937111291837,-0.006493535582294673,0.6899603970197155,0.4441782136880954
PatchTST__ETTh2__h720__s2021,PatchTST,ETTh2,720,0.42316354921726324,0.4230682211988837,0.05972629748369978,0.0822403071756223,0.026046635549921413,0.04856823241573396,-0.40672219002159293,-0.4293463753863361
PatchTST__ETTm1__h96__s2021,PatchTST,ETTm1,96,0.3399602487234631,0.32846387507715946,-3.5000420194056385,0.0,-3.5000420194056385,0.0,0.6258741806935226,-2.852261979399232
PatchTST__ETTm1__h192__s2021,PatchTST,ETTm1,192,0.38181317169848955,0.3695341113421095,-3.3228489547962283,0.0,-3.3228489547962283,0.0,1.2109241169573528,-2.071687658475183
PatchTST__ETTm1__h336__s2021,PatchTST,ETTm1,336,0.4095236540775934,0.4003663015528135,-2.287243579002641,-1.3865090797057641e-14,-2.287243579002641,-1.3865090797057641e-14,0.09267313288016456,-2.1924507858412
PatchTST__ETTm1__h720__s2021,PatchTST,ETTm1,720,0.4710167609429031,0.4627600083010869,-1.7842407497811144,-1.1995667351406152e-14,-1.7842407497811144,-1.1995667351406152e-14,0.7828037750843053,-0.9874698707509179
PatchTST__ETTm2__h96__s2021,PatchTST,ETTm2,96,0.18140583773076338,0.17651876845929765,-2.7752726762531466,-0.006509094866574845,-2.7752726762531466,-0.006509094866574845,-0.4054334046081343,-3.185241538099754
PatchTST__ETTm2__h192__s2021,PatchTST,ETTm2,192,0.24686776019247433,0.24215712640722228,-1.9600308863439542,-0.014469562896379903,-1.9600308863439542,-0.014469562896379903,-0.12501701463958806,-2.072728795390563
PatchTST__ETTm2__h336__s2021,PatchTST,ETTm2,336,0.30890580570419346,0.30400051112393744,-1.8863128244145877,-0.2684009274240832,-1.8863128244145877,-0.2684009274240832,0.25574799494327005,-1.353706334464136
PatchTST__ETTm2__h720__s2021,PatchTST,ETTm2,720,0.41167294562722445,0.40059751181547404,-2.816371792616427,-0.05025385203691559,-2.816371792616427,-0.05025385203691559,-0.0005309116705603979,-2.7652741479178955
PatchTST__Electricity__h96__s2021,PatchTST,Electricity,96,0.19281121553894626,0.1921811645974956,-0.32784219138590476,0.0,-0.32784219138590476,0.0,0.23281599777282028,-0.09426292454408908
PatchTST__Electricity__h192__s2021,PatchTST,Electricity,192,0.19660877310846375,0.1961862632442941,-0.21536159422200257,0.0,-0.21536159422200257,0.0,0.15583730083635863,-0.05918867969017023
PatchTST__Electricity__h336__s2021,PatchTST,Electricity,336,0.21246275846728216,0.21188246930765015,-0.27387313425476273,1.309951488964254e-14,-0.27387313425476273,1.309951488964254e-14,0.21839451115849054,-0.054880499203535146
PatchTST__Electricity__h720__s2021,PatchTST,Electricity,720,0.2558374457469834,0.2535597536498769,-0.8982861295261659,0.0,-0.8982861295261659,0.0,0.4161247316801525,-0.4784234070998026
PatchTST__Exchange__h96__s2021,PatchTST,Exchange,96,0.08829816564480064,0.0866127347669259,-3.553403046570506,-1.5767809760303653,0.32656659746931127,2.229128005531891,-0.15373839291487668,-2.1026689246005987
PatchTST__Exchange__h192__s2021,PatchTST,Exchange,192,0.1830321216025863,0.18032197608200898,-1.5076565657529273,-0.004638853147300911,-0.3602028714962662,1.1258245638710578,-3.61505542416113,-5.172335820161747
PatchTST__Exchange__h336__s2021,PatchTST,Exchange,336,0.34116940809108076,0.34287000063384443,-4.97080173996991,-5.494039047925541,0.6449445384186934,0.14969947131633088,-1.717372544296794,-1.2128670323008115
PatchTST__Exchange__h720__s2021,PatchTST,Exchange,720,0.8787826002764522,0.8784362588834046,-4.19120107390596,-4.150137760053543,1.2633648234212115e-14,0.03941149869584692,-1.2633648234212117e-14,-0.039427037482210034
PatchTST__ILI__h24__s2021,PatchTST,ILI,24,2.872706326807246,2.863565654228715,-0.33106810406912307,-0.011824387983274533,-0.33106810406912307,-0.011824387983274533,0.5509959304854398,0.23354877046739722
PatchTST__ILI__h36__s2021,PatchTST,ILI,36,2.8253680539659305,2.80074233178851,-1.0394969979715636,-0.158843385949278,-1.0394969979715636,-0.158843385949278,0.47530631079709873,-0.39977149581327165
PatchTST__ILI__h48__s2021,PatchTST,ILI,48,2.736687513655179,2.736687513655179,0.0,0.0,0.0,0.0,0.0,0.0
PatchTST__ILI__h60__s2021,PatchTST,ILI,60,2.748105302230636,2.748105302230636,0.0,0.0,0.0,0.0,0.0,0.0
PatchTST__Weather__h96__s2021,PatchTST,Weather,96,0.18544797640916624,0.18468921068475813,-0.40967201016632254,0.0011570481776008261,-0.41237772538181666,-0.0015375965263391942,0.40603002320962484,-0.0031356800576658565
PatchTST__Weather__h192__s2021,PatchTST,Weather,192,0.2321694272919153,0.22977587704881192,-1.067498134439009,-0.025542965964851866,-1.067498134439009,-0.025542965964851866,0.4426135531928546,-0.5944648798962499
PatchTST__Weather__h336__s2021,PatchTST,Weather,336,0.286537232782848,0.2853957729070199,-0.42888870782261024,-0.028816627415312972,-0.42888870782261024,-0.028816627415312972,0.1204692723334906,-0.279005728927
PatchTST__Weather__h720__s2021,PatchTST,Weather,720,0.3617570948127331,0.3610130674061185,-0.21712299286915376,-0.011005995613979674,-0.21538712920583766,-0.009273702109088029,0.1104168830883198,-0.09544986851731752
iTransformer__ETTh1__h96__s2021,iTransformer,ETTh1,96,0.39485621894283407,0.38306902135081955,0.5894894638445084,3.5570793717531983,-4.122592896868705,-1.0143385060651067,0.4722447364528528,-2.590266852297212
iTransformer__ETTh1__h192__s2021,iTransformer,ETTh1,192,0.45337815155722305,0.437089184317814,-2.7209678872865988,0.9695903695806238,-2.7209678872865988,0.9695903695806238,0.9624920090438392,-2.728330781850729
iTransformer__ETTh1__h336__s2021,iTransformer,ETTh1,336,0.4959765314001934,0.4724886393020101,-0.060461756799006124,4.678087711254377,-5.773262552701676,-0.76417276635239,0.8341780538361173,-4.095456083261983
iTransformer__ETTh1__h720__s2021,iTransformer,ETTh1,720,0.48544089010003433,0.48054075337349955,6.958638001250809,7.897815982162138,-2.2845753105737097,-1.2520944992991623,-0.46519134362453246,-1.4896480008054473
iTransformer__ETTh2__h96__s2021,iTransformer,ETTh2,96,0.29600488910314426,0.29337458670166067,1.1404552514872555,2.0189221536677153,-1.6424739973007016,-0.7392779580157848,0.19788207534164853,-0.6969116878156063
iTransformer__ETTh2__h192__s2021,iTransformer,ETTh2,192,0.38004169268024457,0.3758381954522082,2.626235584612295,3.703249914055493,-1.1143673484276004,0.00402037336443625,0.41802616560956496,-0.6957311800760868
iTransformer__ETTh2__h336__s2021,iTransformer,ETTh2,336,0.42049288746533087,0.4170946375595328,1.8872955408145058,2.680201910039876,-2.3112153138412785,-1.4843783133457928,-0.08572018347126469,-0.9011617129391473
iTransformer__ETTh2__h720__s2021,iTransformer,ETTh2,720,0.43339338218211465,0.4603847175705549,0.3552550509939601,-5.850526673374499,11.461912133021393,5.94784264670168,-0.5721211526595409,5.324199357450283
iTransformer__ETTm1__h96__s2021,iTransformer,ETTm1,96,0.34146737725716453,0.3345614263789659,1.22003224910999,3.2177914802119982,-2.6575855556747316,-0.5814040802596865,-0.383618470158471,-2.455717294077936
iTransformer__ETTm1__h192__s2021,iTransformer,ETTm1,192,0.3868364151827323,0.37891146160273503,-0.22840114238555306,1.8249356048115484,-2.309032654732064,-0.2130708921402919,0.6501919221947612,-1.4277146522483402
iTransformer__ETTm1__h336__s2021,iTransformer,ETTm1,336,0.42272863215096146,0.41700223781737994,-0.8289815429445242,0.5368746225795458,-2.6903975096134785,-1.2993261089876154,0.2871113694645317,-1.0821746166879773
iTransformer__ETTm1__h720__s2021,iTransformer,ETTm1,720,0.5011721668061521,0.5139443304787387,2.519127024900174,0.03486762854051301,2.519127024900174,0.03486762854051301,2.1183824468862174,4.55086387684759
iTransformer__ETTm2__h96__s2021,iTransformer,ETTm2,96,0.18395507738339822,0.18093884902198024,-2.0075202898232165,-0.3349490286714936,-1.7486743620599448,-0.0803472807354831,-0.37244817231290783,-2.0456445395775016
iTransformer__ETTm2__h192__s2021,iTransformer,ETTm2,192,0.2532214767072455,0.24478930472746926,0.8190183343601619,4.12170460489037,-3.4550002456963074,-0.009990898228519684,-0.4856348795376934,-3.947028569679248
iTransformer__ETTm2__h336__s2021,iTransformer,ETTm2,336,0.3106385959185257,0.30305813306708607,6.590954003417995,8.870399675870571,-2.5551074389655164,-0.052471924968156544,0.4007159591356299,-2.090583861985276
iTransformer__ETTm2__h720__s2021,iTransformer,ETTm2,720,0.41064994739062116,0.40934182659802804,0.14836065566573112,0.4664369306792723,-0.440914469687378,-0.12096106538421053,-0.5425283930449569,-0.8638289867897037
iTransformer__Electricity__h96__s2021,iTransformer,Electricity,96,0.16263458092036115,0.15795021737562376,-2.9657214928471918,0.0,-2.9657214928471918,0.0,1.144809277682442,-1.786960360364413
iTransformer__Electricity__h192__s2021,iTransformer,Electricity,192,0.17319438358598688,0.17087192704813275,-1.3591796955542734,0.0,-1.3591796955542734,0.0,0.8284385874993424,-0.5194811389835033
iTransformer__Electricity__h336__s2021,iTransformer,Electricity,336,0.19045807707975357,0.18736326369991158,-1.651771707383498,0.0,-1.651771707383498,0.0,0.5235257932234069,-1.119598463226772
iTransformer__Electricity__h720__s2021,iTransformer,Electricity,720,0.23002393393297602,0.22460258134501906,-2.4436957448867846,-0.029236581668453086,-2.4436957448867846,-0.029236581668453086,0.8574576493508969,-1.5355989011492062
iTransformer__Exchange__h96__s2021,iTransformer,Exchange,96,0.10164584249949657,0.11079369411658387,9.813008611959344,1.696422682679498,9.813008611959344,1.696422682679498,0.30100540037273704,8.532806101974499
iTransformer__Exchange__h192__s2021,iTransformer,Exchange,192,0.18892628928564975,0.1904205924341087,-0.1808470580169957,-0.9732225169291447,-0.1808470580169957,-0.9732225169291447,-0.6138207932390441,0.17573430302007567
iTransformer__Exchange__h336__s2021,iTransformer,Exchange,336,0.34285959530678495,0.34045821321267766,-0.8694553622733994,-0.1629676125813684,-0.1737257798192954,0.5278890930901966,-0.7601551129172279,-1.4708550546330454
iTransformer__Exchange__h720__s2021,iTransformer,Exchange,720,0.871867876117092,0.8701555664602079,-1.1852328247760229,-0.9865095364822005,-1.1852328247760229,-0.9865095364822005,-0.1997354907185324,-0.39691054919199537
iTransformer__ILI__h24__s2021,iTransformer,ILI,24,2.3317692723957935,2.297753014468095,-1.6343752716019997,-0.15171523122600927,-1.6343752716019997,-0.15171523122600927,-2.4970662705885873,-4.014447216729285
iTransformer__ILI__h36__s2021,iTransformer,ILI,36,2.2636822758784776,2.191627541580532,-3.2877271767605714,0.0,-3.2877271767605714,0.0,0.8615769663273942,-2.397823910362522
iTransformer__ILI__h48__s2021,iTransformer,ILI,48,2.324769327493563,2.287570939121181,-1.821827614852732,-0.19258730975761573,-1.821827614852732,-0.19258730975761573,1.2455735878256902,-0.36028065885464045
iTransformer__ILI__h60__s2021,iTransformer,ILI,60,2.3185477496972724,2.3185477496972724,0.0,0.0,0.0,0.0,0.0,0.0
iTransformer__Weather__h96__s2021,iTransformer,Weather,96,0.17440079416215065,0.17429256328809267,0.34189131676296614,0.40373784826248194,-0.5313780564227477,-0.46898958526062046,-0.259676348267291,-0.32193484168301206
iTransformer__Weather__h192__s2021,iTransformer,Weather,192,0.22381179377258076,0.2224802166717807,0.5960567092918223,1.1874643933258513,0.5960567092918223,1.1874643933258513,0.7073445825409118,0.11306331021556093
iTransformer__Weather__h336__s2021,iTransformer,Weather,336,0.2831041885493889,0.28172895251902896,-0.5171782660950502,-0.028895680346436886,-0.5171782660950502,-0.028895680346436886,1.0065992195079603,0.5233713144472768
iTransformer__Weather__h720__s2021,iTransformer,Weather,720,0.36042339480533253,0.35923353303474226,-0.27463558924369896,0.05639995719085668,-0.27463558924369896,0.05639995719085668,0.14358028420715405,-0.18716650149455005
