key,backbone,dataset,pred_len,gain_full,gain_drop_w_pc,delta_drop_w_pc,gain_drop_w_ns,delta_drop_w_ns,gain_drop_w_fr,delta_drop_w_fr,gain_drop_w_sd,delta_drop_w_sd,gain_drop_w_ch,delta_drop_w_ch
DLinear__ETTh1__h96__s2021,DLinear,ETTh1,96,0.1074970669364397,-0.2893845050419952,-0.3968815719784349,-0.6064478485086334,-0.7139449154450731,0.21015813139267495,0.10266106445623524,-0.11418890876424116,-0.22168597570068088,0.3988958265480994,0.29139875961165973
DLinear__ETTh1__h192__s2021,DLinear,ETTh1,192,-0.06638606343492835,0.3913077805406735,0.45769384397560187,-0.3889668771444592,-0.32258081370953084,-0.15009946692507586,-0.08371340349014751,0.13435458959122826,0.20074065302615662,-0.06925589133970171,-0.002869827904773359
DLinear__ETTh1__h336__s2021,DLinear,ETTh1,336,-0.10957031880597491,-0.35527651475853395,-0.24570619595255905,-0.10517368928440947,0.004396629521565443,0.30740569357405395,0.41697601238002885,-0.2677528609720505,-0.15818254216607558,-0.06341422713997004,0.04615609166600487
DLinear__ETTh1__h720__s2021,DLinear,ETTh1,720,0.3341358616811435,0.4630957220259911,0.12895986034484758,0.010339123806015892,-0.32379673787512764,0.589711410937754,0.2555755492566105,0.5152361435601522,0.18110028187900873,0.9064872279805208,0.5723513662993773
DLinear__ETTh2__h96__s2021,DLinear,ETTh2,96,-2.0102662818907695,-0.9411802442279803,1.0690860376627893,0.09719975071310878,2.1074660326038783,-1.6505872581499268,0.3596790237408427,-1.8377573836391377,0.17250889825163185,-1.0938244565679949,0.9164418253227746
DLinear__ETTh2__h192__s2021,DLinear,ETTh2,192,-1.2358414089186585,-0.35575107829496205,0.8800903306236965,-1.1847415690114345,0.051099839907224,-1.4207228928956057,-0.18488148397694726,-1.5223500068266747,-0.2865085979080162,-1.2605934532978749,-0.02475204437921641
DLinear__ETTh2__h336__s2021,DLinear,ETTh2,336,-0.4761973243083567,-0.5967535414659871,-0.12055621715763043,-0.08525752639546993,0.3909397979128868,-0.2439080329835874,0.2322892913247693,-0.5724674141239303,-0.09627008981557361,0.04962746328402838,0.525824787592385
DLinear__ETTh2__h720__s2021,DLinear,ETTh2,720,-3.6232008527405957,-4.192639017714492,-0.5694381649738962,-2.717238948557648,0.9059619041829476,-4.657078568660132,-1.033877715919536,-3.343889694787164,0.27931115795343153,-0.06520377256867446,3.5579970801719214
DLinear__ETTm1__h96__s2021,DLinear,ETTm1,96,-1.5026027206965247,-1.2810990491252678,0.22150367157125683,-1.2095563476283067,0.293046373068218,-1.0886087360222214,0.41399398467430326,-2.106040986671112,-0.6034382659745874,-0.6435649354981653,0.8590377851983594
DLinear__ETTm1__h192__s2021,DLinear,ETTm1,192,-1.2461015289758501,-1.1761427817671357,0.06995874720871442,-0.9966622458326508,0.2494392831431993,-1.258341136939622,-0.012239607963771881,-1.546746811663972,-0.30064528268812185,-0.5452363497118149,0.7008651792640352
DLinear__ETTm1__h336__s2021,DLinear,ETTm1,336,-0.23840624300696886,-0.24866448500880334,-0.010258242001834478,-0.629796429494765,-0.3913901864877961,-0.6755979687285264,-0.4371917257215575,-1.0218311989137856,-0.7834249559068167,-0.7084456971564561,-0.4700394541494872
DLinear__ETTm1__h720__s2021,DLinear,ETTm1,720,-0.6625270286388271,-0.44312426498058527,0.2194027636582418,-0.4100374417936602,0.25248958684516687,-0.2789637527855048,0.3835632758533223,-0.7186350721690814,-0.05610804353025434,-0.535473100702176,0.12705392793665105
DLinear__ETTm2__h96__s2021,DLinear,ETTm2,96,1.1272953280310527,1.2121958376776687,0.084900509646616,1.1514755154879028,0.024180187456850133,0.5421548507983233,-0.5851404772327294,1.144060531623704,0.016765203592651323,0.8827921447026348,-0.24450318332841792
DLinear__ETTm2__h192__s2021,DLinear,ETTm2,192,4.692012719617149,4.457271540533707,-0.23474117908344194,-0.3953239483972311,-5.08733666801438,4.248432894566435,-0.4435798250507137,4.178728940591598,-0.5132837790255511,4.789124204364489,0.09711148474734
DLinear__ETTm2__h336__s2021,DLinear,ETTm2,336,3.038913600146899,2.707044016408003,-0.33186958373889563,-2.0757712521368012,-5.1146848522837,2.3572980803429395,-0.6816155198039593,2.8299050104706933,-0.2090085896762055,3.8128235618560624,0.7739099617091636
DLinear__ETTm2__h720__s2021,DLinear,ETTm2,720,0.9034839093044604,2.8683028970125535,1.964818987708093,0.6088849034633285,-0.29459900584113197,3.1840189052661216,2.280534995961661,0.7573295429139504,-0.14615436639051005,3.0693201972974786,2.1658362879930184
DLinear__Electricity__h96__s2021,DLinear,Electricity,96,-0.13314837773459104,-0.2980483395001503,-0.16489996176555927,-0.1544982314306401,-0.021349853696049054,-0.15213187956326582,-0.01898350182867478,-0.2711711702082785,-0.13802279247368748,-0.3288423084706901,-0.1956939307360991
DLinear__Electricity__h192__s2021,DLinear,Electricity,192,-0.00721134805124592,-0.05722784447000322,-0.0500164964187573,-0.007466816063681829,-0.0002554680124359091,-0.0022950857855621454,0.004916262265683775,-0.008279129790551574,-0.0010677817393056534,-0.000587359245622816,0.006623988805623104
DLinear__Electricity__h336__s2021,DLinear,Electricity,336,-0.12167449234206754,-0.3757227481209095,-0.25404825577884194,-0.09438258004045363,0.027291912301613902,-0.10957991631750388,0.012094576024563652,-0.0714127806043257,0.05026171173774184,-0.15257527439650367,-0.030900782054436138
DLinear__Electricity__h720__s2021,DLinear,Electricity,720,-1.4363434780702744,-0.7780140110164723,0.6583294670538021,-0.0988957547080949,1.3374477233621795,-1.3198651975888442,0.11647828048143016,-0.31545135566036375,1.1208921224099107,-0.4262195976460662,1.0101238804242083
DLinear__Exchange__h96__s2021,DLinear,Exchange,96,-6.128985508566762,-4.795350294970376,1.333635213596386,-0.13337150618377702,5.995614002382985,-5.788304594822081,0.34068091374468157,-5.572183352711358,0.5568021558554044,-5.615161034975265,0.5138244735914972
DLinear__Exchange__h192__s2021,DLinear,Exchange,192,-4.384022908398141,-3.637802800951707,0.7462201074464336,0.09698948019632524,4.481012388594466,-3.5494451077386135,0.834577800659527,-2.2338044426927586,2.150218465705382,-4.591306885853406,-0.2072839774552655
DLinear__Exchange__h336__s2021,DLinear,Exchange,336,-2.7621215644449317,-2.0654520364656284,0.6966695279793034,-3.783549761269292,-1.0214281968243601,-2.7490300278277306,0.013091536617201083,-2.3419660986632143,0.4201554657817175,-2.370162794244159,0.39195877020077274
DLinear__Exchange__h720__s2021,DLinear,Exchange,720,0.0,0.0,0.0,0.0,0.0,0.0,0.0,0.0,0.0,0.0,0.0
DLinear__ILI__h24__s2021,DLinear,ILI,24,2.3418510711537857,2.7709320533033712,0.42908098214958557,3.0936566780786277,0.751805606924842,2.3608423019669584,0.018991230813172777,2.461016804080626,0.1191657329268403,1.6541399289117127,-0.687711142242073
DLinear__ILI__h36__s2021,DLinear,ILI,36,-0.46527858162343855,-0.4676759384726908,-0.0023973568492522412,0.1472230905594079,0.6125016721828465,-0.46527858162343855,0.0,-0.6683255868922652,-0.20304700526882663,-0.7522033225241868,-0.2869247409007482
DLinear__ILI__h48__s2021,DLinear,ILI,48,0.0,0.0,0.0,-0.0236808823326384,-0.0236808823326384,0.0,0.0,0.0,0.0,0.0,0.0
DLinear__ILI__h60__s2021,DLinear,ILI,60,0.0,0.0,0.0,0.0,0.0,0.0,0.0,0.0,0.0,0.0,0.0
DLinear__Weather__h96__s2021,DLinear,Weather,96,0.8488913137936605,0.6834836103204558,-0.16540770347320466,0.7946829397866704,-0.05420837400699008,0.7837506376096257,-0.06514067618403474,0.6404010443806779,-0.20849026941298254,0.3515421707280266,-0.4973491430656338
DLinear__Weather__h192__s2021,DLinear,Weather,192,0.6717860625740912,0.3061037455605607,-0.36568231701353054,0.9687820291270762,0.296995966552985,0.6113329896040888,-0.060453072970002464,0.4539828651246508,-0.21780319744944043,0.6446179547664611,-0.027168107807630126
DLinear__Weather__h336__s2021,DLinear,Weather,336,0.1371486850481283,0.13916700981780333,0.002018324769675034,0.8521251739872456,0.7149764889391174,0.2962567244148447,0.1591080393667164,0.24191568018310036,0.10476699513497206,0.4266774749598769,0.2895287899117486
DLinear__Weather__h720__s2021,DLinear,Weather,720,0.24984059652422108,0.38957276065442886,0.13973216413020778,-0.0014035989036592228,-0.2512441954278803,0.03561524887490386,-0.21422534764931722,0.27123625511870203,0.02139565859448095,0.2585472092619662,0.008706612737745145
PatchTST__ETTh1__h96__s2021,PatchTST,ETTh1,96,-0.6117906041262401,-0.16128525935286206,0.450505344773378,-0.14902726236935923,0.46276334175688083,-0.6740789926044194,-0.0622883884781793,-0.6656758793885257,-0.05388527526228559,-0.40384989986363556,0.20794070426260453
PatchTST__ETTh1__h192__s2021,PatchTST,ETTh1,192,-0.6443954554825672,-0.40233002140843027,0.2420654340741369,-0.2833415441322675,0.3610539113502997,-0.5509428413068005,0.09345261417576667,-0.23381211727963147,0.4105833382029357,-0.8160652088997331,-0.17166975341716595
PatchTST__ETTh1__h336__s2021,PatchTST,ETTh1,336,0.13031041996540496,-0.3060015573419739,-0.4363119773073788,-0.40352457141874154,-0.5338349913841465,0.1908849535189513,0.060574533553546334,0.04465144577747725,-0.08565897418792771,0.24317832956989494,0.11286790960448997
PatchTST__ETTh1__h720__s2021,PatchTST,ETTh1,720,0.0885619747342442,-0.15368642806503577,-0.24224840279927995,-0.046042831783684866,-0.13460480651792905,0.28234420242371433,0.19378222768947012,0.06840076749099255,-0.02016120724325164,-0.04373908832497139,-0.13230106305921557
PatchTST__ETTh2__h96__s2021,PatchTST,ETTh2,96,-2.3250021912960532,-1.975828305846374,0.3491738854496793,-1.7571022363343254,0.5678999549617278,-1.7634850542835698,0.5615171370124834,-1.990737788592967,0.3342644027030863,-2.1169495636737774,0.20805262762227583
PatchTST__ETTh2__h192__s2021,PatchTST,ETTh2,192,-1.2993038734465063,-0.12200486010788666,1.1772990133386196,-1.1549308174752058,0.14437305597130057,-1.5355935039853794,-0.23628963053887309,-1.4228612225042827,-0.12355734905777638,-1.22386075298285,0.07544312046365631
PatchTST__ETTh2__h336__s2021,PatchTST,ETTh2,336,0.4377135209761554,0.6364999782341824,0.19878645725802696,0.3112402114315636,-0.1264733095445918,-0.032182155372490834,-0.46989567634864626,0.04488605786516481,-0.3928274631109906,0.4099356879987574,-0.027777832977397998
PatchTST__ETTh2__h720__s2021,PatchTST,ETTh2,720,-0.3805696170251359,-0.26441070458022,0.11615891244491594,-0.8714290032055817,-0.4908593861804458,-0.5155681851842813,-0.13499856815914535,-0.05645085669399782,0.3241187603311381,-0.13379118994512873,0.2467784270800072
PatchTST__ETTm1__h96__s2021,PatchTST,ETTm1,96,-2.852261979399232,-3.083607319436002,-0.23134534003677,-4.558814783748321,-1.7065528043490894,-3.5231064706355713,-0.6708444912363394,-3.366211445497935,-0.513949466098703,-2.894484905740896,-0.042222926341664024
PatchTST__ETTm1__h192__s2021,PatchTST,ETTm1,192,-2.071687658475183,-1.8280829901749063,0.24360466830027683,-2.9651822809880746,-0.8934946225128915,-2.1418928762958274,-0.07020521782064426,-2.058111242080587,0.013576416394596169,-1.809602103357392,0.2620855551177912
PatchTST__ETTm1__h336__s2021,PatchTST,ETTm1,336,-2.1924507858412143,-2.6235309430764184,-0.4310801572352041,-2.2101398652917497,-0.017689079450535328,-2.4142385989666924,-0.22178781312547802,-2.296962145491221,-0.10451135965000669,-2.4059245392284403,-0.21347375338722596
PatchTST__ETTm1__h720__s2021,PatchTST,ETTm1,720,-0.98746987075093,-1.327559059554489,-0.3400891888035591,-1.5431027456243789,-0.5556328748734489,-0.8467850773134313,0.14068479343749862,-0.9414520765432487,0.04601779420768126,-1.0320231423431643,-0.04455327159223432
PatchTST__ETTm2__h96__s2021,PatchTST,ETTm2,96,-3.191957963359773,-3.142527621210689,0.04943034214908426,-2.2010928011725057,0.9908651621872675,-3.2926885530678076,-0.10073058970803439,-3.7838662377656083,-0.591908274405835,-4.2059733390025595,-1.0140153756427863
PatchTST__ETTm2__h192__s2021,PatchTST,ETTm2,192,-2.0874982730836633,-2.0171699400448806,0.07032833303878272,-1.0737028879037527,1.0137953851799106,-1.8145157196182091,0.2729825534654542,-2.00071267006839,0.08678560301527316,-2.1004430531008387,-0.012944780017175361
PatchTST__ETTm2__h336__s2021,PatchTST,ETTm2,336,-1.6257406222445197,-1.4580281646946693,0.1677124575498503,-1.151139274793706,0.4746013474508137,-1.0622033528897825,0.5635372693547371,-1.0719314004689127,0.553809221775607,-1.7279383278863398,-0.10219770564182018
PatchTST__ETTm2__h720__s2021,PatchTST,ETTm2,720,-2.816917656733521,-3.25983302191385,-0.4429153651803288,-2.956579257467353,-0.13966160073383183,-2.6428031654250677,0.17411449130845336,-2.649571635521812,0.16734602121170905,-2.8507805939605197,-0.033862937226998735
PatchTST__Electricity__h96__s2021,PatchTST,Electricity,96,-0.09426292454408908,-0.05154803737704874,0.04271488716704034,-0.35266806034091497,-0.2584051357968259,-0.07933138226338812,0.014931542280700955,-0.052972123579664465,0.04129080096442461,-0.01138285374924507,0.08288007079484401
PatchTST__Electricity__h192__s2021,PatchTST,Electricity,192,-0.05918867969017023,-0.06390092755403007,-0.004712247863859841,-0.692824384802122,-0.6336357051119518,-0.1943490326484054,-0.13516035295823517,-0.16143415193148253,-0.10224547224131231,-0.033761085486136676,0.025427594204033552
PatchTST__Electricity__h336__s2021,PatchTST,Electricity,336,-0.05488049920352204,-0.1351655407725587,-0.08028504156903668,-0.2292595796640463,-0.17437908046052428,-0.060046234332950275,-0.005165735129428237,-0.05321353646403412,0.0016669627394879163,-0.017664733462934266,0.03721576574058777
PatchTST__Electricity__h720__s2021,PatchTST,Electricity,720,-0.4784234070998026,-0.1327738675665472,0.3456495395332554,-1.4704274493034455,-0.9920040422036429,-0.29192438136923404,0.18649902573056854,-0.9927106929045728,-0.5142872858047702,-0.0918313078876403,0.3865920992121623
PatchTST__Exchange__h96__s2021,PatchTST,Exchange,96,0.17333026279318067,0.006474361001798542,-0.16685590179138213,2.4012453813390504,2.22791511854587,0.028734496549937528,-0.14459576624324313,-1.5270080326489837,-1.7003382954421644,-2.5565790579303194,-2.7299093207235
PatchTST__Exchange__h192__s2021,PatchTST,Exchange,192,-3.9882798291014065,-4.193243161753503,-0.20496333265209632,-0.5671428245196717,3.421137004581735,-3.2403091863768223,0.7479706427245842,-4.452737063328632,-0.4644572342272255,-4.854795395441171,-0.8665155663397641
PatchTST__Exchange__h336__s2021,PatchTST,Exchange,336,-1.0613519054493563,-0.7327202670905331,0.32863163835882325,-1.7003890434491213,-0.639037137999765,-1.099748238044288,-0.03839633259493169,-1.183153252256941,-0.1218013468075847,-1.6114702610299554,-0.5501183555805991
PatchTST__Exchange__h720__s2021,PatchTST,Exchange,720,0.0,0.0,0.0,0.0,0.0,0.0,0.0,0.0,0.0,0.0,0.0
PatchTST__ILI__h24__s2021,PatchTST,ILI,24,0.2217519981968729,-0.10474210029652567,-0.3264940984933986,0.12408290470402929,-0.09766909349284363,0.30925802675630154,0.08750602855942863,0.1305876299518106,-0.0911643682450623,0.25289253556241187,0.031140537365538956
PatchTST__ILI__h36__s2021,PatchTST,ILI,36,-0.5592498923425595,-0.028945579934174664,0.5303043124083848,-0.10299740315233932,0.4562524891902202,-0.5530932439081052,0.006156648434454293,-1.1910768426583773,-0.6318269503158178,-0.6364993899136357,-0.07724949757107624
PatchTST__ILI__h48__s2021,PatchTST,ILI,48,0.0,0.0,0.0,-0.0554514992453062,-0.0554514992453062,0.0,0.0,0.0,0.0,0.0,0.0
PatchTST__ILI__h60__s2021,PatchTST,ILI,60,0.0,0.0,0.0,0.0,0.0,0.0,0.0,0.0,0.0,0.0,0.0
PatchTST__Weather__h96__s2021,PatchTST,Weather,96,-0.004673324798112694,0.32526438753245784,0.32993771233057057,-0.2053246723331357,-0.200651347535023,-0.09632280653444668,-0.09164948173633398,0.023930771749052955,0.02860409654716565,0.01683257249808357,0.021505897296196265
PatchTST__Weather__h192__s2021,PatchTST,Weather,192,-0.6201596898230466,-0.7087374807328828,-0.0885777909098362,-0.6505161632943928,-0.03035647347134618,-0.6353749766164017,-0.015215286793355154,-0.7838600115468891,-0.16370032172384252,-0.5475386527735726,0.07262103704947398
PatchTST__Weather__h336__s2021,PatchTST,Weather,336,-0.3079027563836852,-0.5581799873901226,-0.25027723100643745,-0.22026284894721726,0.08763990743646793,-0.45911755392813564,-0.15121479754445044,-0.5408393672530171,-0.23293661086933187,-0.17497527662065054,0.13292747976303465
PatchTST__Weather__h720__s2021,PatchTST,Weather,720,-0.10473242236287535,0.09650664450981455,0.2012390668726899,-0.0655252041482482,0.03920721821462715,0.09284292077325385,0.19757534313612918,-0.039196664544874055,0.06553575781800129,-0.015328768788013938,0.08940365357486141
iTransformer__ETTh1__h96__s2021,iTransformer,ETTh1,96,-3.63087943245501,-3.871816699199948,-0.24093726674493787,-3.4334600934113726,0.19741933904363762,-3.6781159794852005,-0.04723654703019031,-3.523116826752788,0.10776260570222229,-4.491854044661635,-0.8609746122066251
iTransformer__ETTh1__h192__s2021,iTransformer,ETTh1,192,-1.732286779758977,-1.3625492930934517,0.3697374866655252,-0.08253839371760173,1.6497483860413753,-0.9466283520344231,0.7856584277245539,-0.8199772982395928,0.9123094815193842,-1.5646440814290332,0.16764269832994372
iTransformer__ETTh1__h336__s2021,iTransformer,ETTh1,336,-4.890925209660583,-4.332208724569148,0.558716485091435,-3.8090445291521355,1.0818806805084478,-4.40749649768204,0.48342871197854365,-4.357582042276085,0.5333431673844986,-4.752934246149049,0.13799096351153395
iTransformer__ETTh1__h720__s2021,iTransformer,ETTh1,720,-2.7603943007816145,-2.981675737586113,-0.22128143680449863,-5.844306785865386,-3.083912485083771,-2.1471154194482738,0.6132788813333407,-2.0746486787051985,0.685745622076416,-2.4667222325457514,0.2936720682358631
iTransformer__ETTh2__h96__s2021,iTransformer,ETTh2,96,-1.4413417603262477,-1.4454316269598677,-0.004089866633619987,-2.670918279811076,-1.2295765194848283,-0.9143316712823158,0.5270100890439319,-1.309637404203305,0.13170435612294273,-1.9895121572685364,-0.5481703969422886
iTransformer__ETTh2__h192__s2021,iTransformer,ETTh2,192,-0.6916828357205986,-0.9997894928021276,-0.30810665708152896,-1.0234782381863636,-0.331795402465765,-1.1680162195562072,-0.4763333838356085,-1.4806369078997708,-0.7889540721791721,-0.7578023627657051,-0.06611952704510649
iTransformer__ETTh2__h336__s2021,iTransformer,ETTh2,336,-2.398916675319984,-1.6663044816621604,0.7326121936578238,-2.2253039516512114,0.17361272366877278,-2.0931512761567124,0.30576539916327183,-2.063541179195833,0.3353754961241511,-3.1122787710252933,-0.7133620957053091
iTransformer__ETTh2__h720__s2021,iTransformer,ETTh2,720,10.955367004174118,10.857926156771798,-0.09744084740231962,8.24548628777249,-2.709880716401628,11.03146137551055,0.07609437133643304,11.667288864950432,0.7119218607763145,5.857640909575208,-5.09772609459891
iTransformer__ETTm1__h96__s2021,iTransformer,ETTm1,96,-3.0513990148850345,-2.0875462692056983,0.9638527456793362,-3.57054864748786,-0.5191496326028253,-2.6460572822261152,0.40534173265891926,-2.6345913176834763,0.4168076972015582,-2.80494364502553,0.24645536985950445
iTransformer__ETTm1__h192__s2021,iTransformer,ETTm1,192,-1.6438275887353955,-1.834122802471404,-0.19029521373600855,-2.253381824101325,-0.6095542353659296,-1.6991566042070423,-0.055329015471646814,-2.4329722674716137,-0.7891446787362182,-1.7714446341344698,-0.12761704539907437
iTransformer__ETTm1__h336__s2021,iTransformer,ETTm1,336,-2.395561703015056,-2.171058041970421,0.22450366104463537,-1.774578772219323,0.6209829307957333,-2.369193644167978,0.026368058847078046,-1.8952971521861481,0.5002645508289081,-2.330091076029892,0.06547062698516415
iTransformer__ETTm1__h720__s2021,iTransformer,ETTm1,720,4.584144727076139,4.654761103548975,0.07061637647283625,3.7561758442642708,-0.8279688828118683,4.247468720840371,-0.3366760062357681,4.648105935433049,0.06396120835691033,3.2534606335369207,-1.3306840935392183
iTransformer__ETTm2__h96__s2021,iTransformer,ETTm2,96,-2.1276354400740494,-1.6343906292791965,0.49324481079485283,-0.9206013826208823,1.207034057453167,-2.239746324482698,-0.11211088440864847,-2.153267623631703,-0.025632183557653843,-2.5236435480929433,-0.39600810801889397
iTransformer__ETTm2__h192__s2021,iTransformer,ETTm2,192,-3.9574138115152153,-3.2288718315671976,0.7285419799480177,-2.796683059926037,1.1607307515891785,-3.811229664282299,0.1461841472329164,-4.696976435660091,-0.7395626241448761,-3.5966856691979507,0.3607281423172646
iTransformer__ETTm2__h336__s2021,iTransformer,ETTm2,336,-2.14415275654889,-1.8591512971201096,0.2850014594287802,-2.3205187530301634,-0.1763659964812736,-2.1123859897737316,0.03176676677515822,-2.1567829430373817,-0.012630186488491901,-1.7509216197710262,0.3932311367778636
iTransformer__ETTm2__h720__s2021,iTransformer,ETTm2,720,-0.9858349489194326,-0.8640268558663802,0.1218080930530524,-0.9115489525741259,0.07428599634530664,-0.4562236165830662,0.5296113323363664,-0.05107552007439764,0.9347594288450349,-0.5967180029598195,0.3891169459596131
iTransformer__Electricity__h96__s2021,iTransformer,Electricity,96,-1.786960360364413,-1.596868700382665,0.19009165998174815,-2.355993352322971,-0.5690329919585579,-1.7361036686504032,0.05085669171400986,-1.4011322022889483,0.3858281580754648,-0.37914249630526325,1.4078178640591499
iTransformer__Electricity__h192__s2021,iTransformer,Electricity,192,-0.5194811389835033,-0.6257230478565352,-0.10624190887303187,-1.64103339177966,-1.1215522527961568,-0.6463547688061919,-0.12687362982268857,-0.9974468977421586,-0.4779657587586552,-0.140662589380706,0.37881854960279737
iTransformer__Electricity__h336__s2021,iTransformer,Electricity,336,-1.119598463226772,-0.436267539460733,0.683330923766039,-1.307327026250702,-0.18772856302393004,-1.168733809605996,-0.04913534637922412,-0.7451593337812193,0.3744391294455526,-0.2936835321650303,0.8259149310617416
iTransformer__Electricity__h720__s2021,iTransformer,Electricity,720,-1.5652844394444936,-1.4319892742136853,0.1332951652308083,-1.9382288822773146,-0.372944442832821,-1.304337492433529,0.26094694701096466,-0.9569177630467811,0.6083666763977125,-1.46797724513126,0.09730719431323354
iTransformer__Exchange__h96__s2021,iTransformer,Exchange,96,10.084476326471043,7.917745376974774,-2.1667309494962685,5.656189454735695,-4.428286871735348,7.737106663431566,-2.3473696630394763,7.5832092265712046,-2.501267099899838,10.814514914628363,0.7300385881573206
iTransformer__Exchange__h192__s2021,iTransformer,Exchange,192,-0.7957779281021092,-0.07146235978881045,0.7243155683132988,0.11067698607839485,0.9064549141805041,-0.4337450991586531,0.3620328289434561,0.10544592458531855,0.9012238526874278,-0.9544686258051562,-0.158690697703047
iTransformer__Exchange__h336__s2021,iTransformer,Exchange,336,-0.935201478134275,-0.18347121611703351,0.7517302620172415,-1.132008665800943,-0.19680718766666794,-0.5922957939522637,0.3429056841820113,-0.5966655482310357,0.33853592990323933,-0.9968334352514665,-0.061631957117191494
iTransformer__Exchange__h720__s2021,iTransformer,Exchange,720,-1.3873356460932789,-1.4164498766757112,-0.029114230582432343,-0.04945336164794707,1.3378822844453317,-1.3873356460932789,0.0,-2.854226962748059,-1.4668913166547803,-1.3873356460932789,0.0
iTransformer__ILI__h24__s2021,iTransformer,ILI,24,-4.172252975832602,-4.590494511500237,-0.41824153566763567,-3.688121576105998,0.4841313997266039,-4.189456345649615,-0.01720336981701376,-3.669925639969494,0.5023273358631077,-4.172252975832602,0.0
iTransformer__ILI__h36__s2021,iTransformer,ILI,36,-2.397823910362522,-1.7558247945071688,0.6419991158553533,-3.3337128164609546,-0.9358889060984326,-1.9942907340645164,0.40353317629800567,-0.16997636372415287,2.2278475466383694,-2.397823910362522,0.0
iTransformer__ILI__h48__s2021,iTransformer,ILI,48,-0.5535618234407214,-0.613865970808909,-0.06030414736818768,-0.043999365026150386,0.5095624584145709,-1.9685145011073588,-1.4149526776666375,-0.10973643122568724,0.44382539221503414,-0.5519130477281106,0.001648775712610795
iTransformer__ILI__h60__s2021,iTransformer,ILI,60,0.0,0.0,0.0,0.0,0.0,0.0,0.0,0.0,0.0,0.0,0.0
iTransformer__Weather__h96__s2021,iTransformer,Weather,96,-0.7924342678224511,-0.019463542566092996,0.7729707252563581,-0.2721645165392844,0.5202697512831667,-0.514661024787828,0.27777324303462303,-0.434102235711417,0.3583320321110341,-0.2509057869908489,0.5415284808316021
iTransformer__Weather__h192__s2021,iTransformer,Weather,192,1.2991851169906867,1.157815144945052,-0.14136997204563473,1.01242532273482,-0.2867597942558666,1.0504778214019697,-0.24870729558871707,1.1405715023683585,-0.15861361462232826,0.9225454956625738,-0.3766396213281129
iTransformer__Weather__h336__s2021,iTransformer,Weather,336,0.49462686580288756,0.09826418669830259,-0.396362679104585,0.008143043235419178,-0.48648382256746836,0.28653441587877176,-0.2080924499241158,0.3338198500814896,-0.16080701572139794,0.10348572092973286,-0.3911411448731547
iTransformer__Weather__h720__s2021,iTransformer,Weather,720,-0.13066098247697483,0.37066701612599595,0.5013279986029708,-0.027118011507052106,0.10354297096992272,-0.3299781178577416,-0.19931713538076679,-0.21744318387945016,-0.08678220140247533,-0.18321973810106554,-0.05255875562409071
