key,backbone,dataset,pred_len,seed,n_arms,arms,n_val_windows,n_test_windows,mse_none,mse_gate,mse_oracle,best_fixed_val,mse_best_fixed,gain_gate_vs_none,gain_gate_vs_best_fixed,gain_bestfixed_vs_none,gain_oracle_vs_none,oracle_realized_pct,switch_rate,n_distinct_choices,oracle_arm_entropy,gate_acc,majority_acc,mse_fixed_fredf,mse_fixed_none,mse_fixed_revin,mse_fixed_san_lite,wilcoxon_p_gate_vs_best_fixed
DLinear__ETTh1__h96__s2021,DLinear,ETTh1,96,2021,4,fredf|none|revin|san_lite,2785,2785,0.39584203343738134,0.3954165148617335,0.3802207345112864,none,0.39584203343738134,0.1074970669364397,0.1074970669364397,0.0,3.9463466753150196,2.723964105889842,0.46570915619389586,4,0.9655646206613688,0.2506283662477558,0.37271095152603234,0.3909459126113347,0.39584203343738134,0.39887044788798054,0.4108910275051367,2.2757687916004887e-10
DLinear__ETTh1__h192__s2021,DLinear,ETTh1,192,2021,4,fredf|none|revin|san_lite,2689,2689,0.4460673914794897,0.4463635180609605,0.4271792814207591,none,0.4460673914794897,-0.06638606343492835,-0.06638606343492835,0.0,4.234362434797418,-1.5677936042002918,0.30531796206768314,4,0.9971791220176025,0.2052807735217553,0.2781703235403496,0.44298761307240064,0.4460673914794897,0.44881966055636513,0.4616647191198841,0.6041886779137893
DLinear__ETTh1__h336__s2021,DLinear,ETTh1,336,2021,4,fredf|none|revin|san_lite,2545,2545,0.48671357163277496,0.48724686524488603,0.46267372416021313,none,0.48671357163277496,-0.10957031880597491,-0.10957031880597491,0.0,4.939218643907156,-2.2183735262778677,0.12180746561886051,4,0.9956887024165951,0.26208251473477406,0.29390962671905696,0.4855605824230228,0.48671357163277496,0.4891576050189717,0.5025031716743948,0.4311016889869629
DLinear__ETTh1__h720__s2021,DLinear,ETTh1,720,2021,4,fredf|none|revin|san_lite,2161,2161,0.5200704373126226,0.5183326954755558,0.47054643724208517,none,0.5200704373126226,0.3341358616811435,0.3341358616811435,0.0,9.522556276482321,3.508888285592028,0.026376677464136973,3,0.7989799877313949,0.054141601110596946,0.5155020823692735,0.5105612312186266,0.5200704373126226,0.4832916740657333,0.4910252542751688,5.143753751233159e-11
DLinear__ETTh2__h96__s2021,DLinear,ETTh2,96,2021,4,fredf|none|revin|san_lite,2785,2785,0.3509214525938676,0.29996127146873053,0.262141147118122,revin,0.2940500818219711,14.521819839828847,-2.0102662818907695,16.20629640945703,25.299195822673415,57.40032189738877,1.0,3,0.939143999971506,0.2459605026929982,0.42118491921005385,0.3043871982481257,0.3509214525938676,0.2940500818219711,0.30094339621372024,7.021418582417126e-25
DLinear__ETTh2__h192__s2021,DLinear,ETTh2,192,2021,4,fredf|none|revin|san_lite,2689,2689,0.48062509923962776,0.38408736778750835,0.3356270163381308,revin,0.3793986027498545,20.085869756832494,-1.2358414089186585,21.06142534996776,30.168645609767214,66.57862608917084,1.0,3,0.9352434910825365,0.33581256972852364,0.4098177761249535,0.40827580502581623,0.48062509923962776,0.3793986027498545,0.38380495212936144,7.647304470116529e-14
DLinear__ETTh2__h336__s2021,DLinear,ETTh2,336,2021,4,fredf|none|revin|san_lite,2545,2545,0.5943822967807062,0.419338867950943,0.37894198329925305,revin,0.417351451505905,29.44963700593693,-0.4761973243083567,29.78400370154662,36.246085162354035,81.24915249161103,1.0,2,0.8459272699301792,0.3929273084479371,0.4538310412573674,0.4988290340176734,0.5943822967807062,0.417351451505905,0.4213009746844033,1.632668600857019e-05
DLinear__ETTh2__h720__s2021,DLinear,ETTh2,720,2021,4,fredf|none|revin|san_lite,2161,2161,0.8185345516856872,0.43503490644767845,0.3972509660547335,revin,0.4198238453045591,46.85198009635176,-3.6232008527405957,48.71030863138735,51.468027191136784,91.03123366715879,0.996298010180472,4,0.6658388180742497,0.44099953725127256,0.5057843590930124,0.697841200948258,0.8185345516856872,0.4198238453045591,0.42099392901949173,3.363088516630205e-07
DLinear__ETTm1__h96__s2021,DLinear,ETTm1,96,2021,4,fredf|none|revin|san_lite,11425,11425,0.34551366184159493,0.34739264992528335,0.3262474579342867,fredf,0.34224999223043023,-0.5438245404444884,-1.5026027206965247,0.9445848230023169,5.576104807133584,-9.752767554163253,0.7475711159737418,4,0.9497541011673318,0.35080962800875276,0.4133916849015317,0.34224999223043023,0.34551366184159493,0.35357509381987595,0.4258496989598355,9.461998677692829e-56
DLinear__ETTm1__h192__s2021,DLinear,ETTm1,192,2021,4,fredf|none|revin|san_lite,11329,11329,0.38159853214264355,0.3863536372862349,0.3667742559035717,none,0.38159853214264355,-1.2461015289758501,-1.2461015289758501,0.0,3.884783349609847,-32.07647420072832,0.5494747991879247,4,0.979378224945987,0.36543384235148735,0.29384764762997617,0.38255030249701466,0.38159853214264355,0.3910991633832928,0.4611442676788185,0.19354819969233916
DLinear__ETTm1__h336__s2021,DLinear,ETTm1,336,2021,4,fredf|none|revin|san_lite,11185,11185,0.4132301282818743,0.41421529470568635,0.397973739526663,none,0.4132301282818743,-0.23840624300696886,-0.23840624300696886,0.0,3.691983645676392,-6.457402466301144,0.4071524362986142,4,0.9699789967141036,0.3755029056772463,0.32051855163164955,0.4137855528452911,0.4132301282818743,0.42362078286184496,0.492096795533377,3.523093922495966e-11
DLinear__ETTm1__h720__s2021,DLinear,ETTm1,720,2021,4,fredf|none|revin|san_lite,10801,10801,0.47377604213856667,0.4769149364729566,0.4539263708060477,none,0.47377604213856667,-0.6625270286388271,-0.6625270286388271,0.0,4.189673931775466,-15.813331523980663,0.22868252939542635,4,0.9645064376742672,0.34422738635311545,0.29978705675400424,0.4719705190559569,0.47377604213856667,0.48674029452073864,0.5411938520843547,0.17643068990932154
DLinear__ETTm2__h96__s2021,DLinear,ETTm2,96,2021,4,fredf|none|revin|san_lite,11425,11425,0.19666471831810292,0.18083561716083624,0.15754895589194165,fredf,0.18289741113162405,8.048775241720177,1.1272953280310527,7.000395039917837,19.88956776817135,40.4673210364813,0.6516411378555799,4,0.9754827241784214,0.2675711159737418,0.3360175054704595,0.18289741113162405,0.19666471831810292,0.18152044096981995,0.1896994988568111,2.4517452718413256e-67
DLinear__ETTm2__h192__s2021,DLinear,ETTm2,192,2021,4,fredf|none|revin|san_lite,11329,11329,0.27808490116699974,0.2343311737555317,0.21194748416650205,revin,0.24586729868317214,15.733945722222101,4.692012719617149,11.585527422923242,23.783174391241765,66.15578502329058,0.8482655132844912,4,0.9521292924197632,0.38441168682143173,0.35996116162061964,0.25188067424126603,0.27808490116699974,0.24586729868317214,0.2517604685095602,0.7022301922574645
DLinear__ETTm2__h336__s2021,DLinear,ETTm2,336,2021,4,fredf|none|revin|san_lite,11185,11185,0.36900016046764067,0.2971598041573166,0.261187234084935,revin,0.30647326179071893,19.46892278287489,3.038913600146899,16.94495162211063,29.217582519687852,66.63426985985392,0.9654000894054537,4,0.937110776647658,0.30049172999552975,0.3631649530621368,0.32091120919666494,0.36900016046764067,0.30647326179071893,0.31136420470532106,0.42448102085149375
DLinear__ETTm2__h720__s2021,DLinear,ETTm2,720,2021,4,fredf|none|revin|san_lite,10801,10801,0.5414378134111775,0.4065789366678147,0.3432634106191642,san_lite,0.4102858028789961,24.907546795350896,0.9034839093044604,24.222913007433416,36.601507667723624,68.05060332853304,0.9947227108601056,4,0.913730606157269,0.3490417553930192,0.3787612258124248,0.4499329319866142,0.5414378134111775,0.4068149283849777,0.4102858028789961,2.26144386190611e-05
DLinear__Electricity__h96__s2021,DLinear,Electricity,96,2021,4,fredf|none|revin|san_lite,2537,5165,0.19984779237316053,0.19729515992516122,0.19554116277588532,fredf,0.19703281392980754,1.2772882890896262,-0.13314837773459104,1.4085611904497344,2.1549548014081723,59.27216143737146,0.9618586640851887,4,0.7410566884596559,0.5992255566311714,0.6193610842207163,0.19703281392980754,0.19984779237316053,0.20250872214183227,0.22430802955141602,1.6847386392996541e-25
DLinear__Electricity__h192__s2021,DLinear,Electricity,192,2021,4,fredf|none|revin|san_lite,2441,5069,0.1994737308787674,0.19614253295440368,0.1956121014652696,fredf,0.1961283894536128,1.6699932916839102,-0.00721134805124592,1.6770836993924823,1.9359087517270082,86.2640498815693,1.0,2,0.4665662016083543,0.820082856579207,0.822450187413691,0.1961283894536128,0.1994737308787674,0.2026185889416579,0.21917813164721253,0.0006549583433856954
DLinear__Electricity__h336__s2021,DLinear,Electricity,336,2021,4,fredf|none|revin|san_lite,2297,4925,0.21252407488030226,0.21006987454019826,0.20913195049702213,fredf,0.20981458371060754,1.154786977181148,-0.12167449234206754,1.2749102289742942,1.5961129981037097,72.34995130123504,0.9920812182741117,4,0.5891414411264743,0.7084263959390863,0.7331979695431472,0.20981458371060754,0.21252407488030226,0.21732731875731862,0.23442959895896429,4.251171167617365e-25
DLinear__Electricity__h720__s2021,DLinear,Electricity,720,2021,4,fredf|none|revin|san_lite,1913,4541,0.24783826184427651,0.24976694633114893,0.24469787743458582,fredf,0.246230234418034,-0.7782028781643409,-1.4363434780702744,0.6488212975147495,1.2671104075331239,-61.41555410562695,0.9894296410482273,4,0.7477042348962364,0.4952653600528518,0.5426117595243338,0.246230234418034,0.24783826184427651,0.2587717584880064,0.27495593152180614,1.407392264151106e-106
DLinear__Exchange__h96__s2021,DLinear,Exchange,96,2021,4,fredf|none|revin|san_lite,665,1422,0.09472576809101299,0.09411158598435496,0.07268455533543929,revin,0.08867660944209907,0.6483791253731945,-6.128985508566762,6.385969489355842,23.268444478764966,2.7865168466052626,1.0,2,0.8715397019569975,0.3059071729957806,0.39451476793248946,0.10164011660675124,0.09472576809101299,0.08867660944209907,0.10398419294506311,4.158928655337752e-31
DLinear__Exchange__h192__s2021,DLinear,Exchange,192,2021,4,fredf|none|revin|san_lite,569,1326,0.18168729712251086,0.18740812754525407,0.13587407143238714,revin,0.17953717659422805,-3.148723390856652,-4.384022908398141,1.1834181928641725,25.215425852793622,-12.487290157897828,1.0,2,0.9154173475258576,0.3046757164404223,0.39064856711915535,0.18392373163528392,0.18168729712251086,0.17953717659422805,0.19827621018578653,2.3304321391569394e-33
DLinear__Exchange__h336__s2021,DLinear,Exchange,336,2021,4,fredf|none|revin|san_lite,425,1182,0.3269648065699135,0.332820622537241,0.22923919874954143,revin,0.3238748066606356,-1.7909621615675169,-2.7621215644449317,0.9450558124847339,29.888723757545122,-5.992099816898603,1.0,2,0.9118935422226554,0.28849407783417935,0.38155668358714045,0.3120596443386449,0.3269648065699135,0.3238748066606356,0.3459409778203355,1.9259061031058003e-29
DLinear__Exchange__h720__s2021,DLinear,Exchange,720,2021,4,fredf|none|revin|san_lite,41,798,0.749057583828319,0.8817172627475925,0.5543054330319092,san_lite,0.8817172627475925,-17.710211041598843,0.0,-17.710211041598843,25.9996233935449,-68.11718298160017,1.0,1,0.544069033685702,0.017543859649122806,0.7606516290726817,0.5621336390425388,0.749057583828319,0.873229348383153,0.8817172627475925,
DLinear__ILI__h24__s2021,DLinear,ILI,24,2021,4,fredf|none|revin|san_lite,74,170,4.775721829779008,4.684174447901109,4.292503416362931,revin,4.796501366531148,1.9169328771838547,2.3418510711537857,-0.4351077699409668,10.118227791302003,18.9453421757094,0.8294117647058824,3,0.9370361898602202,0.3411764705882353,0.3411764705882353,4.7826216655619005,4.775721829779008,4.796501366531148,5.259994735963204,0.00183112299969243
DLinear__ILI__h36__s2021,DLinear,ILI,36,2021,4,fredf|none|revin|san_lite,62,158,4.413906288297871,4.384329417838326,4.083243228966677,revin,4.36402454632747,0.6700837880938321,-0.46527858162343855,1.130104236753637,7.491392832869407,8.94471566291025,0.9936708860759493,3,0.9430450551701235,0.4050632911392405,0.4240506329113924,4.429152248026449,4.413906288297871,4.36402454632747,5.041636179519605,0.08509359563521411
DLinear__ILI__h48__s2021,DLinear,ILI,48,2021,4,fredf|none|revin|san_lite,50,146,4.110672342450651,4.008537466395391,3.884848122727381,revin,4.008537466395391,2.484627028053164,0.0,2.484627028053164,5.4936078799359125,45.22760055585086,1.0,1,0.7640510792365507,0.5547945205479452,0.5547945205479452,4.172562605714145,4.110672342450651,4.008537466395391,4.602381866272181,
DLinear__ILI__h60__s2021,DLinear,ILI,60,2021,4,fredf|none|revin|san_lite,38,134,4.236840344187039,4.02952110500478,3.9328428791530095,revin,4.02952110500478,4.893251157472874,0.0,4.893251157472874,7.17509843039149,68.19768683214834,1.0,1,0.6685721829426023,0.6268656716417911,0.6268656716417911,4.281345416360827,4.236840344187039,4.02952110500478,4.24513829288198,
DLinear__Weather__h96__s2021,DLinear,Weather,96,2021,4,fredf|none|revin|san_lite,5175,10444,0.19601411803324834,0.19435017121144635,0.1745577818695891,none,0.19601411803324834,0.8488913137936605,0.8488913137936605,0.0,10.946321815406334,7.7550370623978,0.4708923783990808,4,0.9701374848308447,0.27096897740329373,0.30314055917273075,0.19471784277360035,0.19601411803324834,0.1950535423442299,0.20139735036845988,9.542346474032781e-63
DLinear__Weather__h192__s2021,DLinear,Weather,192,2021,4,fredf|none|revin|san_lite,5079,10348,0.23661389716536924,0.23502435798209217,0.21452612577493663,none,0.23661389716536924,0.6717860625740912,0.6717860625740912,0.0,9.334942560411884,7.196467018368411,0.2537688442211055,4,0.9950183062840244,0.27435253189022035,0.279860842674913,0.23414394015264145,0.23661389716536924,0.24028358038422692,0.24503595207554693,6.7468792252295e-62
DLinear__Weather__h336__s2021,DLinear,Weather,336,2021,4,fredf|none|revin|san_lite,4935,10204,0.2818512427114952,0.2814646874383232,0.25820246212708686,none,0.2818512427114952,0.1371486850481283,0.1371486850481283,0.0,8.390518472374266,1.6345674643812556,0.2180517444139553,4,0.9891134977076641,0.2892003136025088,0.29860838886711094,0.27975024257814685,0.2818512427114952,0.2919773756873603,0.2971289286938299,2.5908597125226486e-07
DLinear__Weather__h720__s2021,DLinear,Weather,720,2021,4,fredf|none|revin|san_lite,4551,9820,0.34616671327023546,0.3453018482888303,0.31684808254909613,none,0.34616671327023546,0.24984059652422108,0.24984059652422108,0.0,8.469511826854076,2.949881901381092,0.20743380855397148,4,0.9802363195164917,0.29439918533604886,0.31771894093686354,0.34318443802308646,0.34616671327023546,0.3644344322110266,0.3700593011958293,7.743925207918967e-21
PatchTST__ETTh1__h96__s2021,PatchTST,ETTh1,96,2021,4,fredf|none|revin|san_lite,2785,2785,0.3838057347110187,0.38615393563971273,0.3678644415934167,revin,0.3838058475264527,-0.6118201778449092,-0.6117906041262401,-2.9393889614315114e-05,4.1534796580262805,-14.730303942243562,0.8926391382405745,4,0.9755714565986062,0.3310592459605027,0.34290843806104127,0.40038010719327566,0.3838057347110187,0.3838058475264527,0.3963526018886849,0.07762720151943071
PatchTST__ETTh1__h192__s2021,PatchTST,ETTh1,192,2021,3,fredf|none|san_lite,2689,2689,0.4312298646333183,0.4340086902837055,0.4138778410145411,none,0.4312298646333183,-0.6443954554825672,-0.6443954554825672,0.0,4.023845526907478,-16.014418325364492,0.41613982893268875,3,0.9710655991270877,0.4589066567497211,0.4510970621048717,0.45287175469901225,0.4312298646333183,,0.4446708385819793,0.08477599859096567
PatchTST__ETTh1__h336__s2021,PatchTST,ETTh1,336,2021,3,fredf|none|san_lite,2545,2545,0.4701711084847366,0.4695584265387128,0.45190810511411994,none,0.4701711084847366,0.13031041996540496,0.13031041996540496,0.0,3.884331266001362,3.354771028383862,0.48290766208251473,3,0.9020779594561195,0.5324165029469549,0.5096267190569744,0.5063419833750059,0.4701711084847366,,0.48105443498240474,0.1134812439803042
PatchTST__ETTh1__h720__s2021,PatchTST,ETTh1,720,2021,4,fredf|none|revin|san_lite,2161,2161,0.47471719344475377,0.47429677452383523,0.45811798352160316,none,0.47471719344475377,0.0885619747342442,0.0885619747342442,0.0,3.496652354776659,2.5327646486768227,0.4285053216103656,3,0.8270058623093653,0.3766774641369736,0.4812586765386395,0.5369186373233574,0.47471719344475377,0.47471861139263943,0.4718411241428326,0.5919647418034748
PatchTST__ETTh2__h96__s2021,PatchTST,ETTh2,96,2021,3,fredf|none|san_lite,2785,2785,0.2869951405032426,0.2936677838088794,0.26598353855298495,none,0.2869951405032426,-2.3250021912960532,-2.3250021912960532,0.0,7.321239625639945,-31.756947048187534,0.6337522441651705,3,0.9854160694762036,0.3576301615798923,0.3755834829443447,0.2940413616075978,0.2869951405032426,,0.2951118847331838,7.126813762143555e-13
PatchTST__ETTh2__h192__s2021,PatchTST,ETTh2,192,2021,3,fredf|none|san_lite,2689,2689,0.37013216606106136,0.3749413076315772,0.3451990620681636,none,0.37013216606106136,-1.2993038734465063,-1.2993038734465063,0.0,6.736270521464799,-19.2881783659701,0.7437709185570844,3,0.9865918844715129,0.43994049832651544,0.4068426924507252,0.380370926182591,0.37013216606106136,,0.3733840989604919,0.0035069937132834778
PatchTST__ETTh2__h336__s2021,PatchTST,ETTh2,336,2021,3,fredf|none|san_lite,2545,2545,0.4164699554428722,0.414647010137091,0.38749735272381536,none,0.4164699554428722,0.4377135209761554,0.4377135209761554,0.0,6.9567089631178645,6.2919625254076,0.6247544204322201,3,0.9907128075082653,0.4129666011787819,0.3976424361493124,0.41885836376920194,0.4164699554428722,,0.41469255009106193,5.4050581048653595e-19
PatchTST__ETTh2__h720__s2021,PatchTST,ETTh2,720,2021,3,fredf|none|san_lite,2161,2161,0.4234164401799206,0.42488464927201686,0.39458567585687515,san_lite,0.42327379780075497,-0.34675297243274866,-0.3805696170251359,0.033688436638091956,6.809080042032947,-5.092508389976181,0.35770476631189263,2,0.9897412955235009,0.3068024062933827,0.4039796390559926,0.42717531992640556,0.4234164401799206,,0.42327379780075497,0.0869469115655773
PatchTST__ETTm1__h96__s2021,PatchTST,ETTm1,96,2021,3,fredf|none|san_lite,11425,11425,0.32846387507715946,0.3378325253020752,0.3062916126775533,none,0.32846387507715946,-2.852261979399232,-2.852261979399232,0.0,6.750289478357457,-42.253920937989605,0.20393873085339168,3,0.8268361583396667,0.5558862144420131,0.6311597374179431,0.3887122082054876,0.32846387507715946,,0.38321423874479155,4.855445816222e-112
PatchTST__ETTm1__h192__s2021,PatchTST,ETTm1,192,2021,3,fredf|none|san_lite,11329,11329,0.3695341113421095,0.37718970392066065,0.3523643203040241,none,0.3695341113421095,-2.071687658475183,-2.071687658475183,0.0,4.646334536121727,-44.58756988436205,0.21096301527054462,3,0.782214933373874,0.5944920116515138,0.6683732015182275,0.4618637598949062,0.3695341113421095,,0.41838001298941513,1.8157961971190207e-86
PatchTST__ETTm1__h336__s2021,PatchTST,ETTm1,336,2021,3,fredf|none|san_lite,11185,11185,0.40036630155281344,0.40914413567747343,0.38702193735817686,none,0.40036630155281344,-2.1924507858412143,-2.1924507858412143,0.0,3.333038805425776,-65.77933572534101,0.17139025480554315,3,0.718952915454381,0.6183281180151989,0.7085382208314707,0.4931569244254632,0.40036630155281344,,0.4511944498582029,4.1733033432194426e-147
PatchTST__ETTm1__h720__s2021,PatchTST,ETTm1,720,2021,3,fredf|none|san_lite,10801,10801,0.4627600083010868,0.46732962395695443,0.4505171922553127,none,0.4627600083010868,-0.98746987075093,-0.98746987075093,0.0,2.6456080530152604,-37.32487393757479,0.16526247569669475,3,0.7173351118155944,0.6368854735672623,0.6950282381260995,0.5747780053566014,0.4627600083010868,,0.5045718898426415,4.040642749193048e-59
PatchTST__ETTm2__h96__s2021,PatchTST,ETTm2,96,2021,3,fredf|none|san_lite,11425,11425,0.17650727943303288,0.18214131759483718,0.1635461168799802,none,0.17650727943303288,-3.191957963359773,-3.191957963359773,0.0,7.343132019604176,-43.46861740456031,0.5799562363238512,3,0.9825492127970922,0.3663019693654267,0.41549234135667396,0.18660787360257666,0.17650727943303288,,0.18433471788959965,3.152716256829728e-39
PatchTST__ETTm2__h192__s2021,PatchTST,ETTm2,192,2021,3,fredf|none|san_lite,11329,11329,0.24212209239877647,0.24717638689637583,0.22731289142684058,none,0.24212209239877647,-2.0874982730836633,-2.0874982730836633,0.0,6.116418714688738,-34.1294206678415,0.5988171948097802,3,0.9782057342000751,0.36711095418836615,0.42395621855415305,0.25491538460219526,0.24212209239877647,,0.2483829018354984,4.771181700008994e-30
PatchTST__ETTm2__h336__s2021,PatchTST,ETTm2,336,2021,3,fredf|none|san_lite,11185,11185,0.30318675506152265,0.3081157852998391,0.28648098077013867,none,0.30318675506152265,-1.6257406222445197,-1.6257406222445197,0.0,5.510060717506919,-29.50494931901197,0.6776933392936969,3,0.9861223313634037,0.3635225748770675,0.40330800178810905,0.31416234756833644,0.30318675506152265,,0.3093595311655149,3.798125716179095e-07
PatchTST__ETTm2__h720__s2021,PatchTST,ETTm2,720,2021,3,fredf|none|san_lite,10801,10801,0.4003962972526909,0.41167513124693733,0.3777029023516698,none,0.4003962972526909,-2.816917656733521,-2.816917656733521,0.0,5.6677334572458715,-49.70095502653048,0.7844644014443107,3,0.986612131665978,0.36246643829275066,0.4154244977316915,0.416588928535651,0.4003962972526909,,0.4121360278851941,6.577208061041035e-15
PatchTST__Electricity__h96__s2021,PatchTST,Electricity,96,2021,3,fredf|none|san_lite,2537,5165,0.1921811645974956,0.19236232018366903,0.19184193378323391,none,0.1921811645974956,-0.09426292454408908,-0.09426292454408908,0.0,0.17651616118072858,-53.40186622895346,0.026718296224588576,2,0.1822617178066944,0.9353339787028073,0.9570183930300097,0.25221788117811733,0.1921811645974956,,0.21472420169388567,9.92948915753865e-22
PatchTST__Electricity__h192__s2021,PatchTST,Electricity,192,2021,3,fredf|none|san_lite,2441,5069,0.1961862632442941,0.19630238330324248,0.19597684243658303,none,0.1961862632442941,-0.05918867969017023,-0.05918867969017023,0.0,0.10674590781579797,-55.44819526915876,0.024462418623002566,2,0.24058563728365365,0.9064904320378773,0.925823633852831,0.3161286588785422,0.1961862632442941,,0.21296302833561126,4.146617180446004e-17
PatchTST__Electricity__h336__s2021,PatchTST,Electricity,336,2021,3,fredf|none|san_lite,2297,4925,0.21188246930765017,0.2119987514645315,0.21171302811597204,none,0.21188246930765017,-0.05488049920352204,-0.05488049920352204,0.0,0.07996942466783895,-68.62685220955707,0.03451776649746193,2,0.2123994689690737,0.914517766497462,0.9376649746192893,0.41602563182109503,0.21188246930765017,,0.22853289887687275,5.4416129868567335e-14
PatchTST__Electricity__h720__s2021,PatchTST,Electricity,720,2021,3,fredf|none|san_lite,1913,4541,0.2535597536498769,0.25477284286232726,0.2533730151986162,none,0.2535597536498769,-0.4784234070998026,-0.4784234070998026,0.0,0.0736467237295779,-649.6193996280401,0.13895617705351243,2,0.211821226310991,0.824928429861264,0.9378991411583352,0.5677135858444411,0.2535597536498769,,0.2699576135321982,6.062027558315239e-95
PatchTST__Exchange__h96__s2021,PatchTST,Exchange,96,2021,3,fredf|none|san_lite,665,1422,0.0852682413585725,0.08843391382563781,0.07548313248252861,san_lite,0.08858746270755236,-3.7126043842229683,0.17333026279318067,-3.8926818426837753,11.47567807195707,-32.35193912345787,0.5738396624472574,3,0.9759681856613956,0.3509142053445851,0.4177215189873418,0.10133057325664493,0.0852682413585725,,0.08858746270755236,0.46907348038304775
PatchTST__Exchange__h192__s2021,PatchTST,Exchange,192,2021,3,fredf|none|san_lite,569,1326,0.1803136115983623,0.18964883424257395,0.16526431112295947,san_lite,0.18237520089207238,-5.1772146103720305,-3.9882798291014065,-1.1433353674323374,8.34618104640972,-62.030940633082686,0.26244343891402716,3,0.9895014346228082,0.2956259426847662,0.3778280542986425,0.20600486683292626,0.1803136115983623,,0.18237520089207238,3.0612213158603844e-08
PatchTST__Exchange__h336__s2021,PatchTST,Exchange,336,2021,3,fredf|none|san_lite,425,1182,0.32501362515660714,0.34702855783519404,0.3078456688829888,san_lite,0.34338404473339645,-6.773541468580375,-1.0613519054493563,-5.65219983250888,5.282226634435147,-128.23269308493343,0.7140439932318104,3,0.9240268191651592,0.3011844331641286,0.5321489001692047,0.36818478098249474,0.32501362515660714,,0.34338404473339645,0.003513242148807652
PatchTST__Exchange__h720__s2021,PatchTST,Exchange,720,2021,3,fredf|none|san_lite,41,798,0.8434326423140696,0.8787826002764523,0.7998579394697845,san_lite,0.8787826002764523,-4.191201073905972,0.0,-4.191201073905972,5.166352433868394,-81.1249547424227,1.0,1,0.9581259801321557,0.22305764411027568,0.46867167919799496,0.9212289374872557,0.8434326423140696,,0.8787826002764523,
PatchTST__ILI__h24__s2021,PatchTST,ILI,24,2021,3,fredf|none|san_lite,74,170,2.8632270951481424,2.856877831851735,2.5547021606389215,none,2.8632270951481424,0.2217519981968729,0.2217519981968729,0.0,10.775426616768243,2.057941704610317,0.23529411764705882,2,0.938853895113725,0.5352941176470588,0.4588235294117647,2.9102019877118224,2.8632270951481424,,3.244197124681052,0.042393563574036855
PatchTST__ILI__h36__s2021,PatchTST,ILI,36,2021,3,fredf|none|san_lite,62,158,2.7963005932448786,2.8119389013021805,2.6676428738651397,none,2.7963005932448786,-0.5592498923425595,-0.5592498923425595,0.0,4.600997463952762,-12.154970671462959,0.569620253164557,2,0.8937106905740582,0.5443037974683544,0.5189873417721519,2.8389049845783014,2.7963005932448786,,3.434044325842133,0.6948294294914945
PatchTST__ILI__h48__s2021,PatchTST,ILI,48,2021,3,fredf|none|san_lite,50,146,2.736687513655179,2.736687513655179,2.7164088377397353,none,2.736687513655179,0.0,0.0,0.0,0.7409934752964107,0.0,0.0,1,0.6783614339999116,0.7328767123287672,0.7328767123287672,2.855856708059572,2.736687513655179,,3.3019955631804794,
PatchTST__ILI__h60__s2021,PatchTST,ILI,60,2021,3,fredf|none|san_lite,38,134,2.748105302230636,2.748105302230636,2.7201544486764653,none,2.748105302230636,0.0,0.0,0.0,1.017095434133209,0.0,0.0,1,0.5254726352089483,0.8283582089552238,0.8283582089552238,2.8940613207532397,2.748105302230636,,3.1920411822511188,
PatchTST__Weather__h96__s2021,PatchTST,Weather,96,2021,4,fredf|none|revin|san_lite,5175,10444,0.18469134765263034,0.18469500194750627,0.17433684032423938,revin,0.1846863709535337,-0.001978595598736068,-0.004673324798112694,0.002694603271813714,5.606384630323766,-0.03529182760389237,0.8114707008808886,4,0.9632509475443884,0.2950976637303715,0.38864419762543084,0.18790360852471033,0.18469134765263034,0.1846863709535337,0.1862417274560995,0.15309571130635866
PatchTST__Weather__h192__s2021,PatchTST,Weather,192,2021,3,fredf|none|san_lite,5079,10348,0.22971720046248212,0.23114181394034664,0.22079310600675,none,0.22971720046248212,-0.6201596898230466,-0.6201596898230466,0.0,3.8848176965968055,-15.963675471742954,0.5017394665635871,3,0.9755534858050778,0.37611132586006957,0.4224971008890607,0.24081537881660897,0.22971720046248212,,0.23248849513824954,2.716609978105811e-46
PatchTST__Weather__h336__s2021,PatchTST,Weather,336,2021,3,fredf|none|san_lite,4935,10204,0.28531355516286294,0.28619204346354876,0.2752195727894238,none,0.28531355516286294,-0.3079027563836852,-0.3079027563836852,0.0,3.5378558749660107,-8.703089307054933,0.5636025088200706,3,0.9922594406303304,0.37465699725597806,0.36720893767150137,0.2948667372458971,0.28531355516286294,,0.28648590251528855,9.127672805365526e-09
PatchTST__Weather__h720__s2021,PatchTST,Weather,720,2021,4,fredf|none|revin|san_lite,4551,9820,0.36097333869629383,0.3613576539042889,0.35063923582009776,revin,0.36097959123415274,-0.10646636933963975,-0.10473242236287535,-0.0017321328720489577,2.862843808213237,-3.7189024781545905,0.8126272912423625,4,0.9701010023863956,0.23289205702647658,0.37169042769857435,0.37059254100026523,0.36097333869629383,0.36097959123415274,0.36161341036000344,0.004954026284184925
iTransformer__ETTh1__h96__s2021,iTransformer,ETTh1,96,2021,4,fredf|none|revin|san_lite,2785,2785,0.3971976572831614,0.39299153123231506,0.36283528453250763,fredf,0.3792224222978099,1.0589503673324114,-3.63087943245501,4.5255138482581145,8.651202271837775,12.240499459234599,0.740394973070018,4,0.8711137471896006,0.2894075403949731,0.4761220825852783,0.3792224222978099,0.3971976572831614,0.39719856487891403,0.40880131208382986,3.739195748574771e-64
iTransformer__ETTh1__h192__s2021,iTransformer,ETTh1,192,2021,3,fredf|none|san_lite,2689,2689,0.44136865226452837,0.4490144230777245,0.4156408923050869,none,0.44136865226452837,-1.732286779758977,-1.732286779758977,0.0,5.829086371989012,-29.71798098611037,0.682409817776125,3,0.9012747911253359,0.3172182967645965,0.5496467088136854,0.42827596223101644,0.44136865226452837,,0.4819170009274162,5.557728165863652e-08
iTransformer__ETTh1__h336__s2021,iTransformer,ETTh1,336,2021,3,fredf|none|san_lite,2545,2545,0.49567683647681315,0.491839204023067,0.458077599778625,fredf,0.468905391996408,0.7742206557432922,-4.890925209660583,5.40098760124399,7.585433478264043,10.20667649306028,0.8149312377210216,3,0.8250218700127002,0.35795677799607073,0.6357563850687623,0.468905391996408,0.49567683647681315,,0.5119630662303543,1.7932519797641506e-110
iTransformer__ETTh1__h720__s2021,iTransformer,ETTh1,720,2021,4,fredf|none|revin|san_lite,2161,2161,0.5217474031674536,0.4876991190991982,0.46566851628096995,fredf,0.47459833374292637,6.525817639242263,-2.7603943007816145,9.036761685482597,10.748282894352574,60.71497841347968,0.9153169828782971,4,0.6647213769997357,0.5011568718186025,0.6732993984266543,0.47459833374292637,0.5217474031674536,0.5217491655728156,0.5078599831259178,9.832428174970549e-67
iTransformer__ETTh2__h96__s2021,iTransformer,ETTh2,96,2021,3,fredf|none|san_lite,2785,2785,0.29941963606666194,0.29541914848547224,0.27016207123412694,fredf,0.291221649239853,1.336080570308918,-1.4413417603262477,2.737958984412228,9.771424886083112,13.673344326334188,0.7648114901256733,3,0.9363091072403937,0.3867145421903052,0.5052064631956912,0.291221649239853,0.29941963606666194,,0.3051256222172207,1.6337374805279568e-29
iTransformer__ETTh2__h192__s2021,iTransformer,ETTh2,192,2021,3,fredf|none|san_lite,2689,2689,0.3902916714393902,0.3784530189646115,0.3508825877916197,fredf,0.3758533061584184,3.0332833983076313,-0.6916828357205986,3.699378269509654,10.097341688673344,30.040415504936675,0.8783934548159167,3,0.8795050547122706,0.5039047973224247,0.5656377835626627,0.3758533061584184,0.3902916714393902,,0.38803163189378626,2.6252976681428528e-05
iTransformer__ETTh2__h336__s2021,iTransformer,ETTh2,336,2021,3,fredf|none|san_lite,2545,2545,0.4285814867536071,0.4208533347399506,0.3893410867039839,fredf,0.4109939327525718,1.8031931505434722,-2.398916675319984,4.1036662909113,9.155878464738977,19.694376213510896,0.6546168958742633,3,0.9581468992138442,0.35049115913555995,0.4781925343811395,0.4109939327525718,0.4285814867536071,,0.42656808628578086,1.3940460415364962e-25
iTransformer__ETTh2__h720__s2021,iTransformer,ETTh2,720,2021,3,fredf|none|san_lite,2161,2161,0.43493852325469906,0.43587291739581085,0.39324581887519566,san_lite,0.48949936984562864,-0.21483361237295287,10.955367004174118,-12.544496215814256,9.585884475676206,-2.241145435383993,0.6534012031466914,3,0.9859884362490092,0.35863026376677465,0.3998149005090236,0.41788902994260807,0.43493852325469906,,0.48949936984562864,2.394012537968759e-29
iTransformer__ETTm1__h96__s2021,iTransformer,ETTm1,96,2021,3,fredf|none|san_lite,11425,11425,0.34568484383221526,0.34277730918589255,0.2924250845144823,fredf,0.3326275164263906,0.8410940480009947,-3.0513990148850345,3.7772345645921668,15.40702760559255,5.459158440657926,0.6542669584245077,3,0.9665679975283656,0.36586433260393875,0.4636323851203501,0.3326275164263906,0.34568484383221526,,0.3711231697926245,8.296360088365874e-70
iTransformer__ETTm1__h192__s2021,iTransformer,ETTm1,192,2021,3,fredf|none|san_lite,11329,11329,0.3859548898053218,0.3843212360590999,0.3418130811594209,fredf,0.3781058281414774,0.42327582558719956,-1.6438275887353955,2.0336733310421695,11.43703832021715,3.7009216348378384,0.7481684173360402,3,0.9851472464733518,0.3814988083679054,0.41998411157207166,0.3781058281414774,0.3859548898053218,,0.4055149382749264,7.845131015086981e-42
iTransformer__ETTm1__h336__s2021,iTransformer,ETTm1,336,2021,3,fredf|none|san_lite,11185,11185,0.41925310132276494,0.4215149301860713,0.37361186679301117,fredf,0.4116535162027787,-0.5394900732194362,-2.395561703015056,1.81264851613287,10.886320073875298,-4.955669772215038,0.6932498882431828,3,0.9896207743552986,0.34054537326776935,0.4032185963343764,0.4116535162027787,0.41925310132276494,,0.44049769085954754,1.3479560069204265e-60
iTransformer__ETTm1__h720__s2021,iTransformer,ETTm1,720,2021,3,fredf|none|san_lite,10801,10801,0.5141235931834494,0.49055542359583004,0.436963672998459,none,0.5141235931834494,4.584144727076139,4.584144727076139,0.0,15.008048883161855,30.544574865823282,0.6240162947875196,3,0.9820462377329505,0.36894731969262107,0.42394222757152117,0.4775877657444121,0.5141235931834494,,0.5029132705950624,2.565262527226466e-86
iTransformer__ETTm2__h96__s2021,iTransformer,ETTm2,96,2021,3,fredf|none|san_lite,11425,11425,0.18033481929638714,0.1846402147069932,0.1578521704194452,fredf,0.18079358629164993,-2.3874454347643814,-2.1276354400740494,-0.2543973465857656,12.467170214015184,-19.149858337333868,0.7333916849015317,3,0.9692293132092965,0.34284463894967177,0.4584682713347921,0.18079358629164993,0.18033481929638714,,0.18965619350549168,3.267169986221062e-58
iTransformer__ETTm2__h192__s2021,iTransformer,ETTm2,192,2021,3,fredf|none|san_lite,11329,11329,0.25531253316378444,0.25445120852062114,0.21947435528613407,fredf,0.2447648505203545,0.33736089352393006,-3.9574138115152153,4.131282750863719,14.03698339184924,2.4033717508735513,0.7768558566510725,3,0.9517290796617589,0.34698561214582047,0.4876864683555477,0.2447648505203545,0.25531253316378444,,0.2582288314920073,5.505176229617943e-121
iTransformer__ETTm2__h336__s2021,iTransformer,ETTm2,336,2021,3,fredf|none|san_lite,11185,11185,0.33255729421533586,0.30939381748944134,0.27405111009607264,fredf,0.30289919602821647,6.96525895800264,-2.14415275654889,8.918192053795744,17.592813369838062,39.5915014356098,0.8949485918641037,3,0.9495279778193291,0.4240500670540903,0.49262405006705406,0.30289919602821647,0.33255729421533586,,0.31843964116323936,1.595263517781085e-71
iTransformer__ETTm2__h720__s2021,iTransformer,ETTm2,720,2021,3,fredf|none|san_lite,10801,10801,0.41126009556489423,0.4128778399512449,0.3744943353696953,fredf,0.408847280571653,-0.3933628386981316,-0.9858349489194326,0.586688331607086,8.939783020915081,-4.40013854661953,0.770299046384594,3,0.9741168040760794,0.3604295898527914,0.4476437366910471,0.408847280571653,0.41126009556489423,,0.41655828472533474,5.481610108340917e-50
iTransformer__Electricity__h96__s2021,iTransformer,Electricity,96,2021,3,fredf|none|san_lite,2537,5165,0.15795021737562376,0.16077272514925345,0.15568705043770797,none,0.15795021737562376,-1.786960360364413,-1.786960360364413,0.0,1.432835595610093,-124.71496137098353,0.463891577928364,3,0.8746357691256562,0.4286544046466602,0.4871248789932236,0.16276019242558798,0.15795021737562376,,0.17182976032272776,6.196767472045588e-105
iTransformer__Electricity__h192__s2021,iTransformer,Electricity,192,2021,3,fredf|none|san_lite,2441,5069,0.17087192704813275,0.17175957448097065,0.16916695272435708,none,0.17087192704813275,-0.5194811389835033,-0.5194811389835033,0.0,0.9978083311985005,-52.06221700462771,0.3330045373840994,3,0.8491052484452208,0.4989149733675281,0.5393568751232984,0.17520516669727873,0.17087192704813275,,0.18191269442988797,2.3318826928745954e-34
iTransformer__Electricity__h336__s2021,iTransformer,Electricity,336,2021,3,fredf|none|san_lite,2297,4925,0.18736326369991158,0.1894609799209585,0.18461225647460386,none,0.18736326369991158,-1.119598463226772,-1.119598463226772,0.0,1.468274607822351,-76.25266124300207,0.2952284263959391,3,0.8019272912506025,0.5230456852791878,0.6219289340101523,0.19464365019108437,0.18736326369991158,,0.19980068959863054,7.601376534935032e-81
iTransformer__Electricity__h720__s2021,iTransformer,Electricity,720,2021,3,fredf|none|san_lite,1913,4541,0.224536934420811,0.22805157611612129,0.22019612566998445,none,0.224536934420811,-1.5652844394444936,-1.5652844394444936,0.0,1.9332270488168228,-80.96743939320962,0.4144461572340894,3,0.7940221383155341,0.5311605373265801,0.6551420391984144,0.23946301897659986,0.224536934420811,,0.2362111509535392,1.1332491781863173e-61
iTransformer__Exchange__h96__s2021,iTransformer,Exchange,96,2021,3,fredf|none|san_lite,665,1422,0.11270565847157593,0.10133988302431571,0.07788642523705477,none,0.11270565847157593,10.084476326471043,10.084476326471043,0.0,30.893953068907837,32.64223359078834,0.47187060478199716,3,0.9492230488000786,0.33473980309423346,0.47187060478199716,0.08816419777548158,0.11270565847157593,,0.09559438021332235,4.864209862503251e-44
iTransformer__Exchange__h192__s2021,iTransformer,Exchange,192,2021,3,fredf|none|san_lite,569,1326,0.18858523843009278,0.19008595813318616,0.16658782539116626,none,0.18858523843009278,-0.7957779281021092,-0.7957779281021092,0.0,11.664440558513897,-6.82225541871439,0.521870286576169,3,0.9956788946544338,0.39592760180995473,0.3770739064856712,0.19022679439188173,0.18858523843009278,,0.19286571712504236,0.13931785208678008
iTransformer__Exchange__h336__s2021,iTransformer,Exchange,336,2021,3,fredf|none|san_lite,425,1182,0.33990427932360046,0.3454658600506444,0.3089960653353766,fredf,0.3422649927790294,-1.6362196845814816,-0.935201478134275,-0.6945230169269232,9.093211197469877,-17.99385991368825,0.538917089678511,3,0.9925019724763121,0.2927241962774958,0.3900169204737733,0.3422649927790294,0.33990427932360046,,0.34988172008780455,0.1473406211384952
iTransformer__Exchange__h720__s2021,iTransformer,Exchange,720,2021,3,fredf|none|san_lite,41,798,0.8616552551960885,0.8736093056978738,0.7995674424900447,none,0.8616552551960885,-1.3873356460932789,-1.3873356460932789,0.0,7.205644291212766,-19.25345728990231,0.2744360902255639,2,0.9647507423378155,0.4348370927318296,0.4598997493734336,0.8824162707666406,0.8616552551960885,,0.8898023700056817,1.0856799322890584e-05
iTransformer__ILI__h24__s2021,iTransformer,ILI,24,2021,3,fredf|none|san_lite,74,170,2.2942722540129634,2.3899950964047627,1.7032272554495755,none,2.2942722540129634,-4.172252975832602,-4.172252975832602,0.0,25.7617637806202,-16.195525319443394,0.2823529411764706,2,0.9769406305166093,0.4411764705882353,0.4411764705882353,2.373547848533182,2.2942722540129634,,2.464510084075086,0.0008579854749186232
iTransformer__ILI__h36__s2021,iTransformer,ILI,36,2021,3,fredf|none|san_lite,62,158,2.191627541580532,2.2441789107986643,2.0461020323483248,none,2.191627541580532,-2.397823910362522,-2.397823910362522,0.0,6.640065726094701,-36.111448429235736,0.26582278481012656,2,0.8102377629244664,0.5443037974683544,0.6455696202531646,2.4765700999694533,2.191627541580532,,2.642631538683855,0.00018970647056618968
iTransformer__ILI__h48__s2021,iTransformer,ILI,48,2021,3,fredf|none|san_lite,50,146,2.2831738360532343,2.2958126147724176,2.1878582545339245,none,2.2831738360532343,-0.5535618234407214,-0.5535618234407214,0.0,4.174696644388392,-13.259929297593608,0.22602739726027396,3,0.9018241922243394,0.4520547945205479,0.5205479452054794,2.3092887524056107,2.2831738360532343,,2.6222608477285463,0.04634221458528061
iTransformer__ILI__h60__s2021,iTransformer,ILI,60,2021,3,fredf|none|san_lite,38,134,2.3185477496972724,2.3185477496972724,2.256750062775256,none,2.3185477496972724,0.0,0.0,0.0,2.665361838248042,0.0,0.0,1,0.8862066775572398,0.5746268656716418,0.5746268656716418,2.423306876598899,2.3185477496972724,,2.6086420403487645,
iTransformer__Weather__h96__s2021,iTransformer,Weather,96,2021,4,fredf|none|revin|san_lite,5175,10444,0.17499910089251886,0.17485367177578268,0.1547012023579783,fredf,0.17347896500957516,0.0831027793820881,-0.7924342678224511,0.8686535388936931,11.598858754646491,0.7164737594955457,0.8274607430103409,4,0.9407616084394065,0.2527767139027193,0.3682497127537342,0.17347896500957516,0.17499910089251886,0.17498902831071783,0.17458715287075716,2.0328695953716435e-13
iTransformer__Weather__h192__s2021,iTransformer,Weather,192,2021,3,fredf|none|san_lite,5079,10348,0.22515383833219382,0.2222286731742357,0.20526876897581,none,0.22515383833219382,1.2991851169906867,1.2991851169906867,0.0,8.831770092658559,14.710359342407525,0.7086393505991496,3,0.9866088424531754,0.3533049864708156,0.3860649400850406,0.22195834110145016,0.22515383833219382,,0.2251179980707744,6.3707710658908435e-25
iTransformer__Weather__h336__s2021,iTransformer,Weather,336,2021,3,fredf|none|san_lite,4935,10204,0.28164756853792045,0.28025446399704634,0.2620293338013129,none,0.28164756853792045,0.49462686580288756,0.49462686580288756,0.0,6.965526043196269,7.101069793010287,0.5881027048216386,3,0.9984736127507073,0.3559388475107801,0.34790278322226575,0.28205358305955486,0.28164756853792045,,0.28653279689306,0.00293108256825908
iTransformer__Weather__h720__s2021,iTransformer,Weather,720,2021,4,fredf|none|revin|san_lite,4551,9820,0.359436254928651,0.3599058978707205,0.3377349072395845,none,0.359436254928651,-0.13066098247697483,-0.13066098247697483,0.0,6.037606777678536,-2.164118785509798,0.720162932790224,4,0.9686285986092138,0.25743380855397147,0.3303462321792261,0.3593929210385638,0.359436254928651,0.3581313862463425,0.36435195123302594,1.8453572902421284e-10
