key,backbone,dataset,pred_len,n_test_windows,feedback_window,delay_windows,eval_start,n_eval_windows,insufficient,best_fixed_val,best_fixed_test,arm_id_mismatch,mse_none,mse_best_fixed,mse_online,mse_online_nodelay,mse_oracle,mse_best_fixed_test,gain_online_vs_none,gain_online_vs_best_fixed,gain_nodelay_vs_best_fixed,gain_oracle_vs_none,oracle_realized_pct,delay_cost_pp,gain_bestfixed_test_vs_val,gain_online_vs_best_fixed_test,switch_rate,n_distinct_choices,wilcoxon_p_online_vs_best_fixed
DLinear__ETTh1__h96__s2021,DLinear,ETTh1,96,2785,200,96,96,2689,False,none,fredf_sqrth_a09,True,0.40131526245597393,0.40131526245597393,0.40671267915986736,0.3962651622499308,0.3841963310352973,0.39634152530914524,-1.3449318301150093,-1.3449318301150093,1.2583872776542018,4.265706545988137,-31.528934668544956,2.6033191077692113,1.239359080533834,-2.616721485997837,0.9557456303458535,11,2.5846481468914355e-05
DLinear__ETTh1__h192__s2021,DLinear,ETTh1,192,2689,200,192,192,2497,False,none,fredf_a03,True,0.4538370510089574,0.4538370510089574,0.4678186143595169,0.4481369616045301,0.4327042378577701,0.4496696530030067,-3.080745240928498,-3.080745240928498,1.2559770939244506,4.656475954124687,-66.16044560594813,4.336722334852949,0.9182586562019677,-4.0360654171938215,1.0,9,3.325341295056834e-28
DLinear__ETTh1__h336__s2021,DLinear,ETTh1,336,2545,200,336,336,2209,False,fredf_sqrth_a01,fredf_a01,True,0.5114633971584928,0.5127840327118359,0.5089339602177043,0.4991984241091865,0.4833775295114129,0.5087879593486212,0.49454896573951185,0.7508175466703124,2.6493821445211565,5.491276170115002,9.006084385508991,1.898564597850844,0.7792897415455534,-0.028695818444632572,0.9678587596197374,10,5.1009177778819925e-17
DLinear__ETTh1__h720__s2021,DLinear,ETTh1,720,2161,200,720,720,1441,False,fredf_sqrth_a01,revin,True,0.5726253633115294,0.5647510056649538,0.5386944941395608,0.5331507054655855,0.5154546091409296,0.5292465845633513,5.92549183914678,4.613805245847628,5.595439385203977,9.983971691347692,59.35004647677721,0.9816341393563492,6.286738889421859,-1.785162125134278,1.0,5,7.344912768497921e-136
DLinear__ETTh2__h96__s2021,DLinear,ETTh2,96,2785,200,96,96,2689,False,revin,revin,False,0.35644078376890337,0.30174329097345665,0.3198484811805779,0.29978130079387466,0.2674075732123302,0.30174329097345665,10.26602573401007,-6.000196441369731,0.6502183273887845,24.978401633761308,41.09961031301137,6.650414768758515,0.0,-6.000196441369731,0.9880996653030867,11,2.2948391106110722e-94
DLinear__ETTh2__h192__s2021,DLinear,ETTh2,192,2689,200,192,192,2497,False,revin,revin,False,0.4960602985879255,0.40217909459912354,0.43383003694322714,0.3965285331932817,0.35367222941298937,0.40217909459912354,12.544898638676836,-7.869862648025832,1.4049863560064126,28.70378249982268,43.7046881840964,9.274849004032244,0.0,-7.869862648025832,1.0,9,3.66984768825464e-67
DLinear__ETTh2__h336__s2021,DLinear,ETTh2,336,2545,200,336,336,2209,False,revin,revin,False,0.6366281243485528,0.4687455826151851,0.475635031753398,0.4642516956434848,0.42305593597316915,0.4687455826151851,25.288404083568015,-1.4697630001676298,0.9587049218936291,33.54740078339953,75.38111297124165,2.428467922061259,0.0,-1.4697630001676298,1.0,7,0.01488701719492538
DLinear__ETTh2__h720__s2021,DLinear,ETTh2,720,2161,200,720,720,1441,False,revin,revin,False,0.8787088514118869,0.522277882535949,0.5943189076381289,0.5113244697834203,0.4847199678793291,0.522277882535949,32.364524758853165,-13.793619739791167,2.0972384852528756,44.83724989216374,72.18222535193313,15.890858225044042,0.0,-13.793619739791167,1.0,3,2.4553393556227062e-70
DLinear__ETTm1__h96__s2021,DLinear,ETTm1,96,11425,200,96,96,11329,False,fredf_a03,fredf,True,0.344544685574051,0.3417039428507043,0.3441702987052029,0.3396982195840484,0.3226954754453814,0.3414131243949874,0.10866133901419806,-0.7217815029921764,0.5869769163086291,6.3414735572550995,1.7135029899306051,1.3087584193008055,0.08510831139081898,-0.8075771296412114,0.859034336658134,11,3.399612311719932e-08
DLinear__ETTm1__h192__s2021,DLinear,ETTm1,192,11329,200,192,192,11137,False,fredf_sqrth_a01,fredf_sqrth_a05,True,0.38292680253599454,0.3829690312610967,0.3874868844057356,0.38156002556927393,0.36701973614103867,0.3826185154579824,-1.1908494886044185,-1.1796915091933218,0.36791635270855305,4.154074953637932,-28.66701977745175,1.547607861901875,0.09152588708260503,-1.2723819551474544,0.8332585076771123,11,1.0431515093548336e-25
DLinear__ETTm1__h336__s2021,DLinear,ETTm1,336,11185,200,336,336,10849,False,fredf_sqrth_a01,fredf_a03,True,0.41786389700750437,0.4196479373083311,0.423560644302602,0.4151509179751635,0.4016067825147211,0.4177072061345439,-1.3633021028810428,-0.9323784645191141,1.0716171660466784,3.890528616893747,-35.04156470864527,2.0039956305657927,0.46246651091166524,-1.401325637211703,0.630565029034934,11,2.2673425557525835e-21
DLinear__ETTm1__h720__s2021,DLinear,ETTm1,720,10801,200,720,720,10081,False,none,fredf_a01,True,0.47939898124964814,0.47939898124964814,0.49161693306861326,0.46929668184517986,0.45799595593235437,0.4767109112670504,-2.548597785312587,-2.548597785312587,2.1072842871116584,4.464553775533254,-57.085162668672346,4.655882072424245,0.5607166656018225,-3.1268472042968067,0.8576530106140264,11,1.5144852770062548e-46
DLinear__ETTm2__h96__s2021,DLinear,ETTm2,96,11425,200,96,96,11329,False,fredf_sqrth_a09,revin,True,0.1974514566094896,0.18400629860784615,0.18823333362936026,0.17556115419299964,0.15600630013802072,0.1823891730662095,4.668551520647339,-2.2972230045775714,4.589595290321493,20.99004848225926,22.241737671451993,6.886818294899065,0.8788424928182896,-3.204225593477097,0.8938123400123577,11,9.393093035171543e-38
DLinear__ETTm2__h192__s2021,DLinear,ETTm2,192,11329,200,192,192,11137,False,fredf_a07,revin,True,0.2801206684686813,0.2523244353287378,0.2584679231881865,0.2386625186864899,0.21180023756264554,0.24859462701629814,7.729792092381196,-2.4347573993063425,5.414424736310005,24.38964296325402,31.692928444725215,7.849182135616347,1.4781795934926059,-3.9716450392957796,0.8751010146358984,11,1.5883909131490118e-26
DLinear__ETTm2__h336__s2021,DLinear,ETTm2,336,11185,200,336,336,10849,False,revin,revin,False,0.3733076297837981,0.31337238846423826,0.3297418664118636,0.29324111769212613,0.26408418043019455,0.31337238846423826,11.67020438265594,-5.223650375770476,6.424072928283933,29.25829547512007,39.88682249952977,11.64772330405441,0.0,-5.223650375770476,0.9380588072633422,11,3.3938379635879875e-282
DLinear__ETTm2__h720__s2021,DLinear,ETTm2,720,10801,200,720,720,10081,False,san_lite,revin,True,0.5545582706292533,0.43310897794057246,0.47118040445300335,0.38468289171284464,0.35884743870707414,0.4292991680259678,15.035005443430022,-8.790264910547949,11.181039575277662,35.29130161556415,42.60258124546608,19.971304485825613,0.879642332216586,-9.755722709531238,0.9762920345203849,11,2.694365801885644e-239
DLinear__Electricity__h96__s2021,DLinear,Electricity,96,5165,200,96,96,5069,False,fredf_a03,fredf_a03,False,0.20069635806880445,0.1976990632537931,0.1980825949950457,0.19767314927756469,0.19583263226451664,0.1976990632537931,1.30234703753301,-0.19399775342299647,0.013107789081945325,2.423425044213387,53.73993474132672,0.2071055425049418,0.0,-0.19399775342299647,1.0,7,1.0705549183417671e-53
DLinear__Electricity__h192__s2021,DLinear,Electricity,192,5069,200,192,192,4877,False,fredf_a03,fredf_sqrth_a09,True,0.20170065089036676,0.19842296081633506,0.19841806217340605,0.19822211702913198,0.19753859188924786,0.19837189979984154,1.6274556886426081,0.0024687883442725007,0.10122003339521786,2.063483178029274,78.86934604457909,0.09875124505094536,0.025733421315351626,-0.023270621298100466,1.0,8,0.16017533481330326
DLinear__Electricity__h336__s2021,DLinear,Electricity,336,4925,200,336,336,4589,False,fredf_a03,fredf_a03,False,0.2107062292682836,0.20770639185033662,0.20832470476815684,0.2074858115165679,0.20683328179842664,0.20770639185033662,1.1302582312757203,-0.2976860328221235,0.10619814431450458,1.8380792458239705,61.491267775955784,0.4038841771366281,0.0,-0.2976860328221235,1.0,9,4.1239543523630824e-126
DLinear__Electricity__h720__s2021,DLinear,Electricity,720,4541,200,720,720,3821,False,fredf_a03,fredf_a03,False,0.24808399819151578,0.2460468104140854,0.2476887990084658,0.24553685607444675,0.24435474886784408,0.2460468104140854,0.1593005538161708,-0.6673480512144517,0.20725907349839456,1.5032204216483782,10.597285100662146,0.8746071247128463,0.0,-0.6673480512144517,0.9866527087149961,10,4.341144279404966e-104
DLinear__Exchange__h96__s2021,DLinear,Exchange,96,1422,200,96,96,1326,False,revin,revin,False,0.09172554986149657,0.08436880994807272,0.088762749444418,0.08202413987890897,0.06783535378966846,0.08436880994807272,3.230071034210235,-5.208014074155583,2.7790721127618805,26.045301562804795,12.401741735591509,7.987086186917464,0.0,-5.208014074155583,0.6153846153846154,5,2.5743246002935045e-06
DLinear__Exchange__h192__s2021,DLinear,Exchange,192,1326,200,192,192,1134,False,revin,revin,False,0.18079992669521186,0.16552183239981927,0.20872312216531663,0.15092506943963718,0.12682095335918023,0.16552183239981927,-15.444251543875113,-26.10005528508367,8.818633015634642,29.85563894985949,-51.729763913365126,34.918688300718316,0.0,-26.10005528508367,0.699294532627866,10,2.1396061958324517e-84
DLinear__Exchange__h336__s2021,DLinear,Exchange,336,1182,200,336,336,846,False,revin,fredf_sqrth_a09,True,0.29618920384076186,0.33753775913558953,0.3774500540314555,0.24764485238890557,0.21763004042014444,0.288610892040087,-27.435453128165666,-11.824542237277479,26.63195577781492,26.52330415884686,-103.43904727520656,38.4564980150924,14.495227799300396,-30.781638684211973,1.0,8,2.1552559335977015e-17
DLinear__Exchange__h720__s2021,DLinear,Exchange,720,798,200,720,399,399,True,san_lite,fredf,True,0.5848003683383005,1.073005827596612,1.0412289663066243,0.5211716919465172,0.5005918532087091,0.5134013932300988,-78.04861670393211,2.9614807741663283,51.42881067902625,14.399531821213507,-542.0219051012714,48.46732990485992,52.15297251641493,-102.80992222374688,1.0,2,1.682175044870657e-14
DLinear__ILI__h24__s2021,DLinear,ILI,24,170,200,24,24,146,False,revin,fredf_a01,True,4.592093884128413,4.659533088337885,4.67315237407815,4.62175940977384,4.085093070995318,4.586445130713998,-1.7651749288027414,-0.29228863669513844,0.8106751867172962,11.04073274471423,-15.98784219864701,1.1029638234124346,1.5685682715034157,-1.8905108617452155,1.0,2,0.027707849358079864
DLinear__ILI__h36__s2021,DLinear,ILI,36,158,200,36,36,122,False,revin,revin,False,4.610141034009026,4.584057433683364,4.584057433683364,4.584057433683364,4.240617898643994,4.584057433683364,0.565787470128082,0.0,0.0,8.01544101664089,7.058719151596489,0.0,0.0,0.0,1.0,1,
DLinear__ILI__h48__s2021,DLinear,ILI,48,146,200,48,48,98,False,revin,revin,False,4.743909288425835,4.631771879536765,4.631771879536765,4.631771879536765,4.461526205345076,4.631771879536765,2.3638185739056707,0.0,0.0,5.95253968640707,39.711093053192094,0.0,0.0,0.0,1.0,1,
DLinear__ILI__h60__s2021,DLinear,ILI,60,134,200,60,60,74,False,revin,revin,False,5.45954189429412,5.180872926840911,5.180872926840911,5.180872926840911,5.0491012431479785,5.180872926840911,5.10425550071154,0.0,0.0,7.517858807439992,67.89507001179268,0.0,0.0,0.0,1.0,1,
DLinear__Weather__h96__s2021,DLinear,Weather,96,10444,200,96,96,10348,False,none,fredf_a03,True,0.19577454520133117,0.19577454520133117,0.19686323497984393,0.18848728055384975,0.17391880425028028,0.1939583510764528,-0.5560936317781289,-0.5560936317781289,3.722273822651508,11.163729650585159,-4.981253122011396,4.278367454429637,0.9276967661967284,-1.4976843674192395,0.7099922690374951,11,0.18676479203444363
DLinear__Weather__h192__s2021,DLinear,Weather,192,10348,200,192,192,10156,False,none,fredf,True,0.23659181187546313,0.23659181187546313,0.24070399426812963,0.22706477584294585,0.21302033789703853,0.23380272376434325,-1.738091593302344,-1.738091593302344,4.026781804896884,9.9629288906805,-17.445588664739432,5.764873398199228,1.1788607936170732,-2.9517494033614713,0.8220756203229618,11,1.3002342906884077e-11
DLinear__Weather__h336__s2021,DLinear,Weather,336,10204,200,336,336,9868,False,none,fredf,True,0.28184431905993745,0.28184431905993745,0.28239893399814714,0.2681904058325107,0.25675064643197903,0.2793371385853567,-0.19678059861471695,-0.19678059861471695,4.844487649394365,8.903380671842788,-2.210178423901381,5.041268248009082,0.8895621820352125,-1.096093211337846,0.8585326307255776,11,5.665367716544642e-22
DLinear__Weather__h720__s2021,DLinear,Weather,720,9820,200,720,720,9100,False,none,fredf_a09,True,0.35114562518976544,0.35114562518976544,0.35241158067606965,0.3298099223057647,0.31851833474914454,0.34564613078076106,-0.3605215031844563,-0.3605215031844563,6.076026968130319,9.291669353105457,-3.880050930276736,6.436548471314775,1.5661577460965639,-1.9573341903197088,0.8107692307692308,11,4.170058299327128e-09
PatchTST__ETTh1__h96__s2021,PatchTST,ETTh1,96,2785,200,96,96,2689,False,revin,fredf_a01,True,0.38931283770927755,0.38931298023176353,0.40184617086873703,0.38653711083266495,0.36955324938612916,0.3883242848782612,-3.2193475132167757,-3.219309725938273,0.7130174281471245,5.075503915915886,-63.42912085947848,3.9323271540853977,0.2539590005222016,-3.4821118629446737,0.8746746002231313,8,7.892042810944822e-40
PatchTST__ETTh1__h192__s2021,PatchTST,ETTh1,192,2689,200,192,192,2497,False,none,fredf_sqrth_a05,True,0.43907756294829875,0.43907756294829875,0.4504969079565133,0.4347341939729359,0.4186089507307489,0.4377624666662182,-2.6007580372612167,-2.6007580372612167,0.9892031253403852,4.661730396803132,-55.789541988907686,3.589961162601602,0.2995134329449666,-2.908984268853656,0.842611133360032,8,7.826915008974327e-14
PatchTST__ETTh1__h336__s2021,PatchTST,ETTh1,336,2545,200,336,336,2209,False,none,fredf_sqrth_a01,True,0.494042986790591,0.494042986790591,0.4963340607432555,0.48821023430366656,0.47091886544858996,0.49367914708721633,-0.4637397987456819,-0.4637397987456819,1.180616392270528,4.680588928541112,-9.907723275971815,1.64435619101621,0.07364535336034479,-0.5377812029732618,0.6455409687641467,7,0.05338405335574254
PatchTST__ETTh1__h720__s2021,PatchTST,ETTh1,720,2161,200,720,720,1441,False,none,fredf_sqrth_a05,True,0.5222119798807532,0.5222119798807532,0.520377456686879,0.5128679538377038,0.49822570541763705,0.516069316330426,0.351298565438814,0.351298565438814,1.789316676565944,4.5932064730777435,7.6482206380932745,1.4380181111271302,1.1762777927304793,-0.8347987799542522,0.9951422623178349,4,0.22039625503186788
PatchTST__ETTh2__h96__s2021,PatchTST,ETTh2,96,2785,200,96,96,2689,False,fredf_sqrth_a05,fredf_sqrth_a05,False,0.29457263622880425,0.29148030663709207,0.2975840571382512,0.2893712898933143,0.2674316505989141,0.29148030663709207,-1.022301646205066,-2.094052449566576,0.7235537687272915,9.213681887518131,-11.09547365155207,2.8176062182938675,0.0,-2.094052449566576,0.8735589438452956,10,6.312317192788085e-22
PatchTST__ETTh2__h192__s2021,PatchTST,ETTh2,192,2689,200,192,192,2497,False,fredf_sqrth_a05,fredf_sqrth_a01,True,0.3923403812534316,0.3985006565412355,0.3958019164260693,0.3889580606193866,0.3610268358512669,0.3888713451871454,-0.8822785871722192,0.6772235053721068,2.394624893381458,7.981219088905864,-11.054433881791786,1.717401388009351,2.4163853173149157,-1.7822272905119185,0.869042851421706,10,0.0002514714387066331
PatchTST__ETTh2__h336__s2021,PatchTST,ETTh2,336,2545,200,336,336,2209,False,none,fredf_a01,True,0.46693896776130156,0.46693896776130156,0.466787938097717,0.45929421513813984,0.42852206220922023,0.4609689398176695,0.03234462617423442,0.03234462617423442,1.6372059628686495,8.22739334354243,0.39313333911255555,1.604861336694415,1.2785456678079465,-1.2623406432408468,0.9438660027161612,10,0.49842601265575537
PatchTST__ETTh2__h720__s2021,PatchTST,ETTh2,720,2161,200,720,720,1441,False,san_lite,fredf_a01,True,0.5244383022116754,0.5231124813320073,0.5207546632956664,0.5155093530703551,0.48191294514578636,0.522834283849748,0.7023970027488866,0.4507286903827232,1.4534404230382247,8.10874356172478,8.662217486416173,1.0027117326555015,0.053181197579230836,0.39775902581690126,0.8320610687022901,10,0.15969058179837314
PatchTST__ETTm1__h96__s2021,PatchTST,ETTm1,96,11425,200,96,96,11329,False,fredf_sqrth_a01,fredf_sqrth_a01,False,0.32795065208501384,0.32660104270890633,0.33857203719935086,0.3291691880038861,0.29810354752655654,0.32660104270890633,-3.2387144366925305,-3.665326476338721,-0.7863248915775396,9.10109626817546,-35.58598152520477,2.8790015847611814,0.0,-3.665326476338721,0.7648512666607821,10,8.211093831330252e-213
PatchTST__ETTm1__h192__s2021,PatchTST,ETTm1,192,11329,200,192,192,11137,False,none,fredf_sqrth_a01,True,0.37081162700050074,0.37081162700050074,0.37496840490716155,0.3691507659804337,0.34921336158958877,0.37035502595035064,-1.1209944899176474,-1.1209944899176474,0.4478988519042029,5.824592283031234,-19.24588770155698,1.5688933418218503,0.12313558068346635,-1.2456639261098936,0.5836401185238395,7,6.063335809657911e-100
PatchTST__ETTm1__h336__s2021,PatchTST,ETTm1,336,11185,200,336,336,10849,False,none,none,False,0.4050482395816282,0.4050482395816282,0.4146086900701104,0.4027260608173799,0.3873244792961923,0.4050482395816282,-2.360323920512165,-2.360323920512165,0.5733091857506084,4.37571591563981,-53.941434176351684,2.933633106262773,0.0,-2.360323920512165,0.3262051802009402,8,1.8608828409639915e-238
PatchTST__ETTm1__h720__s2021,PatchTST,ETTm1,720,10801,200,720,720,10081,False,none,none,False,0.46967512514457355,0.46967512514457355,0.4842305316886972,0.46295619781185693,0.45105597927579566,0.46967512514457355,-3.099037135426802,-3.099037135426802,1.4305478346621228,3.964260586082129,-78.17440523815642,4.529584970088925,0.0,-3.099037135426802,0.5113580001983931,6,1.0828537680935535e-272
PatchTST__ETTm2__h96__s2021,PatchTST,ETTm2,96,11425,200,96,96,11329,False,fredf_sqrth_a01,fredf_sqrth_a01,False,0.17735662813797318,0.17704919848440814,0.17921994748640493,0.1746480212289495,0.16256841442415632,0.17704919848440814,-1.0506059841032258,-1.2260710698307384,1.3562203477902377,8.338122949782912,-12.600029891134376,2.582291417620976,0.0,-1.2260710698307384,0.7837408420866802,10,6.431121157335472e-26
PatchTST__ETTm2__h192__s2021,PatchTST,ETTm2,192,11329,200,192,192,11137,False,fredf_sqrth_a01,fredf_sqrth_a01,False,0.24487727835738965,0.24458400682641782,0.24607759645722002,0.2418208344840935,0.22781709570909645,0.24458400682641782,-0.4901712841130359,-0.6106652884528566,1.1297436730088621,6.96682957384262,-7.035786922715629,1.7404089614617186,0.0,-0.6106652884528566,0.8166472119960492,10,4.226890690248964e-12
PatchTST__ETTm2__h336__s2021,PatchTST,ETTm2,336,11185,200,336,336,10849,False,fredf_sqrth_a05,none,True,0.3100780744065402,0.3108711163843433,0.31416594311945206,0.3059819323609162,0.2886283542493547,0.3100780744065402,-1.3183353001409215,-1.0598690458667914,1.5727366634366409,6.917522368574136,-19.057911631317207,2.6326057093034323,0.2551031395338872,-1.3183353001409215,0.8355608811872062,10,3.273807162960739e-32
PatchTST__ETTm2__h720__s2021,PatchTST,ETTm2,720,10801,200,720,720,10081,False,none,none,False,0.4222567841889555,0.4222567841889555,0.42977296202553017,0.41501640545365215,0.3950237261445326,0.4222567841889555,-1.7800016762296575,-1.7800016762296575,1.7146861830042794,6.4494068690135915,-27.599463211359456,3.494687859233937,0.0,-1.7800016762296575,0.8059716297986311,10,3.106597241856954e-33
PatchTST__Electricity__h96__s2021,PatchTST,Electricity,96,5165,200,96,96,5069,False,none,none,False,0.19280206250836332,0.19280206250836332,0.19280206250836332,0.19280206250836332,0.19232497167619028,0.19280206250836332,0.0,0.0,0.0,0.24745110397865616,0.0,0.0,0.0,0.0,0.0,1,
PatchTST__Electricity__h192__s2021,PatchTST,Electricity,192,5069,200,192,192,4877,False,none,none,False,0.19836134880151762,0.19836134880151762,0.19836134880151762,0.19836134880151762,0.19810796678310685,0.19836134880151762,0.0,0.0,0.0,0.12773759602886578,0.0,0.0,0.0,0.0,0.0,1,
PatchTST__Electricity__h336__s2021,PatchTST,Electricity,336,4925,200,336,336,4589,False,none,none,False,0.20899864730718842,0.20899864730718842,0.20910165518665136,0.2090239680736874,0.2087641301858942,0.20899864730718842,-0.049286385720497164,-0.049286385720497164,-0.012115277694421086,0.11220987519043435,-43.92339393185386,0.03717110802607608,0.0,-0.049286385720497164,0.025059925909784266,2,1.3128610014438802e-20
PatchTST__Electricity__h720__s2021,PatchTST,Electricity,720,4541,200,720,720,3821,False,none,none,False,0.25305897012661027,0.25305897012661027,0.25305897012661027,0.25305897012661027,0.2528946140429575,0.25305897012661027,0.0,0.0,0.0,0.06494774066689024,0.0,0.0,0.0,0.0,0.0,1,
PatchTST__Exchange__h96__s2021,PatchTST,Exchange,96,1422,200,96,96,1326,False,san_lite,none,True,0.08274680244431551,0.08553524744004393,0.0839615530498764,0.08159884979715219,0.0712783983669793,0.08274680244431551,-1.4680332890974006,1.8398197669939624,4.602076641684982,13.859634135005129,-10.592150374746168,2.7622568746910194,3.2599952407343915,-1.4680332890974006,0.6711915535444947,6,0.1940223269178648
PatchTST__Exchange__h192__s2021,PatchTST,Exchange,192,1326,200,192,192,1134,False,san_lite,fredf_sqrth_a01,True,0.1685183878603672,0.16960748546712456,0.17231804198491826,0.16858848304909899,0.15090483198898336,0.1682739939074142,-2.2547415583377526,-1.5981349586738092,0.6008003804862051,10.452008291150854,-21.57232845020519,2.1989353391600144,0.786222115155976,-2.40325197231908,0.6340388007054674,10,0.0009526244532464152
PatchTST__Exchange__h336__s2021,PatchTST,Exchange,336,1182,200,336,336,846,False,san_lite,none,True,0.3445702497594182,0.3610316525360935,0.3469382847084644,0.347294943059308,0.3206950966312812,0.3445702497594182,-0.6872430079766617,3.9036377360794163,3.8048490707817115,6.928965325572223,-9.918407376228592,-0.0987886652977048,4.559545585822008,-0.6872430079766617,0.483451536643026,10,7.477109942793025e-08
PatchTST__Exchange__h720__s2021,PatchTST,Exchange,720,798,200,720,399,399,True,san_lite,none,True,1.038884873677017,1.0784906318462582,1.0763522685321052,1.0530245764213695,0.9747731908969114,1.038884873677017,-3.606501144100825,0.19827370317443838,2.361268116095728,6.171201872747251,-58.44082268595526,2.1629944129212895,3.672332146400159,-3.606501144100825,0.8421052631578947,4,0.13382305582330045
PatchTST__ILI__h24__s2021,PatchTST,ILI,24,170,200,24,24,146,False,fredf_a01,none,True,2.685893581950501,2.686309836600741,2.6922977615709174,2.6861937394084996,2.3154397447631783,2.685893581950501,-0.23843757859397618,-0.22290522443051808,0.004321809445051189,13.792573156162081,-1.7287389082058722,0.22722703387556928,0.015495407289523675,-0.23843757859397618,1.0,7,0.10375530821437719
PatchTST__ILI__h36__s2021,PatchTST,ILI,36,158,200,36,36,122,False,fredf_sqrth_a01,fredf_a01,True,2.898173527395139,2.8994113302133124,2.8965034465320776,2.8948030418059867,2.7343696008940213,2.8953438750544533,0.05762528873010239,0.10029220935064455,0.15893875971661872,5.651970972500298,1.0195609462632915,0.05864655036597417,0.1402855509486624,-0.040049525295230606,0.7786885245901639,4,0.2657173056860642
PatchTST__ILI__h48__s2021,PatchTST,ILI,48,146,200,48,48,98,False,fredf_sqrth_a01,none,True,3.2391536983908438,3.2549030580082716,3.2587891105486424,3.2389848609359895,3.2092480635156435,3.2391536983908438,-0.6061895787022117,-0.11939073057209643,0.48905287772281186,0.9232545800481043,-65.65790105805458,0.6084436082949083,0.48386570465359113,-0.6061895787022117,0.5102040816326531,3,0.25953268686922304
PatchTST__ILI__h60__s2021,PatchTST,ILI,60,134,200,60,60,74,False,none,fredf_sqrth_a01,True,3.7281732414219833,3.7281732414219833,3.7254111074112557,3.719814835367976,3.6646305838146724,3.7205456076441585,0.07408813464025871,0.07408813464025871,0.22419575252401372,1.7043912257429756,4.346897209987475,0.150107617883755,0.2045944027781652,-0.1307738240622368,0.40540540540540543,2,0.2894770717054542
PatchTST__Weather__h96__s2021,PatchTST,Weather,96,10444,200,96,96,10348,False,fredf_sqrth_a01,fredf_sqrth_a01,False,0.18417108052665426,0.18386066294191344,0.1835400327699202,0.1820397673959181,0.172931365066312,0.18386066294191344,0.34264215365740053,0.1743875861541918,0.9903671165162259,6.102866654276144,5.614446014265014,0.8159795303620341,0.0,0.1743875861541918,0.9598956320061848,10,1.2505795717791774e-06
PatchTST__Weather__h192__s2021,PatchTST,Weather,192,10348,200,192,192,10156,False,none,none,False,0.22852173348461058,0.22852173348461058,0.2307723236720321,0.2275362348131903,0.218692204009341,0.22852173348461058,-0.9848473285641487,-0.9848473285641487,0.43124942927248366,4.301354328685117,-22.896214847871285,1.4160967578366324,0.0,-0.9848473285641487,0.7133714060653801,10,1.8161489948386723e-63
PatchTST__Weather__h336__s2021,PatchTST,Weather,336,10204,200,336,336,9868,False,fredf_sqrth_a01,none,True,0.283273423132481,0.2833741894735527,0.28314406844969636,0.2809208097834069,0.2721365149392258,0.283273423132481,0.045664249527453724,0.08120747492318757,0.8657738711824788,3.931504787869697,1.161495457521669,0.7845663962592913,0.03555946335781217,0.045664249527453724,0.7904337251722741,10,2.1223290696770693e-06
PatchTST__Weather__h720__s2021,PatchTST,Weather,720,9820,200,720,720,9100,False,fredf_sqrth_a01,fredf_sqrth_a05,True,0.362027836977453,0.3613631508523946,0.3633266463810271,0.3580946558067104,0.3498710649362305,0.3602754039587555,-0.35875954026468326,-0.543357983235276,0.9044904102605217,3.357966100807339,-10.683834483883485,1.4478483934957977,0.3010121234194152,-0.8469194368351605,0.9381318681318681,11,2.013365689272628e-13
TimesNet__ETTh1__h96__s2021,TimesNet,ETTh1,96,2785,200,96,96,2689,False,san_lite,fredf,True,0.40356125710577095,0.4248348514900282,0.4105968223091571,0.39869534476688245,0.3716026404591997,0.4011663587375306,-1.7433698303513685,3.351426826424518,6.152863078771627,7.919148848848959,-22.014611211029518,2.8014362523471092,5.571222010018508,-2.350761315400588,0.8642618073633321,4,6.049960586525413e-14
TimesNet__ETTh1__h192__s2021,TimesNet,ETTh1,192,2689,200,192,192,2497,False,san_lite,fredf,True,0.5324864171603512,0.5297284952559183,0.48597329339959117,0.4770714548059497,0.4460699268171775,0.4723143420209396,8.735081733862488,8.259929803305338,9.940382841672488,16.22886285134823,53.824361039786176,1.6804530383671494,10.838411327510862,-2.891919673702627,0.698438125750901,3,2.7799187766029497e-71
TimesNet__ETTh1__h336__s2021,TimesNet,ETTh1,336,2545,200,336,336,2209,False,none,fredf,True,0.5544676777732593,0.5544676777732593,0.5270285951762029,0.5149311442324456,0.49250171025612066,0.5250969010410723,4.948725362531897,4.948725362531897,7.13053891608634,11.17575829954274,44.28089110207864,2.1818135535544423,5.297112511605187,-0.36787384029444875,0.8207333635129017,2,2.668721897255031e-43
TimesNet__ETTh1__h720__s2021,TimesNet,ETTh1,720,2161,200,720,720,1441,False,san_lite,fredf,True,0.7245411441857247,0.7076273425886153,0.611800758231439,0.5919478608658544,0.5700367820047819,0.594786679409677,15.560246213599555,13.541956138451592,16.347514399234935,21.324442845046324,72.96906337280224,2.805558260783343,15.946340169105028,-2.8605346102605673,0.9340735600277585,4,8.002262894186499e-29
TimesNet__ETTh2__h96__s2021,TimesNet,ETTh2,96,2785,200,96,96,2689,False,san_lite,fredf,True,0.34670110865900977,0.331527772830926,0.323296667530706,0.31297605631297387,0.28840187378574056,0.31970376546424356,6.750610408706588,2.482780018672187,5.595825761287653,16.815416339046088,40.14536585047615,3.113045742615466,3.5665209178951134,-1.1238222550284778,0.9308293045741911,3,0.004031290776091103
TimesNet__ETTh2__h192__s2021,TimesNet,ETTh2,192,2689,200,192,192,2497,False,fredf,fredf,False,0.4416611046180827,0.4098987412580405,0.4320003313747558,0.40336639291771326,0.3744844010813646,0.4098987412580405,2.187372431552243,-5.391963402675575,1.59364928037167,15.210011213157582,14.38113621919931,6.985612683047245,0.0,-5.391963402675575,0.9179014817781338,3,7.986697186152702e-58
TimesNet__ETTh2__h336__s2021,TimesNet,ETTh2,336,2545,200,336,336,2209,False,san_lite,fredf,True,0.5287100008375616,0.5324637145950762,0.539788339825009,0.49630866911736155,0.45737651797266987,0.504718191881237,-2.0953526450940108,-1.3756102113904851,6.790142593123307,13.491986675446483,-15.530349202596557,8.165752804513792,5.2107818717538,-6.948461241903217,0.9583521955636034,3,3.453167506118298e-15
TimesNet__ETTh2__h720__s2021,TimesNet,ETTh2,720,2161,200,720,720,1441,False,san_lite,none,True,0.6018697597929209,0.6176990944424244,0.6290448020308651,0.550564878314506,0.5299792992291064,0.6018697597929209,-4.5151034415234435,-1.8367693413349873,10.86843363246461,11.944521118394402,-37.800623371224475,12.705202973799597,2.56262876081541,-4.5151034415234435,0.45107564191533656,2,3.044220917409993e-13
TimesNet__ETTm1__h96__s2021,TimesNet,ETTm1,96,11425,200,96,96,11329,False,none,none,False,0.3361525413006352,0.3361525413006352,0.34039773907512755,0.3297748788803229,0.29456335799014727,0.3361525413006352,-1.262878381955486,-1.262878381955486,1.897252478180586,12.372116286685838,-10.207456450147966,3.1601308601360723,0.0,-1.262878381955486,0.7066819666343014,3,1.6690385357137417e-27
TimesNet__ETTm1__h192__s2021,TimesNet,ETTm1,192,11329,200,192,192,11137,False,san_lite,none,True,0.38720838692518583,0.38775239046872106,0.3874963220863493,0.3673427920800903,0.338337860027437,0.38720838692518583,-0.07436180901173971,0.06603914989706286,5.263564813593205,12.621246994597026,-0.589179571892154,5.197525663696142,0.14029663179541696,-0.07436180901173971,0.7708539103887941,3,4.790745955671255e-06
TimesNet__ETTm1__h336__s2021,TimesNet,ETTm1,336,11185,200,336,336,10849,False,san_lite,fredf,True,0.43476797914612686,0.4280587366787022,0.41077356546408506,0.3957857723102414,0.3742091618392454,0.4031222806902665,5.518900846633422,4.038037244302501,7.539377567384926,13.92899666292769,39.62166823710251,3.5013403230824247,5.825475303192927,-1.8980059253232706,0.7733431652686884,3,9.873271193181106e-136
TimesNet__ETTm1__h720__s2021,TimesNet,ETTm1,720,10801,200,720,720,10081,False,fredf,fredf,False,0.5274221700192231,0.5150795393390512,0.5206295211005219,0.5006621905264667,0.48753304864670616,0.5150795393390512,1.2878959787452215,-1.0774999466260395,2.7990529057040034,7.563034631439073,17.02882561662788,3.876552852330043,0.0,-1.0774999466260395,0.5273286380319413,2,0.1560571060049457
TimesNet__ETTm2__h96__s2021,TimesNet,ETTm2,96,11425,200,96,96,11329,False,fredf,fredf,False,0.1886552524641031,0.17924158634158058,0.18121524475829248,0.17826114568531498,0.16125697634870204,0.17924158634158058,3.9437055733112234,-1.1011163519495377,0.5469939628807465,14.522933105437456,27.15502126557851,1.6481103148302843,0.0,-1.1011163519495377,0.8512666607820637,3,2.2564532467510024e-18
TimesNet__ETTm2__h192__s2021,TimesNet,ETTm2,192,11329,200,192,192,11137,False,fredf,fredf,False,0.2664690943356395,0.2544920977796763,0.2632415118397535,0.24969794016200647,0.22646287465152787,0.2544920977796763,1.2112408397382441,-3.4379904666499725,1.8838139413670425,15.013455794453368,8.067701775599549,5.321804408017015,0.0,-3.4379904666499725,0.7632216934542516,3,8.487994005695243e-164
TimesNet__ETTm2__h336__s2021,TimesNet,ETTm2,336,11185,200,336,336,10849,False,fredf,fredf,False,0.32416045676110933,0.316157193680531,0.3236439291129234,0.30829464416088725,0.28619796767795136,0.316157193680531,0.1593432010015339,-2.3680420948870915,2.4869114721342735,11.711017889827751,1.3606263989720555,4.854953567021365,0.0,-2.3680420948870915,0.7413586505668726,3,6.917111994724793e-72
TimesNet__ETTm2__h720__s2021,TimesNet,ETTm2,720,10801,200,720,720,10081,False,none,fredf,True,0.5111453521949806,0.5111453521949806,0.4540709290243652,0.428881958015422,0.39253874522453797,0.4390315600947934,11.165986920435156,11.165986920435156,16.09393371692395,23.204085972979193,48.12077895825604,4.9279467964887935,14.108275031822597,-3.4255780897141723,0.8400952286479516,3,7.434391208502889e-237
TimesNet__Electricity__h96__s2021,TimesNet,Electricity,96,5165,200,96,96,5069,False,none,none,False,0.17925512983521946,0.17925512983521946,0.1807144009198609,0.17961874946402148,0.17622878068966563,0.17925512983521946,-0.8140749366418362,-0.8140749366418362,-0.20285033356325663,1.6882915140665282,-48.21886087740895,0.6112246030785795,0.0,-0.8140749366418362,0.257447228250148,3,1.7340205480865723e-93
TimesNet__Electricity__h192__s2021,TimesNet,Electricity,192,5069,200,192,192,4877,False,none,none,False,0.19564069712201126,0.19564069712201126,0.19567959518713224,0.19565704416942714,0.19461843385140573,0.19564069712201126,-0.019882399568693015,-0.019882399568693015,-0.008355647703298809,0.5225207667108107,-3.805092699836664,0.011526751865394206,0.0,-0.019882399568693015,0.004100881689563256,2,8.857457687863547e-05
TimesNet__Electricity__h336__s2021,TimesNet,Electricity,336,4925,200,336,336,4589,False,none,none,False,0.20850109691309707,0.20850109691309707,0.20850109691309707,0.20850109691309707,0.20849659424912412,0.20850109691309707,0.0,0.0,0.0,0.0021595397048700536,0.0,0.0,0.0,0.0,0.0,1,
TimesNet__Electricity__h720__s2021,TimesNet,Electricity,720,4541,200,720,720,3821,False,none,fredf,True,0.2969017898504474,0.2969017898504474,0.29698681949524003,0.2939039218904647,0.290919424323972,0.2957142245056616,-0.028638980194483295,-0.028638980194483295,1.0097170385812269,2.0149307720470935,-1.4213381713655568,1.0383560187757102,0.39998591634627806,-0.430346220815552,0.8016226118817064,3,1.139384176136078e-20
TimesNet__Exchange__h96__s2021,TimesNet,Exchange,96,1422,200,96,96,1326,False,san_lite,fredf,True,0.1074768325080744,0.10332807895712004,0.09671124454228092,0.09656198310411533,0.08599316762116925,0.10073554991473349,10.01665913896795,6.403713764504415,6.548167662874171,19.98911243043123,50.11057481097781,0.14445389836975586,2.50902665425274,3.9949207363427854,0.9193061840120663,3,4.644677900765403e-12
TimesNet__Exchange__h192__s2021,TimesNet,Exchange,192,1326,200,192,192,1134,False,fredf,fredf,False,0.1854480783663677,0.18083452827229807,0.18069351680833037,0.1788655326026615,0.16545483982929635,0.18083452827229807,2.563823577949764,0.07797817447483325,1.0888383365928853,10.781043790308402,23.780847454921513,1.010860162118052,0.0,0.07797817447483325,0.8800705467372134,3,0.313945873758244
TimesNet__Exchange__h336__s2021,TimesNet,Exchange,336,1182,200,336,336,846,False,fredf,fredf,False,0.40107413645543105,0.37457580644258653,0.42823721260607384,0.3739000891751431,0.3457681871334148,0.37457580644258653,-6.772582343661925,-14.325913537496193,0.1803953314174305,13.789457931806629,-49.114202871730704,14.506308868913624,0.0,-14.325913537496193,0.8687943262411347,3,2.3154286420878917e-18
TimesNet__Exchange__h720__s2021,TimesNet,Exchange,720,798,200,720,399,399,True,none,san_lite,True,1.2487127991547262,1.2487127991547262,1.1967331596783228,1.1712814278172372,1.0582186621532106,1.1697232340810293,4.162657699316257,4.162657699316257,6.200895144971809,15.255240206580055,27.28673978859357,2.038237445655552,6.32567914152101,-2.309086868612153,0.19548872180451127,3,1.682175044870657e-14
TimesNet__ILI__h24__s2021,TimesNet,ILI,24,170,200,24,24,146,False,none,none,False,2.56562716248509,2.56562716248509,2.56562716248509,2.56562716248509,2.1530677462889725,2.56562716248509,0.0,0.0,0.0,16.080256018039186,0.0,0.0,0.0,0.0,0.0,1,
TimesNet__ILI__h36__s2021,TimesNet,ILI,36,158,200,36,36,122,False,none,fredf,True,3.165487760403117,3.165487760403117,3.165487760403117,3.165487760403117,2.573217219016591,3.121933173449313,0.0,0.0,0.0,18.710245820407614,0.0,0.0,1.3759202451708032,-1.3951159276631226,0.0,1,
TimesNet__ILI__h48__s2021,TimesNet,ILI,48,146,200,48,48,98,False,none,none,False,3.4584499548892587,3.4584499548892587,3.4584499548892587,3.4584499548892587,3.282527637116763,3.4584499548892587,0.0,0.0,0.0,5.086738858942895,0.0,0.0,0.0,0.0,0.0,1,
TimesNet__ILI__h60__s2021,TimesNet,ILI,60,134,200,60,60,74,False,none,none,False,3.76242300143113,3.76242300143113,3.76242300143113,3.76242300143113,3.683835856012396,3.76242300143113,0.0,0.0,0.0,2.0887376403137203,0.0,0.0,0.0,0.0,0.0,1,
TimesNet__Weather__h96__s2021,TimesNet,Weather,96,10444,200,96,96,10348,False,fredf,fredf,False,0.16852604418742437,0.16499803967136353,0.16706264061276568,0.1631904723489737,0.14997837617519955,0.16499803967136353,0.868354551194765,-1.2512881640908138,1.095508362389718,11.005816994960838,7.8899599325114655,2.3467965264805315,0.0,-1.2512881640908138,0.8562040974101276,4,8.027004510891026e-17
TimesNet__Weather__h192__s2021,TimesNet,Weather,192,10348,200,192,192,10156,False,fredf,fredf,False,0.21847163633303662,0.21773863343874822,0.22055554577593653,0.21390841498640126,0.20061352153485856,0.21773863343874822,-0.9538581199225654,-1.293712692455101,1.75908996572574,8.17411133904519,-11.669257737081075,3.052802658180841,0.0,-1.293712692455101,0.7051988972036235,3,2.4840131892756885e-43
TimesNet__Weather__h336__s2021,TimesNet,Weather,336,10204,200,336,336,9868,False,none,none,False,0.2752036343517033,0.2752036343517033,0.2819340893818291,0.2729599137545496,0.2593486747577225,0.2752036343517033,-2.4456272337959053,-2.4456272337959053,0.8152946825833517,5.761173769115622,-42.450155674042016,3.260921916379257,0.0,-2.4456272337959053,0.5446899067693555,3,1.3078789676404707e-36
iTransformer__ETTh1__h96__s2021,iTransformer,ETTh1,96,2785,200,96,96,2689,False,fredf_a03,fredf_a09,True,0.4022396797859434,0.3870676316850112,0.3932141107214388,0.3847705046786567,0.3581465012070059,0.38244876284921153,2.2438286221004367,-1.5879599670100129,0.5934691558548892,10.961916686661187,20.46930921104255,2.181429122864902,1.1932976197675116,-2.8148470901038287,1.0,8,0.0036407685515532223
iTransformer__ETTh1__h192__s2021,iTransformer,ETTh1,192,2689,200,192,192,2497,False,fredf_sqrth_a09,fredf_a09,True,0.4492758067610458,0.44053342129809886,0.4393464114232019,0.43482572981893036,0.4143619921668606,0.43593700436601457,2.2100890340402577,0.26944831368220584,1.2956318869830485,7.771131689865714,28.439732103100507,1.0261835733008426,1.0433753059029698,-0.7820870958495113,0.9519423307969563,7,0.002614181159835063
iTransformer__ETTh1__h336__s2021,iTransformer,ETTh1,336,2545,200,336,336,2209,False,fredf_sqrth_a09,fredf_a09,True,0.5205066526715925,0.49691761725895434,0.49594451516745264,0.48723874696782943,0.4713588821477834,0.49060269121726535,4.718890215528106,0.1958276498360967,1.9477816754606156,9.442294401321297,49.97609706780334,1.751954025624519,1.2708195126005029,-1.0888289130502853,1.0,7,0.6270665638360685
iTransformer__ETTh1__h720__s2021,iTransformer,ETTh1,720,2161,200,720,720,1441,False,fredf_a03,fredf,True,0.5675887409636413,0.533186718583686,0.5274173726148691,0.5216904864759597,0.5036868456541707,0.5215753044294533,7.077548487043501,1.0820498275222148,2.1561362477749673,11.258485360521185,62.864126570264546,1.0740864202527525,2.1777388200993766,-1.12008144093309,1.0,5,3.0979718883831684e-08
iTransformer__ETTh2__h96__s2021,iTransformer,ETTh2,96,2785,200,96,96,2689,False,fredf_a09,fredf,True,0.307061907728284,0.30388897080937255,0.30575139567189474,0.2946944059094074,0.26878490631477947,0.29880796442021,0.4267908273222412,-0.6128635921059312,3.0256329722813815,12.465564907272972,3.4237584135644115,3.638496564387313,1.6719943391210124,-2.3237102348105516,0.9330606173298625,8,1.0951338385059238e-17
iTransformer__ETTh2__h192__s2021,iTransformer,ETTh2,192,2689,200,192,192,2497,False,fredf_a07,fredf_a09,True,0.4133841394065235,0.39390115795711494,0.3973119453216344,0.38780126723352315,0.354617691911014,0.38777045062066173,3.8879561533067917,-0.8658992987479674,1.5485841055182732,14.215941516221601,27.349269471910407,2.4144834042662406,1.5564075435150444,-2.4606038664565646,1.0,8,0.7147836488041259
iTransformer__ETTh2__h336__s2021,iTransformer,ETTh2,336,2545,200,336,336,2209,False,fredf,fredf_a07,True,0.47899930329884594,0.4606399611279456,0.46414179472280553,0.4545027277840916,0.4268279718450153,0.4555576600980953,3.101780832182096,-0.7602105527878183,1.3323276011079699,10.891734308258942,28.478300556511332,2.0925381538957883,1.1033130988884454,-1.8843135296732765,0.9954730647351743,9,0.46692517506311937
iTransformer__ETTh2__h720__s2021,iTransformer,ETTh2,720,2161,200,720,720,1441,False,san_lite,fredf,True,0.5437282887620284,0.6154558429239857,0.6237499789799525,0.5083175931516246,0.4772480482404882,0.518862512399553,-14.717220323403073,-1.347641126705133,17.40795070905185,12.226739328347522,-120.36913463150414,18.75559183575698,15.694599642659634,-20.21488623163975,1.0,8,0.0005749788879191538
iTransformer__ETTm1__h96__s2021,iTransformer,ETTm1,96,11425,200,96,96,11329,False,fredf_a09,fredf_sqrth_a09,True,0.3458981038011944,0.33284450108635083,0.33344466444731324,0.32354051369135584,0.269915006955993,0.326615728270856,3.6003202148233786,-0.18031343735641536,2.7952955102458734,21.966901815874987,16.38974965588513,2.975608947602289,1.871376211758466,-2.0908166953837677,0.9415658928413805,10,0.23996857313097564
iTransformer__ETTm1__h192__s2021,iTransformer,ETTm1,192,11329,200,192,192,11137,False,fredf_sqrth_a05,fredf_a07,True,0.3877072464984121,0.3826519398218914,0.3822665479332891,0.37208352013392165,0.32658625702244315,0.37726282259527805,1.403300715745384,0.1007160420461051,2.7618884391024583,15.764727130541687,8.901522393012117,2.6611723970563532,1.4083600958896656,-1.3263234642565713,0.9573493759540271,10,0.02382927207783827
iTransformer__ETTm1__h336__s2021,iTransformer,ETTm1,336,11185,200,336,336,10849,False,fredf_sqrth_a09,fredf_a09,True,0.4252189758686725,0.4204819103146118,0.42541689835904284,0.4080751153530311,0.36231210664861024,0.41623335838570596,-0.0465460154889652,-1.1736505003810662,2.9506132504649774,14.793993869018424,-0.3146277867919218,4.124263750846044,1.0104006438034128,-2.2063440587586953,0.9079177804405936,10,2.357459627390066e-16
iTransformer__ETTm1__h720__s2021,iTransformer,ETTm1,720,10801,200,720,720,10081,False,fredf_a01,fredf_a09,True,0.5231367071157244,0.49477077455921975,0.49884647811503297,0.46510175445045276,0.42307619459305523,0.4841896623429201,4.643189565986938,-0.8237559220097288,5.996518313988633,19.12702954341593,24.275539259251328,6.820274235998362,2.138588768850533,-3.0270815161894395,0.9547663922229938,10,1.528082692909455e-09
iTransformer__ETTm2__h96__s2021,iTransformer,ETTm2,96,11425,200,96,96,11329,False,fredf_a09,fredf_a09,False,0.18124055161793337,0.1781527614070538,0.18148110002251003,0.17395149923480244,0.1490848452860327,0.1781527614070538,-0.13272327987746427,-1.8682498037921307,2.358235785427144,17.742004228451883,-0.748073769819622,4.2264855892192745,0.0,-1.8682498037921307,0.9751963986230029,10,1.433406586697115e-59
iTransformer__ETTm2__h192__s2021,iTransformer,ETTm2,192,11329,200,192,192,11137,False,fredf_a09,fredf_a09,False,0.25799592503289553,0.24565245683868675,0.247217964489691,0.23988632899076429,0.20962066668456794,0.24565245683868675,4.177570068902651,-0.6372855664235825,2.3472705797872195,18.75039628706231,22.279902807701188,2.984556146210802,0.0,-0.6372855664235825,0.9674957349375954,10,1.7923093588638295e-20
iTransformer__ETTm2__h336__s2021,iTransformer,ETTm2,336,11185,200,336,336,10849,False,fredf_a07,fredf,True,0.33877268791952786,0.313039416336543,0.3178310357549271,0.3020015943629592,0.26750660994457465,0.3096213085675269,6.181623522588523,-1.5306760645175241,3.526016660369042,21.036547666342987,29.385161579492195,5.056692724886566,1.0919097054954934,-2.6515381726652674,0.9581528251451746,10,1.615943715351845e-29
iTransformer__ETTm2__h720__s2021,iTransformer,ETTm2,720,10801,200,720,720,10081,False,fredf_a09,fredf_a09,False,0.4335951598207962,0.42426019893103134,0.43542787066830163,0.4136274808543109,0.3734528051984711,0.42426019893103134,-0.4226778841947042,-2.6322694811773775,2.5061785440834776,13.87062407408862,-3.0472881532221083,5.138448025260855,0.0,-2.6322694811773775,0.9348278940581292,10,3.840818052442136e-83
iTransformer__Electricity__h96__s2021,iTransformer,Electricity,96,5165,200,96,96,5069,False,none,none,False,0.15863448907329994,0.15863448907329994,0.15868244052203737,0.1585356913408506,0.15558389376008927,0.15863448907329994,-0.03022763146730817,-0.03022763146730817,0.062280108837530844,1.923034096186899,-1.5718718413436592,0.09250774030483902,0.0,-0.03022763146730817,0.5687512329848097,7,0.43107790538622326
iTransformer__Electricity__h192__s2021,iTransformer,Electricity,192,5069,200,192,192,4877,False,none,fredf_sqrth_a01,True,0.173002531177958,0.173002531177958,0.17280243801421652,0.17249945699343652,0.17039046624149484,0.17251939593871793,0.11565909607096783,0.11565909607096783,0.2907900717366277,1.509842034485132,7.660344154223372,0.17513097566565985,0.27926483846661243,-0.1640639152234754,0.7086323559565306,5,7.991362698729811e-15
iTransformer__Electricity__h336__s2021,iTransformer,Electricity,336,4925,200,336,336,4589,False,none,none,False,0.18621986441348315,0.18621986441348315,0.18808323991444148,0.185553154659105,0.18221125353471104,0.18621986441348315,-1.0006319716842236,-1.0006319716842236,0.35802289754341887,2.152622595541069,-46.48431980168316,1.3586548692276423,0.0,-1.0006319716842236,0.4366964480278928,5,2.009688919369984e-75
iTransformer__Electricity__h720__s2021,iTransformer,Electricity,720,4541,200,720,720,3821,False,none,none,False,0.22508500780431553,0.22508500780431553,0.22772917986789695,0.22418934589232864,0.2198742054591969,0.22508500780431553,-1.1747437509780578,-1.1747437509780578,0.3979216211332859,2.315037503353249,-50.744048381550606,1.5726653721113437,0.0,-1.1747437509780578,0.6032452237634127,8,2.5039704100977046e-31
iTransformer__Exchange__h96__s2021,iTransformer,Exchange,96,1422,200,96,96,1326,False,none,fredf,True,0.11365683328748019,0.11365683328748019,0.09242373072790884,0.08612167580421244,0.07346970073774817,0.08580263069343401,18.681765051185405,18.681765051185405,24.226574581203472,35.358307447938756,52.835575000945376,5.5448095300180675,24.50728371372755,-7.71666320821133,0.9622926093514329,10,1.6151646850394382e-69
iTransformer__Exchange__h192__s2021,iTransformer,Exchange,192,1326,200,192,192,1134,False,fredf_a07,fredf_sqrth_a05,True,0.18121812054049716,0.1796624791550547,0.1763516988316173,0.16945523804799378,0.15167848927804928,0.16994522073728277,2.6853946472563104,1.8427778237222585,5.681342679344261,16.30059465034767,16.47421278037931,3.8385648556220024,5.408618685113173,-3.7697312501659397,0.7486772486772487,7,2.7539616621117388e-06
iTransformer__Exchange__h336__s2021,iTransformer,Exchange,336,1182,200,336,336,846,False,fredf,fredf_a01,True,0.36650280574288213,0.3616280150258513,0.35610380973094463,0.3496368945120497,0.315147309368102,0.35253440115785767,2.8373578179929355,1.5275932907179441,3.315871562912853,14.012306473492096,20.249041963971333,1.7882782721949086,2.51463202244395,-1.0124993649849594,0.9799054373522459,7,2.9303622653922785e-07
iTransformer__Exchange__h720__s2021,iTransformer,Exchange,720,798,200,720,399,399,True,fredf_a01,fredf_a01,False,1.0600407081737853,0.9681542993786939,1.0277846852938335,0.9832017012407308,0.8568271337296431,0.9681542993786939,3.042904166906128,-6.159182059445005,-1.5542359179397254,19.17035571153133,15.872966640158847,4.6049461415052795,0.0,-6.159182059445005,1.0,2,1.682175044870657e-14
iTransformer__ILI__h24__s2021,iTransformer,ILI,24,170,200,24,24,146,False,fredf_sqrth_a01,fredf_a03,True,2.2616837494687676,2.245729049284981,2.2616837494687676,2.2463649777210737,1.552386299490112,2.2339822188121814,0.0,-0.7104463554434349,-0.02831723783842164,31.361477931870194,0.0,0.6821291176050133,0.5230742540616956,-1.2400067656448417,0.0,1,0.038834420666942926
iTransformer__ILI__h36__s2021,iTransformer,ILI,36,158,200,36,36,122,False,none,none,False,2.3359365151798137,2.3359365151798137,2.3615521577293754,2.3359365151798137,2.1122797870489416,2.3359365151798137,-1.0965898423647416,-1.0965898423647416,0.0,9.574606444882766,-11.453106179063063,1.0965898423647416,0.0,-1.0965898423647416,0.10655737704918032,2,0.0014737808438751421
iTransformer__ILI__h48__s2021,iTransformer,ILI,48,146,200,48,48,98,False,fredf_sqrth_a01,fredf_a01,True,2.769364740775556,2.758493417988018,2.7786515835596592,2.7583306486509285,2.5763812776730983,2.7563174391279417,-0.33534198826764805,-0.7307672166329394,0.005900660702255608,6.968510151838766,-4.812247969207943,0.736667877335195,0.07888287301633971,-0.810289269104492,0.6938775510204082,3,0.0020989789831025825
iTransformer__ILI__h60__s2021,iTransformer,ILI,60,134,200,60,60,74,False,none,none,False,3.2205425363940163,3.2205425363940163,3.249483188261857,3.2205425363940163,3.1095451656225563,3.2205425363940163,-0.8986265991144431,-0.8986265991144431,0.0,3.4465426094234197,-26.073276931187582,0.8986265991144431,0.0,-0.8986265991144431,0.1891891891891892,3,0.0009815397525216685
iTransformer__Weather__h96__s2021,iTransformer,Weather,96,10444,200,96,96,10348,False,fredf_a07,fredf_a07,False,0.1745891237242999,0.1709884767750711,0.17297249261563796,0.16802829240654332,0.14769320964899993,0.1709884767750711,0.9259632411040505,-1.1603213725128194,1.731218632004347,15.40526322683093,6.010694055891871,2.891540004517166,0.0,-1.1603213725128194,0.968689601855431,11,9.310629631272287e-21
iTransformer__Weather__h192__s2021,iTransformer,Weather,192,10348,200,192,192,10156,False,fredf_a03,fredf,True,0.22437491347516625,0.22150406967657799,0.22246599126227168,0.2167662796657936,0.19867609404287895,0.2210998964782433,0.8507734591716474,-0.43426813200040454,2.138917816580406,11.453517255625417,7.428054109061414,2.573185948580811,0.1824676173774168,-0.61786314954545,0.9568727845608507,10,0.013432391117272497
iTransformer__Weather__h336__s2021,iTransformer,Weather,336,10204,200,336,336,9868,False,fredf_sqrth_a05,fredf_a01,True,0.27987383967352314,0.27853276343041455,0.2788029997819075,0.2734667820033754,0.25443833987415443,0.27780670051798556,0.38261521436265156,-0.09702138741730744,1.8188098824096213,9.08820196591032,4.210021033674115,1.9158312698269286,0.26067414959884155,-0.3586303937452474,0.9296716659910823,10,0.39612614996034423
iTransformer__Weather__h720__s2021,iTransformer,Weather,720,9820,200,720,720,9100,False,fredf_sqrth_a05,revin,True,0.3597964317425267,0.3593628551155984,0.3627223493977562,0.35277801530947395,0.3340059951504508,0.35848243387108975,-0.8132147506441132,-0.9348473929137163,1.8323651741880629,7.168063470529366,-11.344971399263086,2.767212567101779,0.24499506055599302,-1.1827401083142939,0.8824175824175824,11,5.174623991874264e-08
