key,backbone,dataset,pred_len,seed,n_train_datasets,arms,mse_none,mse_gate,mse_best_fixed,mse_oracle,best_fixed_val,gain_gate_vs_none,gain_gate_vs_best_fixed,gain_oracle_vs_none,switch_rate,wilcoxon_p_gate_vs_best_fixed
DLinear__ETTh1__h192__s2021,DLinear,ETTh1,192,2021,6,fredf|none|revin|san_lite,0.4460673914794897,0.44461137361134595,0.4460673914794897,0.4271792814207591,none,0.3264120839031201,0.3264120839031201,4.234362434797418,0.4075864633692823,1.4087966945746398e-10
DLinear__ETTh2__h192__s2021,DLinear,ETTh2,192,2021,6,fredf|none|revin|san_lite,0.48062509923962776,0.4186440721492246,0.3793986027498545,0.3356270163381308,revin,12.895919748746202,-10.344125970633069,30.168645609767214,0.37411677203421345,3.5790656307227944e-57
DLinear__ETTm1__h192__s2021,DLinear,ETTm1,192,2021,6,fredf|none|revin|san_lite,0.38159853214264355,0.3842311970559425,0.38159853214264355,0.3667742559035717,none,-0.6899043606142438,-0.6899043606142438,3.884783349609847,0.133639332686027,3.8233416255193994e-36
DLinear__ETTm2__h192__s2021,DLinear,ETTm2,192,2021,6,fredf|none|revin|san_lite,0.27808490116699974,0.2571693860852323,0.24586729868317214,0.21194748416650205,revin,7.521269581310965,-4.596824165940925,23.783174391241765,0.8437637920381322,7.197925709741733e-196
DLinear__Electricity__h192__s2021,DLinear,Electricity,192,2021,6,fredf|none|revin|san_lite,0.1994737308787674,0.19989810596940596,0.1961283894536128,0.1956121014652696,fredf,-0.21274735714165213,-1.9220657072012188,1.9359087517270082,0.10317616886959953,0.0
DLinear__Exchange__h192__s2021,DLinear,Exchange,192,2021,6,fredf|none|revin|san_lite,0.18168729712251086,0.18160113943445735,0.17953717659422805,0.13587407143238714,revin,0.04742086508939396,-1.1496019261139276,25.215425852793622,0.049773755656108594,0.0136626250134908
DLinear__Weather__h192__s2021,DLinear,Weather,192,2021,6,fredf|none|revin|san_lite,0.23661389716536924,0.23631214322129881,0.23661389716536924,0.21452612577493663,none,0.1275301018596765,0.1275301018596765,9.334942560411884,0.9104174719752609,1.440390626240918e-25
DLinear__ETTh1__h336__s2021,DLinear,ETTh1,336,2021,6,fredf|none|revin|san_lite,0.48671357163277496,0.48081953525543214,0.48671357163277496,0.46267372416021313,none,1.2109866502300355,1.2109866502300355,4.939218643907156,0.6774066797642436,7.073058923697195e-37
DLinear__ETTh2__h336__s2021,DLinear,ETTh2,336,2021,6,fredf|none|revin|san_lite,0.5943822967807062,0.4735171585426115,0.417351451505905,0.37894198329925305,revin,20.334579090346597,-13.457652257806329,36.246085162354035,0.9548133595284872,1.7466460784094682e-96
DLinear__ETTm1__h336__s2021,DLinear,ETTm1,336,2021,6,fredf|none|revin|san_lite,0.4132301282818743,0.41487309216493784,0.4132301282818743,0.397973739526663,none,-0.39759053626866303,-0.39759053626866303,3.691983645676392,0.18712561466249442,0.33042600458797067
DLinear__ETTm2__h336__s2021,DLinear,ETTm2,336,2021,6,fredf|none|revin|san_lite,0.36900016046764067,0.31648649370691634,0.30647326179071893,0.261187234084935,revin,14.231339816771484,-3.2672448675155423,29.217582519687852,0.8234242288779615,5.347214093414469e-109
DLinear__Electricity__h336__s2021,DLinear,Electricity,336,2021,6,fredf|none|revin|san_lite,0.21252407488030226,0.2157845863351967,0.20981458371060754,0.20913195049702213,fredf,-1.5341845184906657,-2.8453706691785516,1.5961129981037097,0.4416243654822335,0.0
DLinear__Exchange__h336__s2021,DLinear,Exchange,336,2021,6,fredf|none|revin|san_lite,0.3269648065699135,0.32684484670055297,0.3238748066606356,0.22923919874954143,revin,0.03668892399112485,-0.9170333656178046,29.888723757545122,0.004230118443316413,0.16208402666631516
DLinear__Weather__h336__s2021,DLinear,Weather,336,2021,6,fredf|none|revin|san_lite,0.2818512427114952,0.2854680061922272,0.2818512427114952,0.25820246212708686,none,-1.2832171488494335,-1.2832171488494335,8.390518472374266,0.7064876519012152,0.7153840384122581
DLinear__ETTh1__h720__s2021,DLinear,ETTh1,720,2021,6,fredf|none|revin|san_lite,0.5200704373126226,0.5026889421331943,0.5200704373126226,0.47054643724208517,none,3.342142512312542,3.342142512312542,9.522556276482321,0.7033780657103192,1.3981752572603182e-168
DLinear__ETTh2__h720__s2021,DLinear,ETTh2,720,2021,6,fredf|none|revin|san_lite,0.8185345516856872,0.5422291399041352,0.4198238453045591,0.3972509660547335,revin,33.75610854938158,-29.156346398210495,51.468027191136784,0.9750115687181861,7.728488918560519e-104
DLinear__ETTm1__h720__s2021,DLinear,ETTm1,720,2021,6,fredf|none|revin|san_lite,0.47377604213856667,0.4751581685439424,0.47377604213856667,0.4539263708060477,none,-0.29172568522757103,-0.29172568522757103,4.189673931775466,0.1385056939172299,0.0639214034402103
DLinear__ETTm2__h720__s2021,DLinear,ETTm2,720,2021,6,fredf|none|revin|san_lite,0.5414378134111775,0.45059529463988623,0.4102858028789961,0.3432634106191642,san_lite,16.77801522557052,-9.824734728313334,36.601507667723624,0.7953893158040922,1.9104850024204482e-185
DLinear__Electricity__h720__s2021,DLinear,Electricity,720,2021,6,fredf|none|revin|san_lite,0.24783826184427651,0.24815842535849633,0.246230234418034,0.24469787743458582,fredf,-0.1291824401268975,-0.7830845570251753,1.2671104075331239,0.05131028407839683,4.237247046585965e-188
DLinear__Exchange__h720__s2021,DLinear,Exchange,720,2021,6,fredf|none|revin|san_lite,0.749057583828319,0.749057583828319,0.8817172627475925,0.5543054330319092,san_lite,0.0,15.045602998146054,25.9996233935449,0.0,4.070556090547953e-11
DLinear__Weather__h720__s2021,DLinear,Weather,720,2021,6,fredf|none|revin|san_lite,0.34616671327023546,0.346181455498861,0.34616671327023546,0.31684808254909613,none,-0.004258707744082925,-0.004258707744082925,8.469511826854076,0.5836048879837067,1.199724761564291e-12
DLinear__ETTh1__h96__s2021,DLinear,ETTh1,96,2021,6,fredf|none|revin|san_lite,0.39584203343738134,0.3910222659365707,0.39584203343738134,0.3802207345112864,none,1.217598712027866,1.217598712027866,3.9463466753150196,0.837342908438061,4.0116709389613976e-75
DLinear__ETTh2__h96__s2021,DLinear,ETTh2,96,2021,6,fredf|none|revin|san_lite,0.3509214525938676,0.3104896813189641,0.2940500818219711,0.262141147118122,revin,11.521601479742316,-5.5907481457156045,25.299195822673415,0.43303411131059244,4.381459643903408e-45
DLinear__ETTm1__h96__s2021,DLinear,ETTm1,96,2021,6,fredf|none|revin|san_lite,0.34551366184159493,0.34696146239092496,0.34224999223043023,0.3262474579342867,fredf,-0.4190284521917391,-1.3766165865414592,5.576104807133584,0.2176805251641138,4.760210395460784e-157
DLinear__ETTm2__h96__s2021,DLinear,ETTm2,96,2021,6,fredf|none|revin|san_lite,0.19666471831810292,0.1871520171753035,0.18289741113162405,0.15754895589194165,fredf,4.837014602367248,-2.3262254054510967,19.88956776817135,0.8985557986870897,9.208328400929116e-71
DLinear__Electricity__h96__s2021,DLinear,Electricity,96,2021,6,fredf|none|revin|san_lite,0.19984779237316053,0.20321913381311807,0.19703281392980754,0.19554116277588532,fredf,-1.6869545567186575,-3.13974091923744,2.1549548014081723,0.7047434656340755,0.0
DLinear__Exchange__h96__s2021,DLinear,Exchange,96,2021,6,fredf|none|revin|san_lite,0.09472576809101299,0.09395929769666554,0.08867660944209907,0.07268455533543929,revin,0.8091466659873675,-5.957251058359649,23.268444478764966,0.21659634317862167,5.773109543031014e-11
DLinear__Weather__h96__s2021,DLinear,Weather,96,2021,6,fredf|none|revin|san_lite,0.19601411803324834,0.19658655221372479,0.19601411803324834,0.1745577818695891,none,-0.2920372196743665,-0.2920372196743665,10.946321815406334,0.7693412485637686,4.102919934600822e-08
PatchTST__ETTh1__h192__s2021,PatchTST,ETTh1,192,2021,6,fredf|none|san_lite,0.4312298646333183,0.4311579397040346,0.4312298646333183,0.4138778410145411,none,0.01667902322690444,0.01667902322690444,4.023845526907478,0.014503532911863145,0.14284596404358202
PatchTST__ETTh2__h192__s2021,PatchTST,ETTh2,192,2021,6,fredf|none|san_lite,0.37013216606106136,0.37212812314665467,0.37013216606106136,0.3451990620681636,none,-0.539255235995521,-0.539255235995521,6.736270521464799,0.2755671253253998,0.0076876048862637315
PatchTST__ETTm1__h192__s2021,PatchTST,ETTm1,192,2021,6,fredf|none|san_lite,0.3695341113421095,0.3876117444069827,0.3695341113421095,0.3523643203040241,none,-4.892006586122238,-4.892006586122238,4.646334536121727,0.2648954011828052,6.040144323273535e-211
PatchTST__ETTm2__h192__s2021,PatchTST,ETTm2,192,2021,6,fredf|none|san_lite,0.24212209239877647,0.244309658133186,0.24212209239877647,0.22731289142684058,none,-0.9034969559066784,-0.9034969559066784,6.116418714688738,0.3254479653985347,2.0458586404314327e-12
PatchTST__Electricity__h192__s2021,PatchTST,Electricity,192,2021,6,fredf|none|san_lite,0.1961862632442941,0.20043089073228515,0.1961862632442941,0.19597684243658303,none,-2.163570179571608,-2.163570179571608,0.10674590781579797,0.24699151706450975,1.7101281008116887e-180
PatchTST__Exchange__h192__s2021,PatchTST,Exchange,192,2021,6,fredf|none|san_lite,0.1803136115983623,0.18517688541430108,0.18237520089207238,0.16526431112295947,san_lite,-2.6971196310705974,-1.5362201157334692,8.34618104640972,0.7209653092006033,0.0004556314659511432
PatchTST__Weather__h192__s2021,PatchTST,Weather,192,2021,6,fredf|none|san_lite,0.22971720046248212,0.23208026551423003,0.22971720046248212,0.22079310600675,none,-1.0286844202263221,-1.0286844202263221,3.8848176965968055,0.5276381909547738,1.1393506448834302e-117
PatchTST__ETTh1__h336__s2021,PatchTST,ETTh1,336,2021,6,fredf|none|san_lite,0.4701711084847366,0.471002816697235,0.4701711084847366,0.45190810511411994,none,-0.17689479372244873,-0.17689479372244873,3.884331266001362,0.05147347740667976,6.033213537253131e-14
PatchTST__ETTh2__h336__s2021,PatchTST,ETTh2,336,2021,6,fredf|none|san_lite,0.4164699554428722,0.41520413723435756,0.4164699554428722,0.38749735272381536,none,0.30393986216016944,0.30393986216016944,6.9567089631178645,0.5854616895874263,0.001046414306380224
PatchTST__ETTm1__h336__s2021,PatchTST,ETTm1,336,2021,6,fredf|none|san_lite,0.40036630155281344,0.4191701153665448,0.40036630155281344,0.38702193735817686,none,-4.696652475683929,-4.696652475683929,3.333038805425776,0.3527045149754135,0.0
PatchTST__ETTm2__h336__s2021,PatchTST,ETTm2,336,2021,6,fredf|none|san_lite,0.30318675506152265,0.3048057706839254,0.30318675506152265,0.28648098077013867,none,-0.5339994559026404,-0.5339994559026404,5.510060717506919,0.3048725972284309,0.25614425725176215
PatchTST__Electricity__h336__s2021,PatchTST,Electricity,336,2021,6,fredf|none|san_lite,0.21188246930765017,0.21761986045667966,0.21188246930765017,0.21171302811597204,none,-2.7078177669676897,-2.7078177669676897,0.07996942466783895,0.22233502538071065,1.1834712393085797e-165
PatchTST__Exchange__h336__s2021,PatchTST,Exchange,336,2021,6,fredf|none|san_lite,0.32501362515660714,0.32884767477584975,0.34338404473339645,0.3078456688829888,san_lite,-1.179658119681408,4.2332688954113795,5.282226634435147,0.1658206429780034,9.622290252421098e-27
PatchTST__Weather__h336__s2021,PatchTST,Weather,336,2021,6,fredf|none|san_lite,0.28531355516286294,0.28911556049404497,0.28531355516286294,0.2752195727894238,none,-1.3325708724208474,-1.3325708724208474,3.5378558749660107,0.738827910623285,9.52308897041548e-84
PatchTST__ETTh2__h720__s2021,PatchTST,ETTh2,720,2021,4,fredf|none|san_lite,0.4234164401799206,0.422776346316855,0.42327379780075497,0.39458567585687515,san_lite,0.15117359703654104,0.11752475265027974,6.809080042032947,0.4979176307265155,0.8961906459672185
PatchTST__ETTm1__h720__s2021,PatchTST,ETTm1,720,2021,4,fredf|none|san_lite,0.4627600083010868,0.46712109340157687,0.4627600083010868,0.4505171922553127,none,-0.9424075162612493,-0.9424075162612493,2.6456080530152604,0.1511897046569762,3.0838912498568253e-83
PatchTST__ETTm2__h720__s2021,PatchTST,ETTm2,720,2021,4,fredf|none|san_lite,0.4003962972526909,0.4109492889368256,0.4003962972526909,0.3777029023516698,none,-2.6356366820865818,-2.6356366820865818,5.6677334572458715,0.4688454772706231,1.0139708471535274e-67
PatchTST__Electricity__h720__s2021,PatchTST,Electricity,720,2021,4,fredf|none|san_lite,0.2535597536498769,0.2563526422815737,0.2535597536498769,0.2533730151986162,none,-1.1014715827269226,-1.1014715827269226,0.0736467237295779,0.14732437789033254,1.699810689923958e-88
PatchTST__Exchange__h720__s2021,PatchTST,Exchange,720,2021,4,fredf|none|san_lite,0.8434326423140696,0.8577148767939785,0.8787826002764523,0.7998579394697845,san_lite,-1.6933461859748289,2.3973760376937587,5.166352433868394,0.42355889724310775,4.979482454638791e-29
PatchTST__ETTh2__h96__s2021,PatchTST,ETTh2,96,2021,4,fredf|none|san_lite,0.2869951405032426,0.28780981235246256,0.2869951405032426,0.26598353855298495,none,-0.2838625935577185,-0.2838625935577185,7.321239625639945,0.24919210053859964,0.02403467024364408
PatchTST__ETTm1__h96__s2021,PatchTST,ETTm1,96,2021,4,fredf|none|san_lite,0.32846387507715946,0.3303889332251945,0.32846387507715946,0.3062916126775533,none,-0.5860791076574212,-0.5860791076574212,6.750289478357457,0.043938730853391686,2.197174694447816e-35
PatchTST__ETTm2__h96__s2021,PatchTST,ETTm2,96,2021,4,fredf|none|san_lite,0.17650727943303288,0.17856804163356188,0.17650727943303288,0.1635461168799802,none,-1.1675224994327698,-1.1675224994327698,7.343132019604176,0.2251203501094092,3.396575244998183e-22
PatchTST__Electricity__h96__s2021,PatchTST,Electricity,96,2021,4,fredf|none|san_lite,0.1921811645974956,0.1921821423531271,0.1921811645974956,0.19184193378323391,none,-0.0005087676690676972,-0.0005087676690676972,0.17651616118072858,0.0001936108422071636,0.31731050786291415
PatchTST__Exchange__h96__s2021,PatchTST,Exchange,96,2021,4,fredf|none|san_lite,0.0852682413585725,0.08837607757118957,0.08858746270755236,0.07548313248252861,san_lite,-3.6447757841180914,0.23861744077515284,11.47567807195707,0.7018284106891702,0.2426198367686352
iTransformer__ETTh1__h192__s2021,iTransformer,ETTh1,192,2021,6,fredf|none|san_lite,0.44136865226452837,0.44094146314319865,0.44136865226452837,0.4156408923050869,none,0.09678737244636047,0.09678737244636047,5.829086371989012,0.2432130903681666,1.748491927762036e-05
iTransformer__ETTh2__h192__s2021,iTransformer,ETTh2,192,2021,6,fredf|none|san_lite,0.3902916714393902,0.3840711796680495,0.3758533061584184,0.3508825877916197,fredf,1.5938059217056013,-2.1864576884007736,10.097341688673344,0.753068055039048,2.264633032159383e-56
iTransformer__ETTm1__h192__s2021,iTransformer,ETTm1,192,2021,6,fredf|none|san_lite,0.3859548898053218,0.3860623760844189,0.3781058281414774,0.3418130811594209,fredf,-0.027849440941417423,-2.1043177202609282,11.43703832021715,0.8450878276988261,5.677275066394198e-55
iTransformer__ETTm2__h192__s2021,iTransformer,ETTm2,192,2021,6,fredf|none|san_lite,0.25531253316378444,0.248146099514647,0.2447648505203545,0.21947435528613407,fredf,2.8069259116676664,-1.381427515875085,14.03698339184924,0.8067790625827522,7.106556977088492e-39
iTransformer__Electricity__h192__s2021,iTransformer,Electricity,192,2021,6,fredf|none|san_lite,0.17087192704813275,0.17337887202095387,0.17087192704813275,0.16916695272435708,none,-1.4671485340598176,-1.4671485340598176,0.9978083311985005,0.47859538370487276,6.039400014401527e-117
iTransformer__Exchange__h192__s2021,iTransformer,Exchange,192,2021,6,fredf|none|san_lite,0.18858523843009278,0.1900801615449593,0.18858523843009278,0.16658782539116626,none,-0.7927042049013527,-0.7927042049013527,11.664440558513897,0.40874811463046756,0.16375459157981231
iTransformer__Weather__h192__s2021,iTransformer,Weather,192,2021,6,fredf|none|san_lite,0.22515383833219382,0.22337975023853637,0.22515383833219382,0.20526876897581,none,0.7879448588533793,0.7879448588533793,8.831770092658559,0.42037108620023195,1.618174587620158e-20
iTransformer__ETTh1__h336__s2021,iTransformer,ETTh1,336,2021,6,fredf|none|san_lite,0.49567683647681315,0.49751033710941583,0.468905391996408,0.458077599778625,fredf,-0.36989838896471194,-6.100366001584802,7.585433478264043,0.16856581532416504,7.44199625487714e-187
iTransformer__ETTh2__h336__s2021,iTransformer,ETTh2,336,2021,6,fredf|none|san_lite,0.4285814867536071,0.41819332407125087,0.4109939327525718,0.3893410867039839,fredf,2.4238477403724525,-1.7517025787813205,9.155878464738977,0.6671905697445972,3.997664366912129e-18
iTransformer__ETTm1__h336__s2021,iTransformer,ETTm1,336,2021,6,fredf|none|san_lite,0.41925310132276494,0.41542852797783214,0.4116535162027787,0.37361186679301117,fredf,0.9122349561295924,-0.9170362031317465,10.886320073875298,0.7627179257934734,3.1078266769583763e-18
iTransformer__ETTm2__h336__s2021,iTransformer,ETTm2,336,2021,6,fredf|none|san_lite,0.33255729421533586,0.31961650458706986,0.30289919602821647,0.27405111009607264,fredf,3.891296282873812,-5.519099680027183,17.592813369838062,0.46919982118909254,8.482487566716672e-183
iTransformer__Electricity__h336__s2021,iTransformer,Electricity,336,2021,6,fredf|none|san_lite,0.18736326369991158,0.19290738597587886,0.18736326369991158,0.18461225647460386,none,-2.9590231118184325,-2.9590231118184325,1.468274607822351,0.5338071065989848,2.6470375141702545e-246
iTransformer__Exchange__h336__s2021,iTransformer,Exchange,336,2021,6,fredf|none|san_lite,0.33990427932360046,0.3493043993695839,0.3422649927790294,0.3089960653353766,fredf,-2.7655197706430057,-2.056712412618454,9.093211197469877,0.7698815566835872,0.1261124776546232
iTransformer__Weather__h336__s2021,iTransformer,Weather,336,2021,6,fredf|none|san_lite,0.28164756853792045,0.284045300111306,0.28164756853792045,0.2620293338013129,none,-0.8513233704889012,-0.8513233704889012,6.965526043196269,0.8137005096040768,0.0017967021890735332
iTransformer__ETTh2__h720__s2021,iTransformer,ETTh2,720,2021,4,fredf|none|san_lite,0.43493852325469906,0.43577382060553066,0.48949936984562864,0.39324581887519566,san_lite,-0.192049521063125,10.975611522632077,9.585884475676206,0.7792688570106432,2.208503783832926e-29
iTransformer__ETTm1__h720__s2021,iTransformer,ETTm1,720,2021,4,fredf|none|san_lite,0.5141235931834494,0.5069035416609181,0.5141235931834494,0.436963672998459,none,1.4043416054514632,1.4043416054514632,15.008048883161855,0.6270715674474586,6.168484446897349e-08
iTransformer__ETTm2__h720__s2021,iTransformer,ETTm2,720,2021,4,fredf|none|san_lite,0.41126009556489423,0.4131300525977599,0.408847280571653,0.3744943353696953,fredf,-0.45468963632190607,-1.047523667054423,8.939783020915081,0.6595685584668086,1.0212599371618522e-54
iTransformer__Electricity__h720__s2021,iTransformer,Electricity,720,2021,4,fredf|none|san_lite,0.224536934420811,0.22506636321426515,0.224536934420811,0.22019612566998445,none,-0.23578695185157675,-0.23578695185157675,1.9332270488168228,0.06540409601409382,1.1666609480766606e-30
iTransformer__Exchange__h720__s2021,iTransformer,Exchange,720,2021,4,fredf|none|san_lite,0.8616552551960885,0.877585341794449,0.8616552551960885,0.7995674424900447,none,-1.8487772809691452,-1.8487772809691452,7.205644291212766,0.5401002506265664,1.2891105538970294e-07
iTransformer__ETTh2__h96__s2021,iTransformer,ETTh2,96,2021,4,fredf|none|san_lite,0.29941963606666194,0.2921692996762385,0.291221649239853,0.27016207123412694,fredf,2.4214632298815,-0.3254052158745098,9.771424886083112,0.6833034111310592,3.329426349579492e-21
iTransformer__ETTm1__h96__s2021,iTransformer,ETTm1,96,2021,4,fredf|none|san_lite,0.34568484383221526,0.33781714745371294,0.3326275164263906,0.2924250845144823,fredf,2.275973771733625,-1.5601929398571528,15.40702760559255,0.7413566739606127,7.875700040896597e-45
iTransformer__ETTm2__h96__s2021,iTransformer,ETTm2,96,2021,4,fredf|none|san_lite,0.18033481929638714,0.18217428316172676,0.18079358629164993,0.1578521704194452,fredf,-1.0200270100396915,-0.7636868643348341,12.467170214015184,0.7607877461706783,1.2208975571758563e-24
iTransformer__Electricity__h96__s2021,iTransformer,Electricity,96,2021,4,fredf|none|san_lite,0.15795021737562376,0.1594084945964444,0.15795021737562376,0.15568705043770797,none,-0.9232511642218663,-0.9232511642218663,1.432835595610093,0.48112294288480156,2.525089098378745e-17
iTransformer__Exchange__h96__s2021,iTransformer,Exchange,96,2021,4,fredf|none|san_lite,0.11270565847157593,0.11123489051973434,0.11270565847157593,0.07788642523705477,none,1.3049637185691645,1.3049637185691645,30.893953068907837,0.25668073136427566,0.025314988490149834
