key,backbone,dataset,pred_len,n_arms,n_test_windows,win_rate_top,win_rate_none,win_rate_entropy,chance_persist,persist_lag1,excess_persist_lag1,z_lag1,persist_lagH_4,excess_persist_lagH_4,z_lagH_4,persist_lagH_2,excess_persist_lagH_2,z_lagH_2,persist_lagH,excess_persist_lagH,z_lagH,persist_lag2H,excess_persist_lag2H,z_lag2H,excess_abs1,excess_abs2,excess_abs4,excess_abs8,excess_abs16,excess_abs32,excess_abs64,excess_abs128,excess_abs256,excess_abs512,excess_abs1024,persist_half_life_windows,half_life_over_H,oracle_invariant_under_relabel,persist_lag1_relabelled,oracle_gain_real_pct
DLinear__ETTh1__h96__s2021,DLinear,ETTh1,96,4,2785,0.37271095152603234,0.15727109515260324,0.9655646206613688,0.2745084109860145,0.9037356321839081,0.6292272211978935,74.39574534046358,0.4809851503078595,0.20647673932184502,24.31141952520834,0.36645962732919257,0.0919512163431781,10.779555636747196,0.3179620676831536,0.04345365669713913,5.049259731893441,0.2275356729656768,-0.04697273802033766,-5.359855918398991,0.6292272211978935,0.5684667956255558,0.49140313162455723,0.3848362055066034,0.25492459732023326,0.15847379024900188,0.06250004178870072,-0.006913378995047237,-0.04516875104137233,-0.01669934807356399,0.05939278151824445,11.63614553905476,0.12120984936515376,True,0.2511224856321839,3.9463466753150196
DLinear__ETTh1__h192__s2021,DLinear,ETTh1,192,4,2689,0.2781703235403496,0.2175529936779472,0.9971791220176025,0.25193545705884657,0.9110863095238095,0.659150852464963,78.72003312495849,0.46535403256342295,0.21341857550457638,25.264007135197875,0.34130350944851523,0.08936805238966866,10.482608582843925,0.16259511413696437,-0.0893403429218822,-10.283541480382889,0.2772234273318872,0.02528797027304064,2.7966315645688464,0.659150852464963,0.6081315321484478,0.533539403276349,0.44258151422052683,0.3320525713736263,0.25164000398744624,0.18539787627448678,0.012414406275788326,-0.07725399384470766,0.028266655940694108,-0.004488009611399113,16.345316953886474,0.08513185913482539,True,0.25072079613095233,4.234362434797418
DLinear__ETTh1__h336__s2021,DLinear,ETTh1,336,4,2545,0.29390962671905696,0.24282907662082515,0.9956887024165951,0.25304348832990453,0.9280660377358491,0.6750225494059445,78.31259092533342,0.4412840308817554,0.18824054255185085,21.479478404183723,0.25283971392511567,-0.000203774404788859,-0.022851724646766578,0.14078768673607966,-0.11225580159382487,-12.135604423448894,0.23331553657234383,-0.019727951757560702,-1.963837931458554,0.6750225494059445,0.6293788474939256,0.5643512381557311,0.48523006310880257,0.37091855200224255,0.27779614557379617,0.20846396834079278,0.07256677232379838,-0.09970141755664111,0.07602685106999707,0.07765999621973385,20.516971056240266,0.06106241385785793,True,0.25147405660377364,4.939218643907156
DLinear__ETTh1__h720__s2021,DLinear,ETTh1,720,4,2161,0.5155020823692735,0.02961591855622397,0.7989799877313949,0.37540271023856725,0.9138888888888889,0.5384861786503217,51.68359168013699,0.3442705704189803,-0.031132139819586957,-2.8615573909633674,0.42309827873403666,0.04769556849546941,4.180094850569414,0.39972241498959055,0.024319704751023297,1.906520761578276,0.2635228848821082,-0.11187982535645907,-6.203983906636197,0.5384861786503217,0.48054911931215066,0.4080928854962496,0.34220063393235706,0.2320564972206402,0.10933190695260231,0.04996686534560063,-0.04534860300787369,0.027746896060645343,0.04000056447337941,0.04500186320030697,12.661552995416436,0.017585490271411715,True,0.25105613425925927,9.522556276482321
DLinear__ETTh2__h96__s2021,DLinear,ETTh2,96,4,2785,0.42118491921005385,0.14290843806104128,0.939143999971506,0.29473397174527555,0.8710488505747126,0.576314878829437,66.69647273289569,0.4679463962332488,0.17321242448797325,19.96276356993377,0.3660942637924735,0.07136029204719796,8.188463862040848,0.3004834510970621,0.005749479351786546,0.653931622067779,0.22907828769764751,-0.06565568404762803,-7.333005455765271,0.576314878829437,0.520213926206575,0.4323426194089855,0.3249995536418328,0.2123082817758512,0.14006442999827695,0.05476988713013792,0.011626585273919021,-0.037319974117754784,0.0765814704016668,-1.5062034883717157e-05,10.034728064601335,0.10452841733959724,True,0.24895608836206895,25.299195822673415
DLinear__ETTh2__h192__s2021,DLinear,ETTh2,192,4,2689,0.4098177761249535,0.1253253997768687,0.9352434910825365,0.29523487353474154,0.8962053571428571,0.6009704836081156,68.30645453539655,0.442635365391897,0.14740049185715548,16.606461483063754,0.3320478210566911,0.03681294752194958,4.1095646721309596,0.21866239487384861,-0.07657247866089292,-8.388338468373886,0.33796095444685464,0.04272608091211311,4.496995910904659,0.6009704836081156,0.5499456251626905,0.48167387879300516,0.3858542723063625,0.2928683812351799,0.22076061009341053,0.14057465027478228,-0.018389891106002754,-0.07534173748870784,0.05846287566139996,0.04890927060940259,15.116852144669473,0.07873360492015351,True,0.24803524925595238,30.168645609767214
DLinear__ETTh2__h336__s2021,DLinear,ETTh2,336,4,2545,0.4538310412573674,0.060903732809430254,0.8459272699301792,0.3478873402526623,0.8915094339622641,0.5436220937096018,57.56718910259359,0.3973994311255587,0.049512090872896375,5.156873111998183,0.27766091712242325,-0.07022642313023908,-7.188437673379418,0.33001358080579446,-0.017873759446867865,-1.7637342090120196,0.3155365723438334,-0.032350767908828904,-2.939495870915495,0.5436220937096018,0.4849872173564608,0.41086905486736913,0.2993337870630649,0.1930379266512523,0.16544334020893736,0.10676804064213818,-0.01855345527128044,-0.07353172644750722,-0.0040604833908817195,-0.022443553270413807,9.572699324389099,0.02849017656068184,True,0.2516460298742138,36.246085162354035
DLinear__ETTh2__h720__s2021,DLinear,ETTh2,720,4,2161,0.5057843590930124,0.0,0.6658388180742497,0.42921347063472803,0.8819444444444444,0.4527309738097164,42.510239735971204,0.4442200908632004,0.015006620228472378,1.349433851076269,0.40033314825097166,-0.028880322383756374,-2.476197973688749,0.37265787647467036,-0.056555594160057676,-4.337445494457363,0.5242718446601942,0.09505837402546613,5.15684982602149,0.4527309738097164,0.39014734455749056,0.30513979779364475,0.19781857766996314,0.11997067854942112,0.061157595593548164,0.07054809350451852,0.026271035021937006,-0.06805861499168342,-0.011384483369718923,-0.044868703704209145,6.6529997891512345,0.00924027748493227,True,0.24674479166666666,51.468027191136784
DLinear__ETTm1__h96__s2021,DLinear,ETTm1,96,4,11425,0.4133916849015317,0.23142231947483588,0.9497541011673318,0.2879100211157343,0.8687850140056023,0.580874992889868,137.11846716507125,0.5203929479870186,0.2324829268712843,54.82349390558887,0.3870967741935484,0.09918675307781405,23.36531955401398,0.3022332068143702,0.014323185698635887,3.3669726081699167,0.2960918721623787,0.008181851046644373,1.915153641006169,0.580874992889868,0.5141559860627651,0.41798263276746334,0.30856891380587376,0.22799847217903296,0.18632854642573848,0.05651388523053802,0.0015473569492386874,0.02492013377727309,0.004493534276916622,0.0041772781824100935,9.350464780910604,0.09740067480115212,True,0.25079328606442575,5.576104807133584
DLinear__ETTm1__h192__s2021,DLinear,ETTm1,192,4,11329,0.29384764762997617,0.29384764762997617,0.979378224945987,0.26292611873221905,0.867231638418079,0.60430551968586,146.1035623003835,0.3989008066660757,0.13597468793385664,32.80646937063688,0.30526128371761774,0.04233516498539869,10.192407056073773,0.23740684205800486,-0.025519276674214192,-6.117586151633999,0.2901781635449977,0.027252044812778653,6.476413973568134,0.60430551968586,0.5421414190094601,0.458839885682792,0.35910373728756717,0.2837016546258646,0.2329577442402515,0.10280845738850886,-0.010537939105400018,0.01622135710991951,0.010902114604195878,-0.004410834889424287,13.503833732425537,0.070332467356383,True,0.2491172316384181,3.884783349609847
DLinear__ETTm1__h336__s2021,DLinear,ETTm1,336,4,11185,0.32051855163164955,0.32051855163164955,0.9699789967141036,0.26890285280133425,0.8719599427753935,0.6030570899740593,143.83737789763325,0.3425817493919467,0.07367889659061244,17.50809583339881,0.26604338749205775,-0.0028594653092764988,-0.6769105102365137,0.24131256336989584,-0.027590289431438403,-6.481355776410427,0.28792923047655283,0.019026377675218586,4.399812771364597,0.6030570899740593,0.5428650091319573,0.4600122710695181,0.366061806767423,0.2915770469211118,0.2509572745186694,0.14149189587234617,0.02810356847025841,-0.003279282483830359,0.02745243624579402,-0.02739119056336553,14.584818359964896,0.04340719749989552,True,0.2493964592274678,3.691983645676392
DLinear__ETTm1__h720__s2021,DLinear,ETTm1,720,4,10801,0.29978705675400424,0.29978705675400424,0.9645064376742672,0.2713175777520831,0.9075,0.6361824222479169,148.6912563076564,0.3748234629507579,0.10350588519867482,23.990518594202364,0.3076333684512978,0.0363157906992147,8.34561680881147,0.20761829183612737,-0.06369928591595572,-14.383953120415116,0.30723213331908983,0.035914555567006734,7.814901471666246,0.6361824222479169,0.5903362790865131,0.519087164305896,0.443497580220677,0.3768975358315979,0.3208451114483998,0.22323397296040642,0.12707087910165998,0.08505985230955748,-0.003458699338243054,-0.04865213845577543,32.63194266020861,0.04532214258362307,True,0.249609375,4.189673931775466
DLinear__ETTm2__h96__s2021,DLinear,ETTm2,96,4,11425,0.3360175054704595,0.15579868708971553,0.9754827241784214,0.2663334140934359,0.851015406162465,0.584681992069029,141.37304655373893,0.5090781510393825,0.24274473694594656,58.63529267274776,0.39509536784741145,0.12876195375397553,31.069855873929463,0.29181745961691236,0.02548404552347644,6.136234702962862,0.26564586486245884,-0.0006875492309770803,-0.1648502013511558,0.584681992069029,0.514459722560683,0.4266006547271577,0.33452495500527657,0.2555352860555693,0.165686247102035,0.07606602257587136,-0.01945371151753081,-0.0238766140218091,-0.012324433977977278,-0.03943215459915653,11.583858684642635,0.12066519463169412,True,0.25098476890756305,19.88956776817135
DLinear__ETTm2__h192__s2021,DLinear,ETTm2,192,4,11329,0.35996116162061964,0.15800158884279283,0.9521292924197632,0.28268805317017426,0.8634357344632768,0.5807476812931025,137.26390350412834,0.4197322932364152,0.13704424006624094,32.32412868718764,0.3789726698121606,0.09628461664198634,22.66193687798127,0.2595851665619108,-0.023102886608263484,-5.414303503572555,0.3069894929191412,0.024301439748966924,5.645886299180594,0.5807476812931025,0.5150518603108887,0.4410205561013489,0.3617779833990334,0.28241404176485624,0.16973294355461993,0.10799104137043825,0.015499608645735019,-0.03650364063517922,-0.010431420092611166,-0.016603628133784132,14.925476611400061,0.07773685735104198,True,0.24973792814265536,23.783174391241765
DLinear__ETTm2__h336__s2021,DLinear,ETTm2,336,4,11185,0.3631649530621368,0.148681269557443,0.937110776647658,0.29238046117147526,0.8948497854077253,0.60246932423625,140.07461474823242,0.4779749572110621,0.18559449603958683,42.99045707465811,0.36026141417808843,0.06788095300661318,15.664102782431554,0.2782744953451931,-0.014105965826282152,-3.2301567694982647,0.296680300580234,0.004299839408758721,0.9692626695069227,0.60246932423625,0.550416641573763,0.4866196282659632,0.4130861219903749,0.33802512572081594,0.21680989120008393,0.16018675400701587,0.08475619434086984,0.007280990013445621,-0.01373340785937932,-0.0241981956464285,19.7463422004695,0.05876887559663541,True,0.24949425518597995,29.217582519687852
DLinear__ETTm2__h720__s2021,DLinear,ETTm2,720,4,10801,0.3787612258124248,0.11221183223775576,0.913730606157269,0.30688091619795277,0.9070370370370371,0.6001561208390843,135.23442168331192,0.4292439506637793,0.12236303446582653,27.342868484502336,0.32899147591226896,0.02211055971431619,4.898712085176251,0.2467017160995933,-0.060179200098359475,-13.10114788203728,0.3115051810703985,0.004624264872445716,0.9700965393324693,0.6001561208390843,0.5512540963032048,0.4869507036964623,0.4288737395974702,0.3513481055915697,0.24284514936059487,0.18739122685876697,0.1378862532951607,0.058410691198917786,-0.03134393495584953,-0.030518023695140062,22.200528311320415,0.03083406709905613,True,0.25015624999999997,36.601507667723624
DLinear__Electricity__h96__s2021,DLinear,Electricity,96,4,5165,0.6193610842207163,0.19593417231364957,0.7410566884596559,0.4440853574537831,0.9453911696359412,0.5013058121821581,72.50343341851797,0.5425014588601439,0.09841610140636081,14.202103574846157,0.4273988665233535,-0.016686490930429565,-2.4023453611336,0.4787926612744131,0.03470730382063003,4.973300939673436,0.4665192036999799,0.02243384624619682,3.1840192530685916,0.5013058121821581,0.4625580669118958,0.4043936194886699,0.31507694621113835,0.1859398901671142,0.03711472047335507,0.012491784283131246,-0.03094261375713825,0.08005397845984497,0.11555358516388292,0.02753985384783486,11.3049376294083,0.11775976697300312,True,0.251785195584818,2.1549548014081723
DLinear__Electricity__h192__s2021,DLinear,Electricity,192,4,5069,0.822450187413691,0.09370684553166304,0.4665662016083543,0.6888673920726486,0.9755327545382794,0.2866653624656308,44.081152978376196,0.7637920732921729,0.07492468121952434,11.46778219925618,0.7393927206917353,0.05052532861908676,7.696225746996681,0.7158088989132664,0.0269415068406178,4.06403726482726,0.6966915688367129,0.007824176764064328,1.1567855969850511,0.2866653624656308,0.27028003243889676,0.24143862964502172,0.20641022104728823,0.15835208150740288,0.09771192101053583,0.06477896157370511,0.03892050511415568,0.014643931426208678,0.05284864918256316,0.02905597010287675,18.996750419418557,0.09894140843447165,True,0.24981501578531964,1.9359087517270082
DLinear__Electricity__h336__s2021,DLinear,Electricity,336,4,4925,0.7331979695431472,0.14213197969543148,0.5891414411264743,0.5693990981473369,0.9634443541835905,0.3940452560362536,55.84178220550063,0.67238173931006,0.10298264116272304,14.470572456020546,0.6403195291149885,0.07092043096765155,9.878524624056919,0.6210503377642188,0.051651239616881894,7.066330122097529,0.640724194686104,0.07132509653876706,9.393862618154495,0.3940452560362536,0.3686468088199595,0.33265333022088095,0.28539040764888024,0.23504172483086638,0.17492953459331295,0.12305101499810644,0.06724880679325096,0.05278980739988948,0.046281844522048976,0.016091801621953006,24.803451725906974,0.07381979680329456,True,0.2498286454102356,1.5961129981037097
DLinear__Electricity__h720__s2021,DLinear,Electricity,720,4,4541,0.5426117595243338,0.28936357630477866,0.7477042348962364,0.4023000501292852,0.9643171806167401,0.5620171304874548,77.22551738416782,0.5285484980509058,0.12624844792162054,17.002094979469717,0.42334369767998087,0.021043647550695654,2.774881555089122,0.44203088196807117,0.03973083183878595,5.00840596026671,0.45533698806836503,0.05303693793907982,6.022997354547864,0.5620171304874548,0.5382154819262337,0.5016012062075013,0.45077738203484446,0.3773684581580076,0.30206898956909584,0.244785051501271,0.16420799428494542,0.06584464065251178,-0.015851799943134792,-0.023568176373243155,41.28797420612726,0.057344408619621194,True,0.2519410792951542,1.2671104075331239
DLinear__Exchange__h96__s2021,DLinear,Exchange,96,4,1422,0.39451476793248946,0.39451476793248946,0.8715397019569975,0.32629900637164433,0.9641097818437719,0.6378107754721276,51.27992974479044,0.5665236051502146,0.24022459877857028,19.15709234909063,0.4119359534206696,0.08563694704902525,6.7703804389476625,0.34615384615384615,0.019854839782201816,1.5420436927831616,0.3333333333333333,0.007034326961688986,0.5261791523248007,0.6378107754721276,0.6089122612339894,0.5524033913716561,0.45305035713613506,0.3152372667435761,0.17801754039094564,0.06839907904809056,0.012186310475341744,-0.06386332884162715,-0.1548704349430729,0.015409536341923491,15.707518379265741,0.16361998311735146,True,0.24826266713581982,23.268444478764966
DLinear__Exchange__h192__s2021,DLinear,Exchange,192,4,1326,0.39064856711915535,0.39064856711915535,0.9154173475258576,0.3037031728807082,0.9735849056603774,0.6698817327796691,53.025430301413984,0.4765258215962441,0.17282264871553593,13.435202330580994,0.4138211382113821,0.11011796533067392,8.39825121227026,0.2945326278659612,-0.009170545014747011,-0.6715522393037535,0.1337579617834395,-0.1699452110972687,-11.342597204318656,0.6698817327796691,0.6449373105029776,0.5964481130497004,0.5195138225669398,0.41156400269181087,0.22566313314711256,0.16856307117634411,0.01015325449825677,-0.06071251867510072,-0.12188499106252637,-0.048736285463489626,21.291003093437503,0.11089064111165366,True,0.24837264150943394,25.215425852793622
DLinear__Exchange__h336__s2021,DLinear,Exchange,336,4,1182,0.38155668358714045,0.38155668358714045,0.9118935422226554,0.30741007956344607,0.9779847586790855,0.6705746791156395,49.943038868901056,0.4890710382513661,0.18166095868792004,13.045647418713063,0.28895463510848124,-0.01845544445496483,-1.2736390056988294,0.08747044917257683,-0.21993963039086922,-13.864095374989416,0.4235294117647059,0.1161193322012598,5.683194016837832,0.6705746791156395,0.6536068695890962,0.6178870341886762,0.5546001419016306,0.46617482609693134,0.3160681813061192,0.22479027821830705,0.053121229734466646,-0.15838200180966638,-0.15367873627986398,-0.14285311753812963,29.282428631154893,0.08715008521177052,True,0.24849174428450466,29.888723757545122
DLinear__Exchange__h720__s2021,DLinear,Exchange,720,4,798,0.7606516290726817,0.07393483709273183,0.544069033685702,0.6062304885019567,0.9887076537013801,0.38247716519942343,22.100125609235214,0.5663430420711975,-0.039887446430759255,-2.0295069412184756,0.639269406392694,0.03303891789073732,1.4152166825876717,0.9871794871794872,0.3809489986775305,6.886113984797128,,,,0.38247716519942343,0.3736690089854805,0.35598613618318187,0.320351789979056,0.2518257774826981,0.13397838878263857,-0.03811059749378232,-0.024140936263150725,-0.06564008259789766,-0.12371300598447421,,22.849896386265637,0.03173596720314672,True,0.25074498117942284,25.9996233935449
DLinear__ILI__h24__s2021,DLinear,ILI,24,4,170,0.3411764705882353,0.24705882352941178,0.9370361898602202,0.28719723183391,0.8994082840236687,0.6122110521897587,17.59015653641913,0.5,0.21280276816609,6.023159770444951,0.20253164556962025,-0.08466558626428974,-2.3521263644187878,0.14383561643835616,-0.14336161539555384,-3.8285515602445037,0.5163934426229508,0.22919621078904084,5.595160320362947,0.6122110521897587,0.5163741967375186,0.3453328886480177,0.09551881754880603,-0.17031411495079313,-0.14226969560202593,-0.14568779787164585,-0.14434008897676714,,,,4.459945971065984,0.18583108212774935,True,0.2516642011834319,10.118227791302003
DLinear__ILI__h36__s2021,DLinear,ILI,36,4,158,0.4240506329113924,0.16455696202531644,0.9430450551701235,0.2931421246595097,0.9044585987261147,0.611316474066605,16.827157497694014,0.40939597315436244,0.11625384849485276,3.1174199250588095,0.12142857142857143,-0.17171355323093823,-4.463375516413909,0.13114754098360656,-0.1619945836759031,-3.930748372527009,0.11627906976744186,-0.17686305489206783,-3.6031403708938017,0.611316474066605,0.5209604394430545,0.3756890441716591,0.16685787534049035,-0.11004353311021389,-0.17409450561189063,-0.0910144650850416,-0.059808791326176336,,,,5.046721682118458,0.1401867133921794,True,0.2515923566878981,7.491392832869407
DLinear__ILI__h48__s2021,DLinear,ILI,48,4,146,0.5547945205479452,0.1780821917808219,0.7640510792365507,0.40073184462375677,0.896551724137931,0.4958198795141743,12.183453461425252,0.3358208955223881,-0.06491094910136869,-1.5333201061902861,0.3770491803278688,-0.023682664295887945,-0.5337930885269443,0.4897959183673469,0.08906407374359016,1.799194296105503,0.6,0.1992681553762432,2.8753146348850933,0.4958198795141743,0.4048237109317988,0.23307097227765172,0.02680438726030121,-0.07765492154683368,-0.07617044111498483,-0.15682940559936653,-0.17850962240153456,,,,3.7674875164966406,0.07848932326034667,True,0.2519396551724138,5.4936078799359125
DLinear__ILI__h60__s2021,DLinear,ILI,60,4,134,0.6268656716417911,0.07462686567164178,0.6685721829426023,0.47527288928491873,0.9172932330827067,0.442020343797788,10.207744850497697,0.3697478991596639,-0.10552499012525485,-2.3051040214976624,0.40384615384615385,-0.07142673543876488,-1.4586100389914756,0.47297297297297297,-0.00229991631194576,-0.03961773300418494,0.42857142857142855,-0.046701460713490184,-0.34990988365256753,0.442020343797788,0.35806044404841464,0.19395787994585045,-0.007018921030950476,-0.11934068589508823,-0.14193955595158542,-0.10384431785634729,0.02472711071508127,,,,3.568085276816193,0.05946808794693655,True,0.2612781954887218,7.17509843039149
DLinear__Weather__h96__s2021,DLinear,Weather,96,4,10444,0.30314055917273075,0.27719264649559555,0.9701374848308447,0.26821886852621435,0.8847074595422771,0.6164885910160628,142.20092324657472,0.5007677543186181,0.23254888579240374,53.58125181805287,0.37389380530973454,0.10567493678352019,24.320352504979017,0.2845960572091225,0.01637718868290816,3.760384863927787,0.24902458056964494,-0.01919428795656941,-4.386731345673796,0.6164885910160628,0.5523135965187962,0.46549760656957107,0.35606246531817043,0.26179647478026824,0.16099742037121167,0.07802390604025966,-0.0019334865952333469,-0.01949487951953982,0.021652255114542773,0.009912766293318553,11.370852561099285,0.11844638084478422,True,0.2504159484822369,10.946321815406334
DLinear__Weather__h192__s2021,DLinear,Weather,192,4,10348,0.279860842674913,0.26459219172787013,0.9950183062840244,0.25333588267823615,0.89929448149222,0.6459585988139839,151.077891141008,0.4350485436893204,0.18171266101108424,42.402631166124,0.3446156847444401,0.09127980206620395,21.25044329404973,0.23779046868846002,-0.01554541398977613,-3.602074110813894,0.27749899638699316,0.02416311370875701,5.545730524266653,0.6459585988139839,0.5867955690905634,0.511938672619521,0.4106873281534853,0.30502648665974297,0.21070056555751415,0.17626349499582067,0.04353300186188125,0.002807597305909737,0.02086094530061705,0.036132156789803305,14.222372052143829,0.07407485443824911,True,0.2511023726684063,9.334942560411884
DLinear__Weather__h336__s2021,DLinear,Weather,336,4,10204,0.29860838886711094,0.29860838886711094,0.9891134977076641,0.2575165372001141,0.9191414289914731,0.661624891791359,152.8374646722205,0.4597826086956522,0.2022660714955381,46.53367381495647,0.3313072937425269,0.0737907565424128,16.905823667178534,0.2974260235103364,0.03990948631022234,9.066606217789618,0.258497691984893,0.0009811547847788926,0.21907034312706988,0.661624891791359,0.6168218278263513,0.5504246392704741,0.46070629528321266,0.37430521387958754,0.29016336842316554,0.2353828710839096,0.12031196617424084,0.02374602813965271,0.005174341875412103,0.017211131645201827,22.894008717555014,0.06813693070700896,True,0.2510536116828384,8.390518472374266
DLinear__Weather__h720__s2021,DLinear,Weather,720,4,9820,0.31771894093686354,0.31771894093686354,0.9802363195164917,0.2632927729684214,0.9182197779814645,0.6549270050130431,147.35320757338536,0.38153526970954355,0.11824249674112214,26.359985925960128,0.32357293868921777,0.060280165720796364,13.31229924308217,0.26164835164835165,-0.0016444213200697555,-0.35617781109001095,0.3344868735083532,0.0711941005399318,14.797865733876963,0.6549270050130431,0.6112234217759258,0.5457944315955559,0.45297302401486433,0.36043223723149703,0.2915703247021956,0.2619224791841001,0.16695898105551588,0.07485026341802775,0.013995581135575141,0.07617971452589417,22.29681733533238,0.03096780185462831,True,0.24940485283633773,8.469511826854076
PatchTST__ETTh1__h96__s2021,PatchTST,ETTh1,96,4,2785,0.34290843806104127,0.16086175942549372,0.9755714565986062,0.2666777975110315,0.7726293103448276,0.5059515128337961,60.36742724894486,0.4864179645056139,0.21974016699458243,26.109695481469572,0.3306540007307271,0.0639762032196956,7.568590605752583,0.24284120490888805,-0.023836592602143436,-2.795108868152568,0.2784419591207096,0.011764161609678137,1.3546321961739667,0.5059515128337961,0.4120861263121809,0.3223189662430138,0.2929188895613488,0.22339081931814875,0.15104831945228125,0.026596733911239734,-0.04763376288551399,-0.04485098849561037,-0.016787784312615295,-0.004894719714325091,11.913201888910457,0.12409585300948393,True,0.2492816091954023,4.1534796580262805
PatchTST__ETTh1__h192__s2021,PatchTST,ETTh1,192,3,2689,0.4510970621048717,0.4510970621048717,0.9710655991270877,0.3552335928879015,0.8683035714285714,0.5130699785406698,55.58185286435833,0.4971601666035593,0.14192657371565776,15.24016622047076,0.43694562283069804,0.08171202994279653,8.694188314949233,0.28874649579495393,-0.06648709709294759,-6.942061030220092,0.4164859002169197,0.06125230732901821,6.144686106912333,0.5130699785406698,0.4445431097544505,0.38592096949571114,0.3758369031956494,0.2987132832811969,0.20178560169245224,0.10152831187400324,0.009858168142945822,-0.07327716049990318,-0.02174714364582525,-0.017696055350364004,21.632855429025945,0.1126711220261768,True,0.33530970982142855,4.023845526907478
PatchTST__ETTh1__h336__s2021,PatchTST,ETTh1,336,3,2545,0.5096267190569744,0.5096267190569744,0.9020779594561195,0.39987386184243534,0.8950471698113207,0.49517330796888537,50.983893695208245,0.46525802519301096,0.06538416335057562,6.621335561492176,0.31426167437946995,-0.0856121874629654,-8.520545596289386,0.43639655952919876,0.03652269768676342,3.5041115786043657,0.45221569674319273,0.05234183490075739,4.6241834191691105,0.49517330796888537,0.4463707311579579,0.3954822971500873,0.35731967382961827,0.2992166877819221,0.23005053131315556,0.12169002368759285,-0.014271875909460552,-0.05212375262443619,0.019703117990324148,0.003807926454737598,26.84281047279698,0.07988931688332435,True,0.33265772405660377,3.884331266001362
PatchTST__ETTh1__h720__s2021,PatchTST,ETTh1,720,4,2161,0.4812586765386395,0.33364183248496065,0.8270058623093653,0.3622778629445766,0.7333333333333333,0.3710554703887567,35.87806970253511,0.3336698637051994,-0.02860799923937718,-2.6490678281430897,0.43864519711271516,0.07636733416813857,6.742606919709491,0.36433032616238725,0.0020524632178106628,0.16209541411723827,0.3106796116504854,-0.05159825129409118,-2.882477796599619,0.3710554703887567,0.2481899462263359,0.18199659231736126,0.28193950816550234,0.20881770815099449,0.14594195856787057,0.04640120238684925,-0.058785487145265214,0.018824499260147842,0.013707582780105032,0.051090650687789285,3.854794942913639,0.005353881865157832,True,0.24845196759259258,3.496652354776659
PatchTST__ETTh2__h96__s2021,PatchTST,ETTh2,96,3,2785,0.3755834829443447,0.3734290843806104,0.9854160694762036,0.34350692508275604,0.742816091954023,0.39930916687126694,44.36710308799853,0.5063382832307135,0.16283135814795746,18.01724671676552,0.4040920716112532,0.06058514652849717,6.6745307504288425,0.3677947192264782,0.024287794143722174,2.6521656831556264,0.3065946779791747,-0.03691224710358132,-3.9581196635769538,0.39930916687126694,0.328789158280521,0.2638285657478804,0.2042064346579714,0.14981196260232882,0.1101799619495723,0.01849233989335569,0.025330109166397163,0.022250291208268103,0.032207989127538694,0.02673725436074198,8.477754793688362,0.0883099457675871,True,0.33191900143678155,7.321239625639945
PatchTST__ETTh2__h192__s2021,PatchTST,ETTh2,192,3,2689,0.4068426924507252,0.3261435477872815,0.9865918844715129,0.3431869380660656,0.7287946428571429,0.3856077047910773,42.10891677975266,0.418402120408936,0.07521518234287039,8.141481640571682,0.38488237562668726,0.04169543756062166,4.472017853656071,0.3404084901882259,-0.002778447877839707,-0.29243224598353307,0.3457700650759219,0.002583127009856301,0.26121310401269326,0.3856077047910773,0.33117108203069656,0.2653791699413832,0.23458255093057745,0.17084224262978176,0.13705393509915836,0.05986068098155345,0.031666634757050394,0.009053094815150986,0.02337254746448103,0.034590839711712174,12.600872971332205,0.06562954672568856,True,0.3339727492559524,6.736270521464799
PatchTST__ETTh2__h336__s2021,PatchTST,ETTh2,336,3,2545,0.3976424361493124,0.3198428290766208,0.9907128075082653,0.34023351770295773,0.7452830188679245,0.40504950116496674,43.12042008541868,0.37505079236082894,0.03481727465787121,3.6455823111757653,0.37189734960033655,0.031663831897378814,3.2583249209779783,0.32910819375282935,-0.011125323950128385,-1.1036385239467552,0.3368926855312333,-0.0033408321717244283,-0.30516862149471896,0.40504950116496674,0.3377059239014465,0.2500852544339962,0.20568686069672693,0.12160910784073542,0.05133035018402993,0.0007580179681426213,0.013097057390132893,-0.003842080394089231,0.04589535588287602,0.02268561444694367,8.211292660236207,0.02443837101260776,True,0.3332227790880503,6.9567089631178645
PatchTST__ETTh2__h720__s2021,PatchTST,ETTh2,720,3,2161,0.4039796390559926,0.3086534012031467,0.9897412955235009,0.3410462403967862,0.7652777777777777,0.4242315373809915,41.59065147191437,0.34124179707218577,0.00019555667539955524,0.01836034256111133,0.33148250971682397,-0.009563730679962246,-0.8561504529822471,0.2748091603053435,-0.06623708009144269,-5.303945666120972,0.37170596393897365,0.030659723542187434,1.7366078651473698,0.4242315373809915,0.35788845159024485,0.2681331754585684,0.22978515765244745,0.16151786216731634,0.10939997848531807,0.0566647753399806,0.031801767473356446,0.002260846217387036,-0.018426470839478737,0.006359212549563842,9.572040863124828,0.013294501198784484,True,0.3334635416666667,6.809080042032947
PatchTST__ETTm1__h96__s2021,PatchTST,ETTm1,96,3,11425,0.6311597374179431,0.6311597374179431,0.8268361583396667,0.46844789872108555,0.8615196078431373,0.39307170912205175,84.19325828410808,0.6669590386808175,0.19851113995973196,42.47689754079513,0.5889074448448625,0.1204595461237769,25.748476304145555,0.4868920469591314,0.018444148238045854,3.934149190583862,0.4795691266803169,0.011121227959231372,2.36209333968556,0.39307170912205175,0.33274268168686333,0.2693158697755435,0.23217398093206326,0.18103934818924844,0.13885483102524993,0.06108295243638301,0.004243966375842845,-0.0018886722907874298,0.00868946039189894,-0.0566605705795607,12.96856504365995,0.13508921920479114,True,0.33309808298319327,6.750289478357457
PatchTST__ETTm1__h192__s2021,PatchTST,ETTm1,192,3,11329,0.6683732015182275,0.6683732015182275,0.782214933373874,0.5036361992089818,0.8727930790960452,0.36915687988706336,78.58308373134389,0.6286676713057353,0.12503147209675347,26.56040081325371,0.5482061782248732,0.044569979015891326,9.447823893171472,0.5137828858759091,0.010146686666927307,2.1416566183964134,0.5269072635906806,0.02327106438169879,4.869289668950774,0.36915687988706336,0.31820541816543324,0.2570702025570226,0.23817106163369994,0.19096293453096336,0.14715604651997272,0.07319469293482639,0.014531821503454556,0.00869108337026503,0.03126257124493326,-0.012224263255561196,17.7007894103917,0.09219161151245676,True,0.3336533368644068,4.646334536121727
PatchTST__ETTm1__h336__s2021,PatchTST,ETTm1,336,3,11185,0.7085382208314707,0.7085382208314707,0.718952915454381,0.5489751205444899,0.8753576537911302,0.32638253324664024,69.36636027018967,0.609134312224124,0.060159191679634016,12.738153050539163,0.5728419714985931,0.023866850954103125,5.034428934575981,0.5482532952345839,-0.0007218253099060545,-0.15109509972805543,0.5584514410729573,0.009476320528467364,1.9526593855279437,0.32638253324664024,0.28005107993838585,0.22716297086057224,0.2038207996487641,0.16872565839722375,0.1372079692071464,0.07974531826496967,0.02604522855562763,0.0002974570014886435,0.009068541031449384,-0.026191929913646494,18.07089892476211,0.053782437276077705,True,0.3345096790057224,3.333038805425776
PatchTST__ETTm1__h720__s2021,PatchTST,ETTm1,720,3,10801,0.6950282381260995,0.6950282381260995,0.7173351118155944,0.540760579824376,0.8752777777777778,0.33451719795340185,69.76028329037935,0.5865737689483099,0.04581318912393395,9.47438735495137,0.574753376113399,0.033992796289023075,6.970049253643224,0.5534173197103462,0.01265673988597027,2.550066874016797,0.5373357547270591,-0.003424825097316897,-0.664932296307016,0.33451719795340185,0.2847788219720867,0.23065740665334933,0.20333281404201886,0.16902152495077472,0.13107524522901803,0.08809291742811542,0.047640057297333005,0.03998859039847846,0.013131926736028365,0.0004074676339446137,16.5236266929184,0.02294948151794222,True,0.33232349537037037,2.6456080530152604
PatchTST__ETTm2__h96__s2021,PatchTST,ETTm2,96,3,11425,0.41549234135667396,0.41549234135667396,0.9825492127970922,0.34608462956490094,0.7380952380952381,0.3920106085303372,88.07547387916624,0.4632926936233664,0.11720806405846546,26.30734600544685,0.4031818581348334,0.05709722856993249,12.801975124867717,0.36878806602524494,0.022703436460344006,5.079669516723471,0.3677557197542954,0.02167109018939445,4.82810504340061,0.3920106085303372,0.31486258220083485,0.2409042505681872,0.20195776335793347,0.12494701212148701,0.05179125913868898,0.02817819941142158,0.019587672816262225,-0.006663016170684821,-0.001083255057432786,-0.011789850216761322,8.440297616695506,0.08791976684057819,True,0.3325892857142857,7.343132019604176
PatchTST__ETTm2__h192__s2021,PatchTST,ETTm2,192,3,11329,0.42395621855415305,0.42395621855415305,0.9782057342000751,0.3491827937524091,0.7556497175141242,0.4064669237617151,90.74984668950242,0.42531690452974025,0.07613411077733112,16.962784646738005,0.3767470844832191,0.02756429073080996,6.12828240798398,0.36661578522043636,0.017432991468027237,3.8592249745820375,0.3566925536774783,0.007509759925069193,1.6480789244057246,0.4064669237617151,0.32019126822340094,0.24657879565156438,0.22285147883835144,0.13300583879421862,0.07508913684863538,0.034927281702539836,0.01810584119089953,0.010159751176697707,0.007755359155051378,-0.006921755421501807,9.307233904961308,0.04847517658834014,True,0.3331402277542373,6.116418714688738
PatchTST__ETTm2__h336__s2021,PatchTST,ETTm2,336,3,11185,0.40330800178810905,0.40330800178810905,0.9861223313634037,0.3433916560371961,0.7812052932761088,0.43781363723891265,97.50789848858508,0.3542023241149446,0.010810668077748498,2.3987529227450275,0.3610783334846147,0.017686677447418586,3.90957782413972,0.3376348050511568,-0.005756850986039341,-1.2627918633727973,0.3471891943308285,0.0037975382936323854,0.820006748138995,0.43781363723891265,0.3570465090347882,0.2773041672344254,0.23019696344924923,0.13874640466653743,0.05703872143971589,0.011522470390283424,0.00986872200386385,-0.011796816619134065,-0.002531541730065978,-0.008385259029027647,8.714731824621461,0.025936701858992446,True,0.33252581813304716,5.510060717506919
PatchTST__ETTm2__h720__s2021,PatchTST,ETTm2,720,3,10801,0.4154244977316915,0.4154244977316915,0.986612131665978,0.34347964245750406,0.755462962962963,0.41198332050545894,90.16062458378347,0.38386215987195177,0.040382517414447705,8.763982338860849,0.35274399003926826,0.009264347581764198,1.9934772730109693,0.3478821545481599,0.004402512090655841,0.9308458459303228,0.3370366413844675,-0.0064430010730365805,-1.3127279331010833,0.41198332050545894,0.3204707233171047,0.2515004446037167,0.27154861659929197,0.18540306500656645,0.09490832299889856,0.04620090145606581,0.02558247690912202,0.008345867262742501,-0.0036021033380561063,-0.005952793730900796,13.557339858215538,0.018829638691966025,True,0.33383391203703705,5.6677334572458715
PatchTST__Electricity__h96__s2021,PatchTST,Electricity,96,3,5165,0.9570183930300097,0.9570183930300097,0.1822617178066944,0.9170868784140779,0.982571649883811,0.06548477146973308,17.06540345289844,0.9352266096090255,0.018139731194947606,4.71669480677227,0.9231971858510846,0.00611030743700669,1.585089896255256,0.9163543105148945,-0.0007325678991834117,-0.18914382040815536,0.9264025738990549,0.009315695484977016,2.3823613812316933,0.06548477146973308,0.05599078960838966,0.04629231166536407,0.03870137056788836,0.02562044339598235,0.008492704675733154,0.00155652484018598,0.004096365580363304,0.008356185346362177,0.02058774011160447,0.008776439625043153,10.970425580756766,0.11427526646621632,True,0.3338860379550736,0.17651616118072858
PatchTST__Electricity__h192__s2021,PatchTST,Electricity,192,3,5069,0.925823633852831,0.925823633852831,0.24058563728365365,0.8626515342952596,0.9759273875295975,0.11327585323433786,23.427505014631116,0.8605855407289384,-0.0020659935663212003,-0.4252991059189956,0.8616529257993163,-0.0009986084959433539,-0.2045855144499297,0.8679516095960631,0.005300075300803453,1.075297935426771,0.8542155816435433,-0.008435952651716372,-1.6774876265225456,0.11327585323433786,0.10419275226483504,0.08483119028519448,0.056336807929597055,0.031866573759361416,0.004928374380539391,-0.004110075753801068,-0.004323260666439621,-0.008922051644106532,0.0381604033830375,0.006569726520562313,7.941614595926238,0.041362576020449154,True,0.33318123520126286,0.10674590781579797
PatchTST__Electricity__h336__s2021,PatchTST,Electricity,336,3,4925,0.9376649746192893,0.9376649746192893,0.2123994689690737,0.8831012600170063,0.9784727863525589,0.09537152633555257,20.828960101563517,0.8741995455484404,-0.008901714468565913,-1.9276626552104232,0.9070842968257306,0.023983036808724267,5.148261312599331,0.9012856831553715,0.018184423138365213,3.8339671738658305,0.9033623324711968,0.02026107245419051,4.112443589047399,0.09537152633555257,0.08561700120582527,0.07381806532337165,0.056292679376933163,0.030934185083828947,-0.0008204506975703074,-0.009412718564630218,-0.009221751991156824,-0.01246514950083577,0.033282152627453265,0.004363492610525155,10.121909619446228,0.03012473101025663,True,0.3326754163281885,0.07996942466783895
PatchTST__Electricity__h720__s2021,PatchTST,Electricity,720,3,4541,0.9378991411583352,0.9378991411583352,0.211821226310991,0.8835113156544152,0.9819383259911895,0.09842701033677426,20.672561475257794,0.9101123595505618,0.026601043896146592,5.47575230918519,0.8973929681894284,0.013881652535013167,2.797907324286016,0.8775189740905522,-0.0059923415638629685,-1.1546148819226003,0.8793937439535634,-0.004117571700851808,-0.714733478824863,0.09842701033677426,0.08872926597149355,0.07328833168964477,0.058249107906140685,0.03427873959420358,0.00737358121850562,-0.007701621662903002,0.0013742497206130633,-0.003931385666083864,0.032845100329700005,0.0195310499981296,10.388740478470346,0.014428806220097703,True,0.3332599118942731,0.0736467237295779
PatchTST__Exchange__h96__s2021,PatchTST,Exchange,96,3,1422,0.4177215189873418,0.4177215189873418,0.9759681856613956,0.3503454851529412,0.812807881773399,0.4624623966204578,36.54129811131291,0.44206008583690987,0.09171460068396864,7.187909031705773,0.3173216885007278,-0.033023796652213444,-2.56584770074643,0.2986425339366516,-0.05170295121628965,-3.9463681952882816,0.37154471544715445,0.021199230294213223,1.5584151280980583,0.4624623966204578,0.3764150782273405,0.2744782101926159,0.20057389249910967,0.11124768696654669,0.04749624146576381,-0.022657709011556837,-0.039680879279680004,0.025297739546887243,0.03866550385804779,-0.04381282183635832,6.000886795098946,0.06250923744894736,True,0.3341396903589021,11.47567807195707
PatchTST__Exchange__h192__s2021,PatchTST,Exchange,192,3,1326,0.3778280542986425,0.35822021116138764,0.9895014346228082,0.3407462764662658,0.8422641509433962,0.5015178744771305,38.51700414155655,0.3192488262910798,-0.021497450175186006,-1.6214759924081645,0.24715447154471545,-0.09359180492155036,-6.925458376076565,0.400352733686067,0.05960645721980118,4.235044538263526,0.32908704883227174,-0.011659227633994074,-0.7550111717380953,0.5015178744771305,0.42058302866968583,0.3090267946381215,0.2389198843835066,0.14322318918258914,0.08738355351827826,-0.020619493581955195,-0.11954427312736765,-0.02953132319523777,0.07694414122415189,0.03011465068605207,7.116306204291024,0.03706409481401575,True,0.3323820754716981,8.34618104640972
PatchTST__Exchange__h336__s2021,PatchTST,Exchange,336,3,1182,0.5321489001692047,0.5321489001692047,0.9240268191651592,0.39272820451155366,0.9212531752751905,0.5285249707636368,37.19228474597505,0.38524590163934425,-0.007482302872209412,-0.5076902842826803,0.34812623274161736,-0.0446019717699363,-2.9082747618242992,0.4302600472813239,0.03753184276977023,2.235359963954711,0.503921568627451,0.11119336411589731,5.141932324725802,0.5285249707636368,0.47930569379353105,0.4086300297838623,0.313404674534443,0.2093301145278974,0.15509788244496803,0.06970471140973433,-0.0397870280409654,-0.06551438161738521,-0.09571327913841932,0.0376515423238894,11.097651748248074,0.033028725441214504,True,0.33615580016934804,5.282226634435147
PatchTST__Exchange__h720__s2021,PatchTST,Exchange,720,3,798,0.46867167919799496,0.46867167919799496,0.9581259801321557,0.36443866558627136,0.8569636135508155,0.49252494796454416,28.891256931931682,0.3705501618122977,0.006111496226026358,0.31568273275963626,0.2534246575342466,-0.11101400805202477,-4.827517757678947,0.32051282051282054,-0.04392584507345082,-0.8060768874168216,,,,0.49252494796454416,0.43330002788106536,0.3572238029275825,0.3127765242871463,0.24169944183060843,0.19430807070615685,0.04700547610310196,-0.06742374021313702,0.010100079801182493,-0.06024286139046714,,15.303626244668749,0.021255036450928817,True,0.3314382057716436,5.166352433868394
PatchTST__ILI__h24__s2021,PatchTST,ILI,24,3,170,0.4588235294117647,0.4588235294117647,0.938853895113725,0.3746712802768166,0.8402366863905325,0.4655654061137159,12.503876199667564,0.5060975609756098,0.13142628069879314,3.4771606165408833,0.3924050632911392,0.0177337830143226,0.4605221716682467,0.2191780821917808,-0.1554931980850358,-3.881579040224335,0.45081967213114754,0.07614839185433092,1.7376458268048298,0.4655654061137159,0.35151919591365954,0.20364197273523155,0.07594600367380067,-0.01752842313395947,-0.15727997592899054,0.030989097081673966,-0.16038556599110235,,,,3.4893049724698115,0.14538770718624214,True,0.33210059171597633,10.775426616768243
PatchTST__ILI__h36__s2021,PatchTST,ILI,36,3,158,0.5189873417721519,0.5189873417721519,0.8937106905740582,0.40554398333600383,0.8598726114649682,0.45432862812896435,11.594207932457234,0.2953020134228188,-0.11024196991318502,-2.740698451632715,0.34285714285714286,-0.06268684047886097,-1.510641997041695,0.319672131147541,-0.08587185218846283,-1.9317543590875124,0.27906976744186046,-0.12647421589414337,-2.388759220356997,0.45432862812896435,0.34445601666399617,0.10094952315750261,-0.11887731666933715,-0.011177786152905267,-0.15157572936774988,-0.011926962059408075,0.16112268333066282,,,,2.7927335311456702,0.07757593142071306,True,0.3415605095541401,4.600997463952762
PatchTST__ILI__h48__s2021,PatchTST,ILI,48,3,146,0.7328767123287672,0.7328767123287672,0.6783614339999116,0.578063426534059,0.8689655172413793,0.2909020907073203,7.09282935496064,0.5522388059701493,-0.02582462056390966,-0.6053060520323968,0.6229508196721312,0.04488739313807222,1.003905809105685,0.5408163265306123,-0.037247100003446665,-0.7466106326731091,0.5,-0.07806342653405896,-1.1176897811762778,0.2909020907073203,0.17193657346594104,-0.007640891322791332,-0.020092412041305296,0.006551958081325693,0.03597166118523931,-0.041478060680400386,0.08860324013260767,,,,2.2152784327929487,0.04615163401651976,True,0.3426724137931034,0.7409934752964107
PatchTST__ILI__h60__s2021,PatchTST,ILI,60,3,134,0.8283582089552238,0.8283582089552238,0.5254726352089483,0.7009356204054354,0.9172932330827067,0.21635761267727127,5.449750142154773,0.6554621848739496,-0.04547343553148586,-1.083452403619246,0.6826923076923077,-0.018243312713127735,-0.4063487820401563,0.6621621621621622,-0.03877345824327327,-0.728499046924567,0.6428571428571429,-0.05807847754829254,-0.4746328919042242,0.21635761267727127,0.1627007432309282,0.05291053344071839,-0.010459429929244979,-0.048393247524079475,-0.004857189032886455,-0.0009356204054354889,-0.5342689537387688,,,,2.821771332613928,0.047029522210232134,True,0.32424812030075184,1.017095434133209
PatchTST__Weather__h96__s2021,PatchTST,Weather,96,4,10444,0.38864419762543084,0.16985829184220605,0.9632509475443884,0.2773833555732523,0.7519869769223403,0.474603621349088,108.33019066504144,0.3824376199616123,0.10505426438836002,23.952638851472337,0.2864563293574452,0.009072973784192917,2.06627733655336,0.27203324313877075,-0.005350112434481524,-1.2156174896132281,0.2871634802965275,0.009780124723275219,2.211844100201165,0.474603621349088,0.3956677840551714,0.3043216252696596,0.23056988321555566,0.12643329191428127,0.057134508429821096,-0.008019193723541318,0.009064880177038548,0.021693990323881585,-0.008756694276433885,0.004039149734603342,7.509525665906978,0.07822422568653102,True,0.25038602413099686,5.606384630323766
PatchTST__Weather__h192__s2021,PatchTST,Weather,192,3,10348,0.4224971008890607,0.4224971008890607,0.9755534858050778,0.3507859239105342,0.818884700879482,0.46809877696894775,99.77682685731087,0.37349514563106795,0.022709221720533745,4.829540586554524,0.36022239563012093,0.009436471719586725,2.00216054443646,0.37288302481291846,0.02209710090238426,4.666396118369976,0.3592934564431955,0.008507532532661288,1.7795304969665504,0.46809877696894775,0.39964902679505254,0.3187809747746939,0.25163187106045226,0.15221446323619436,0.07001671277034988,0.009093500437968305,0.014282569240150755,0.01792196352505837,0.010946487638876123,-0.022386095510705806,9.043336645269173,0.04710071169411028,True,0.33330313134241807,3.8848176965968055
PatchTST__Weather__h336__s2021,PatchTST,Weather,336,3,10204,0.36720893767150137,0.36720893767150137,0.9922594406303304,0.3388157748147128,0.8210330295011271,0.4822172546864143,102.91143562306641,0.33537549407114625,-0.0034402807435665594,-0.7312082586925963,0.3737544838581108,0.034938709043397964,7.395101301968476,0.36167409809485207,0.02285832328013926,4.79750999369718,0.33707511540075535,-0.0017406594139574572,-0.3590564785178765,0.4822172546864143,0.42201543475203884,0.34255677420489505,0.27191392310604046,0.17031261152215404,0.07899783116247949,0.011578702502841431,0.01469752411343328,-0.004276168863767915,-0.009162452487019856,-0.006680698561989495,9.871010734457936,0.02937800813826767,True,0.332524747623248,3.5378558749660107
PatchTST__Weather__h720__s2021,PatchTST,Weather,720,4,9820,0.37169042769857435,0.18258655804480653,0.9701010023863956,0.2719959888999963,0.7813422955494449,0.5093463066494486,113.42235373757993,0.30238589211618255,0.03038990321618623,6.705322924273354,0.2921775898520085,0.020181600952012158,4.411162400844201,0.2518681318681319,-0.020127857031864427,-4.314893682069275,0.26861575178997615,-0.003380237110020168,-0.6953781476481984,0.5093463066494486,0.43171148716437524,0.34546529879356525,0.3051544391472927,0.19199829914569932,0.09753813451643195,0.015929390353796202,0.05714144403438254,-0.0090307024089884,-0.020814209785256332,-0.004374342697176847,10.89897537324657,0.015137465796175791,True,0.2507861034728588,2.862843808213237
TimesNet__ETTh1__h96__s2021,TimesNet,ETTh1,96,4,2785,0.3827648114901257,0.12315978456014362,0.9390584342673893,0.290838004312665,0.8189655172413793,0.5281275129287144,61.35855219157676,0.41325606664252085,0.12241806232985586,14.16382002475878,0.3280964559736938,0.03725845166102881,4.292041347192202,0.27965786537746373,-0.011180138935201256,-1.2765690089913884,0.2842267643655997,-0.006611239947065306,-0.7412861284330887,0.5281275129287144,0.43751269637005147,0.33483621359456267,0.2529142463175114,0.1725061632568547,0.06767997607236953,0.00941925404823174,-0.009693856777851284,-0.036191899132752,-0.0013527425440772456,-0.032462081541512255,7.279810264440556,0.0758313569212558,True,0.2519643498563219,7.745534846290976
TimesNet__ETTh1__h192__s2021,TimesNet,ETTh1,192,3,2689,0.41837114168836,0.32465600595016736,0.9821191624788571,0.3464709812479281,0.8448660714285714,0.4983950901806433,54.30283660181555,0.4074214312760318,0.06095045002810373,6.582566359557192,0.3432317778634786,-0.003239203384449496,-0.34663595225012256,0.34641569883860635,-5.5282409321733006e-05,-0.0058053761204745575,0.36919739696312365,0.02272641571519557,2.292981444194705,0.4983950901806433,0.4201832800099804,0.3470113278768392,0.29619966403368325,0.19748711826572696,0.11043530403622698,-0.014280505057451875,0.0018304635002171499,-0.05999338157674022,0.025600676997363625,-0.000525035301982113,11.128223698222744,0.05795949842824346,True,0.3306245349702381,15.560340105223133
TimesNet__ETTh1__h336__s2021,TimesNet,ETTh1,336,3,2545,0.5320235756385069,0.28526522593320236,0.9140099414089419,0.3978087161930053,0.922562893081761,0.5247541768887557,54.07668712466477,0.46038195855343356,0.06257324236042827,6.342202236137923,0.43458140513251997,0.036772688939514686,3.6629888701669455,0.3929379809868719,-0.004870735206133403,-0.4677222155354602,0.34223171382808326,-0.055577002364922024,-4.914276944544892,0.5247541768887557,0.49405129167172146,0.4542180449246649,0.40431978203324614,0.3368690220434518,0.23012602316234687,0.09433154982876013,0.056887187820234275,-0.015545719251109258,0.07685926216410244,0.08608346000686323,25.9535948679603,0.07724284186892946,True,0.332719143081761,11.235208638291034
TimesNet__ETTh1__h720__s2021,TimesNet,ETTh1,720,4,2161,0.5326237852845904,0.058306339657565945,0.7847297661976831,0.3950158899904302,0.9050925925925926,0.5100767026021624,48.493451559254275,0.35790005047955575,-0.03711583951087444,-3.3792650677173683,0.4580788450860633,0.06306295509563309,5.474593873961028,0.35045107564191535,-0.044564814348514836,-3.4605475816417006,0.4147018030513176,0.019685913060887406,1.0812943361671392,0.5100767026021624,0.45584098819391444,0.3926521674968206,0.3132980905019061,0.2632591682846281,0.17379575867091318,0.058965988884152554,-0.01626527513553594,0.016007732056813884,0.04161236956081299,0.00867804140798667,17.052250765663356,0.02368368161897688,True,0.25017361111111114,21.998960357848404
TimesNet__ETTh2__h96__s2021,TimesNet,ETTh2,96,3,2785,0.45673249551166967,0.15834829443447038,0.9259334520069151,0.3818415530751107,0.8092672413793104,0.4274256883041997,46.4198504813834,0.5335023542194857,0.15166080114437497,16.402689021357837,0.44062842528315677,0.05878687220804607,6.330328604867374,0.39085161770174787,0.009010064626637171,0.9616827127708245,0.38333976089471655,0.0014982078196058568,0.1570297068387739,0.4274256883041997,0.34794644548759146,0.2582159801863061,0.20620309942759008,0.13711836025099977,0.07656745527941167,0.02021651381206313,0.009200976093124147,-0.03387793109013637,-0.023284579911890257,-0.021250979537348058,7.238132896653821,0.0753972176734773,True,0.33469154094827586,16.85106316963182
TimesNet__ETTh2__h192__s2021,TimesNet,ETTh2,192,3,2689,0.43138713276310897,0.17552993677947193,0.9422215514918469,0.3714198072363738,0.7659970238095238,0.39457721657315004,42.33833364579093,0.45096554335478983,0.07954573611841603,8.46034804798442,0.4064789818742769,0.03505917463790309,3.6947926420022177,0.35562675210252304,-0.015793055133850764,-1.6332871552816395,0.3470715835140998,-0.02434822372227402,-2.419300818750915,0.39457721657315004,0.33196686935461983,0.24347777190701536,0.16569321029439832,0.12502613365401155,0.08209919916181962,0.05905638323981666,0.04052865039736303,-0.030688200166912205,-0.023693578481206123,0.009360973544406959,6.036904097717631,0.03144220884227933,True,0.3346586681547619,15.189684064235065
TimesNet__ETTh2__h336__s2021,TimesNet,ETTh2,336,3,2545,0.574852652259332,0.15284872298624755,0.8734476705619705,0.42796484497126386,0.8313679245283019,0.403403079557038,41.12276947453604,0.42340511986997154,-0.004559725101292322,-0.4571714063948684,0.3899873790492217,-0.03797746592204215,-3.7421842448866696,0.435038478949751,0.007073633978487148,0.6719315508781267,0.44634276561665776,0.018377920645393897,1.6074958228162854,0.403403079557038,0.3404189536917326,0.262314572580881,0.21216128825695846,0.14973385016515373,0.08417204321019256,0.02507828279979618,-0.038225498674201386,0.06438989508989823,-0.018225543446423742,-0.015078585931158683,8.985199273865359,0.02674166450555166,True,0.3311959512578616,13.721137753720305
TimesNet__ETTh2__h720__s2021,TimesNet,ETTh2,720,3,2161,0.37251272559000465,0.34659879685330863,0.9937751567519844,0.33779479353076847,0.8393518518518519,0.5015570583210834,49.28609966145951,0.37051993942453304,0.03272514589376457,3.07964784339356,0.30982787340366463,-0.027966920127103834,-2.509451042052097,0.27550312283136713,-0.062291670699401336,-4.999645344379431,0.18862690707350901,-0.14916788645725945,-8.468767255274146,0.5015570583210834,0.4500699586693242,0.40490339840247214,0.39606493707768486,0.3559115001755252,0.2845631209830878,0.19344030422793446,0.10440884641020548,-0.039107129488773706,0.04910635868269425,-0.039641759229976925,41.377049305452616,0.05746812403535086,True,0.33488136574074073,10.470560296015597
TimesNet__ETTm1__h96__s2021,TimesNet,ETTm1,96,3,11425,0.36805251641137854,0.2778118161925602,0.9933653412717758,0.3380541309750107,0.8591561624649859,0.5211020314899752,117.74094079937335,0.4915358301903342,0.1534816992153235,34.643655377166944,0.39975388942603496,0.06169975845102427,13.912109301666849,0.355900785594492,0.017846654619481317,4.015579658529255,0.3364194783227989,-0.0016346526522117988,-0.3662427203075894,0.5211020314899752,0.4556953218832577,0.37282932931743307,0.2688478572881057,0.17329655707828062,0.10774592168890573,0.03171965654369363,-0.007700939862325895,-0.001766191141543083,0.01015442762482438,-0.0030863394165067115,8.496279802846008,0.08850291461297925,True,0.33407464548319327,12.414256233570722
TimesNet__ETTm1__h192__s2021,TimesNet,ETTm1,192,3,11329,0.36658133992408864,0.28263747903610204,0.9944280610930438,0.3373132603081067,0.8885946327683616,0.5512813724602549,124.10208868338633,0.46006559702154065,0.12275233671343394,27.57609206425864,0.40496750645419743,0.06765424614609072,15.166036302776451,0.35736733411152016,0.020054073803413452,4.476265845106114,0.34545454545454546,0.008141285146438748,1.8014823090663716,0.5512813724602549,0.4941513816977201,0.4177419273298624,0.3290589682936069,0.24520242960615124,0.1715829068159085,0.0760023189195897,0.033992873072841434,-0.0018124926751255654,0.02646597607906165,-0.017565565014559914,12.44090799047766,0.06479639578373782,True,0.332911259710452,12.65292170006179
TimesNet__ETTm1__h336__s2021,TimesNet,ETTm1,336,3,11185,0.4827894501564595,0.2396960214573089,0.9554542769462551,0.3675541493502717,0.9112124463519313,0.5436582970016597,119.24831767023724,0.4468966759751374,0.07934252662486568,17.33862839586529,0.41372424434964145,0.04617009499936975,10.051250671056376,0.3703567149045995,0.002802565554327785,0.6054500170226638,0.35622562541615144,-0.01132852393412026,-2.4091526562789385,0.5436582970016597,0.4931272420473855,0.43103273912124246,0.3482014201227533,0.2639258399057047,0.18655685217398182,0.09301594326729867,0.03644331831726921,0.0005490622884875562,0.0017890531232596651,-0.03510655560949816,14.993036119812189,0.04462213130896485,True,0.3341184951716738,14.263633600550028
TimesNet__ETTm1__h720__s2021,TimesNet,ETTm1,720,2,10801,0.556152208128877,0.44384779187112305,0.9908829404964579,0.5063061409554974,0.9478703703703704,0.44156422941487294,91.78470198895552,0.5748046323321722,0.06849849137667474,14.119790434702619,0.5526290585192989,0.04632291756380147,9.467416700499987,0.535264358694574,0.028958217739076586,5.815514951242542,0.5344514474949258,0.028145306539428372,5.44667730371873,0.44156422941487294,0.4187795151237692,0.3884794476339256,0.34433779492887207,0.2809910310426481,0.19394457870278092,0.11034655532838078,0.07300614237627434,0.04210542850870358,0.004239101536484324,0.015428542485230845,25.842741031013066,0.03589269587640704,True,0.5002314814814814,7.285168232437526
TimesNet__ETTm2__h96__s2021,TimesNet,ETTm2,96,3,11425,0.501706783369803,0.22293216630196935,0.9427971889529254,0.37723215528922804,0.8463760504201681,0.46914389513094,103.45410401499599,0.5316200333304096,0.1543878780411816,34.01082981583795,0.461633119451525,0.08440096416229698,18.5735040202805,0.4253685232588931,0.048136367969665084,10.570649286239117,0.42704531291729725,0.049813157628069205,10.892423261602108,0.46914389513094,0.403823609396056,0.32472038827088057,0.23448721056870314,0.15883586118899096,0.09516317517684764,0.06410223428915413,0.043321974125660856,0.04214290066922838,0.031179830415894283,0.011480468496946339,7.99479427856816,0.08327910706841833,True,0.3329394257703081,14.50373934472343
TimesNet__ETTm2__h192__s2021,TimesNet,ETTm2,192,3,11329,0.45096654603230646,0.28034248389089944,0.9728347690025748,0.35415757131523623,0.8522245762711864,0.4980670049559502,110.8416139367449,0.4667139437993086,0.11255637248407235,24.99668031108315,0.40042731238315676,0.04626974106792053,10.253765873647641,0.34551495016611294,-0.008642621149123286,-1.9070761469434834,0.33613522156235726,-0.018022349752878974,-3.9423733001277435,0.4980670049559502,0.4402275262392796,0.3573656074927108,0.26336738231076856,0.19326574699113702,0.13482180374008818,0.0567612036514748,0.018309172725474443,-0.014954103420356801,0.0002845105928713787,0.016924427714361034,9.218121804716477,0.04801105106623165,True,0.3324753928319209,15.024643840170382
TimesNet__ETTm2__h336__s2021,TimesNet,ETTm2,336,3,11185,0.49235583370585606,0.23915958873491283,0.9503397744970252,0.3716955442552,0.8612303290414879,0.48953478478628787,107.12809662071334,0.41942167372308803,0.04772612946788801,10.405393752187575,0.3882182082236543,0.01652266396845431,3.588665651141626,0.3898976864227118,0.01820214216751176,3.9231833865245083,0.37705697707600117,0.005361432820801149,1.1375367955068745,0.48953478478628787,0.4293417444866403,0.3440722761544235,0.25298012900238254,0.1860088160277259,0.12054869496294757,0.055873918922571764,0.03510557720631757,0.019191087641588334,0.014887422108521509,-0.024288792951194516,8.709746108331327,0.02592186341765276,True,0.333970404148784,11.727964459791309
TimesNet__ETTm2__h720__s2021,TimesNet,ETTm2,720,3,10801,0.4569947227108601,0.2658087214146838,0.9700481833005635,0.3563363835543453,0.9094444444444445,0.5531080608900991,120.02239841644605,0.42321815271631674,0.06688176916197142,14.392322846183971,0.35446796283880855,-0.0018684207155367782,-0.398644849252658,0.3573058228350362,0.0009694392806908758,0.2032417172589594,0.35615853007157355,-0.0001778534827717726,-0.035930555545470096,0.5531080608900991,0.5150405957955946,0.4560189003208052,0.3729325870747661,0.2994818825559931,0.20490421445846924,0.11344102167989145,0.0863695098214628,0.023938628299613907,0.006089508174685676,0.03918371463528342,18.92765174635878,0.026288405203276084,True,0.33361400462962965,23.141884562395724
TimesNet__Electricity__h96__s2021,TimesNet,Electricity,96,3,5165,0.4220716360116166,0.4220716360116166,0.984439778486042,0.3451587262168385,0.888845855925639,0.5436871297088005,82.17973152074785,0.5672048239642093,0.22204609774737083,33.48802198347944,0.3763924174320891,0.031233691215250603,4.699520731769223,0.272440323535214,-0.0727184026816245,-10.890003647083237,0.3577317514578725,0.012573025241033986,1.8649687796691268,0.5436871297088005,0.4931135960764018,0.4513923297800613,0.384916899146745,0.28739128349378495,0.14324961198694097,-0.0336511786771404,-0.002295911049079946,-0.02309720655906705,0.027074241760810303,0.03156187267231869,17.24210663808259,0.17960527748002697,True,0.33416440743609604,1.6680776025891302
TimesNet__Electricity__h192__s2021,TimesNet,Electricity,192,3,5069,0.8370487275596765,0.8370487275596765,0.41100963142071834,0.7268207320550676,0.9569850039463299,0.23016427189126232,36.772121873410796,0.7504481179047998,0.02362738584973223,3.7572774197201673,0.7176754474160466,-0.009145284639020979,-1.4473345679104634,0.7258560590526963,-0.0009646730023712413,-0.1511885773247239,0.7018143009605122,-0.02500643109455536,-3.841218303740191,0.23016427189126232,0.21160437155653689,0.19479822154809134,0.1645050928807159,0.12692951532272778,0.05737621056951059,-0.005741810976146455,0.0015743296733274903,-0.0012857227053896247,0.04627560325324931,0.017802259292274858,18.005119223541072,0.09377666262260975,True,0.3346364443567482,0.5087425962155061
TimesNet__Electricity__h336__s2021,TimesNet,Electricity,336,3,4925,0.9971573604060914,0.9971573604060914,0.017754265790786806,0.9943308820119046,0.9979691307879772,0.003638248776072661,3.4003858646640084,0.9942160710596984,-0.00011481095220611248,-0.10639657510523161,0.9941139373554762,-0.00021694465642840832,-0.19929312690747467,0.9938984528219655,-0.0004324291899390209,-0.3901672557992467,0.9934164119445098,-0.000914470067394757,-0.7943172133817161,0.003638248776072661,0.0024190672060520058,0.0016049033975650273,0.0007880929728422137,0.0003727236104217324,0.0011728988996017042,-9.101367205677224e-05,-0.0001678634586420591,-0.0003278835111549805,-0.0006757721093439972,-0.0015085287691463112,3.333140656492712,0.00992006147765688,True,0.33453493095044684,0.001994990436104782
TimesNet__Electricity__h720__s2021,TimesNet,Electricity,720,3,4541,0.5232327681127505,0.13124862365117815,0.8853170516500014,0.41038183947465173,0.9669603524229075,0.5565785129482557,76.23859250376172,0.583811052510892,0.17342921303624032,23.282831979510153,0.4740492705094475,0.06366743103479577,8.369083822285981,0.3556660560062811,-0.05471578346837064,-6.875774870308605,0.26088358594001937,-0.14949825353463236,-16.924175087347074,0.5565785129482557,0.5334383852444493,0.4924173670494832,0.42703267629856684,0.30718722129882897,0.12277407092676768,-0.06573140391512527,0.0022626200766738824,-0.056589540758199,0.20043970433274466,0.0943096589615155,17.835778709206352,0.02477191487389771,True,0.33671530837004404,2.0173927684344934
TimesNet__Exchange__h96__s2021,TimesNet,Exchange,96,3,1422,0.4381153305203938,0.2109704641350211,0.962418479411531,0.3595943590869618,0.8501055594651654,0.4905112003782036,38.53114883129529,0.4220314735336195,0.06243711444665767,4.864770982823168,0.37409024745269287,0.014495888365731069,1.119706482706713,0.39819004524886875,0.03859568616190695,2.928711002844559,0.32926829268292684,-0.030326066404034957,-2.216331034569585,0.4905112003782036,0.429842260631348,0.33504597941797476,0.21254142592011038,0.09488643749909792,0.02745600062526843,0.013748792606705362,0.0499883302484323,0.050354182937051906,-0.10904490853751125,-0.002810439488971861,6.648161562172443,0.06925168293929627,True,0.33176460239268124,20.978956388411138
TimesNet__Exchange__h192__s2021,TimesNet,Exchange,192,3,1326,0.40120663650075417,0.25867269984917046,0.985783006339856,0.343560396661275,0.8460377358490566,0.5024773391877816,38.514608253344015,0.3826291079812207,0.03906871131994566,2.941003749891502,0.3617886178861789,0.018228221224903862,1.3461638118774877,0.3253968253968254,-0.01816357126444962,-1.2879791555984155,0.2908704883227176,-0.05268990833855741,-3.405288874629252,0.5024773391877816,0.426832352583438,0.35689346112995035,0.239140665554203,0.13735563387307614,0.0791598506339336,-0.014717290480609435,0.003685012353750017,0.016252687450874492,-0.056091109191987565,0.057101854994354106,7.4500974936793085,0.038802591112913065,True,0.3300471698113207,12.688330130749017
TimesNet__Exchange__h336__s2021,TimesNet,Exchange,336,3,1182,0.43316412859560066,0.27834179357022,0.9803240794477054,0.34833414929526657,0.9026248941574937,0.5542907448622272,39.980854118288235,0.40710382513661203,0.05876967584134546,4.087370039126783,0.3254437869822485,-0.022890362313018053,-1.5298932770924947,0.3640661938534279,0.01573204455816135,0.9604170053881236,0.24509803921568626,-0.1032361100795803,-4.893349232481371,0.5542907448622272,0.5016658507047334,0.41991712404938536,0.3288379120335239,0.23914440988140578,0.07340498113951605,0.07563722816448298,0.08240588865539755,-0.01248101754580655,0.012859880555479708,0.03774180007182204,11.928363658731033,0.03550108231765189,True,0.33131350550381033,13.33537865462851
TimesNet__Exchange__h720__s2021,TimesNet,Exchange,720,3,798,0.4649122807017544,0.2706766917293233,0.9662560025848551,0.3593224916928914,0.9259723964868256,0.5666499047939342,33.34126248488386,0.32362459546925565,-0.03569789622363573,-1.8495876631954982,0.3493150684931507,-0.010007423199740684,-0.43651319973960034,0.6538461538461539,0.2945236621532625,5.421326369317744,,,,0.5666499047939342,0.5376624329302242,0.4945817904229776,0.44067750830710867,0.38748057736081704,0.2973354717535838,0.05075925217631844,-0.10111353646901078,-0.1858907573755482,-0.04813368050408018,,33.2854608394869,0.046229806721509586,True,0.33516311166875784,17.875404422913867
TimesNet__ILI__h24__s2021,TimesNet,ILI,24,3,170,0.4823529411764706,0.4823529411764706,0.9392143496226943,0.3766089965397924,0.8994082840236687,0.5227992874838763,14.026610227144815,0.7073170731707317,0.33070807663093926,8.74059736851333,0.5822784810126582,0.20566948447286582,5.33547135441791,0.2671232876712329,-0.10948570886855952,-2.730286690926101,0.4180327868852459,0.041423790345453515,0.9442872809196865,0.5227992874838763,0.4686290986983028,0.3944753408096052,0.2777119911145286,0.07144295151215563,-0.18095682262674892,-0.07472220408696223,-0.25756137749217334,,,,8.45077040277506,0.35211543344896085,True,0.33912721893491127,12.94714098563211
TimesNet__ILI__h36__s2021,TimesNet,ILI,36,3,158,0.5316455696202531,0.5316455696202531,0.923201310398644,0.393045986220157,0.8662420382165605,0.4731960519964035,12.139236206537742,0.5033557046979866,0.11030971847782961,2.7568131630036046,0.4142857142857143,0.021239728065557295,0.5145331889105503,0.30327868852459017,-0.08976729769556685,-2.030011462964515,0.313953488372093,-0.07909249784806399,-1.5017060841122993,0.4731960519964035,0.3954155522413814,0.3082527150785443,0.1402873471131763,0.02948922504744861,-0.09145868463285545,-0.19091832664568895,-0.15971265288682368,,,,5.376263869073793,0.1493406630298276,True,0.3411624203821656,15.60403129448399
TimesNet__ILI__h48__s2021,TimesNet,ILI,48,3,146,0.5547945205479452,0.5547945205479452,0.9062983073843344,0.4069243760555451,0.8206896551724138,0.41376527911686867,10.142059523033048,0.3880597014925373,-0.018864674563007777,-0.4445184858758495,0.38524590163934425,-0.021678474416200855,-0.48741258810465515,0.40816326530612246,0.0012388892505773574,0.024965118524148386,0.52,0.11307562394445492,1.6275791011123042,0.41376527911686867,0.32224229061112153,0.17054041267684927,-0.0011272746062697125,0.008460239329070307,-0.09113490237133459,-0.08985120532383778,-0.1847021538333229,,,,3.38800625743764,0.0705834636966175,True,0.32607758620689653,4.498920461931923
TimesNet__ILI__h60__s2021,TimesNet,ILI,60,3,134,0.7313432835820896,0.7313432835820896,0.6149888274282194,0.5927823568723547,0.8872180451127819,0.2944356882404272,6.911229935946481,0.6134453781512605,0.020663021278905847,0.45878200606762337,0.46153846153846156,-0.13124389533389313,-2.724174064354877,0.5405405405405406,-0.05224181633181413,-0.914688460743792,0.5714285714285714,-0.021353785443783302,-0.1626215008969231,0.2944356882404272,0.21024794615794828,0.11490995081995303,0.02626526217526437,0.00043798211069612236,-0.14180196471549195,-0.04992521401521188,-0.5927823568723547,,,,3.1626251840684767,0.052710419734474614,True,0.31555451127819545,2.3346833204648876
TimesNet__Weather__h96__s2021,TimesNet,Weather,96,4,10444,0.3521639218690157,0.16210264266564534,0.9447605142012786,0.2872481910416129,0.867662549075936,0.5804143580343231,131.08499172474905,0.38397312859884836,0.09672493755723544,21.82099260933994,0.32974220854174685,0.04249401750013393,9.575536422204115,0.2751256281407035,-0.012122562900909406,-2.7253660460366875,0.28989465470152165,0.0026464636599087266,0.5922054751539132,0.5804143580343231,0.5047456798643438,0.39378629171700774,0.25797986568510234,0.13450094589739742,0.03622472482469519,0.026335623987288836,0.014031374681535591,-0.0013235738449109413,0.008361957971677436,-0.001260929895116114,6.786636289188569,0.07069412801238092,True,0.25087977592645794,10.934788067239852
TimesNet__Weather__h192__s2021,TimesNet,Weather,192,3,10348,0.4115771163509857,0.24226903749516815,0.9794834206806534,0.3479124944397286,0.9116652169711027,0.5637527225313741,120.39485402224642,0.3774757281553398,0.029563233715611204,6.2991593786630125,0.3254974639094811,-0.022415030530247515,-4.7649207426908164,0.34216226860968885,-0.005750225830039757,-1.2166293662632177,0.33892011240465675,-0.008992382035071855,-1.884532608110126,0.5637527225313741,0.5079738384425447,0.42683615211866277,0.31611071639199284,0.1988354730399462,0.08103283320664595,0.0007845106166696758,0.02185267190078022,0.004941251101294009,-0.006106882402314995,-0.004819401346635499,9.794111325601538,0.05101099648750801,True,0.3318957185657678,8.42086029159992
TimesNet__Weather__h336__s2021,TimesNet,Weather,336,3,10204,0.3705409643277146,0.33330066640533124,0.9962151995384804,0.33609972015801215,0.9037537979025777,0.5676540777445656,121.38421218880363,0.32282608695652176,-0.013273633201490387,-2.8267966457135127,0.3404742925468314,0.004374572388819276,0.9277488667007289,0.335528982569923,-0.0005707375880891763,-0.12002329484533328,0.3285774234158624,-0.00752229674214977,-1.5547371540887913,0.5676540777445656,0.5115772059349109,0.4194885151361055,0.2995417078529725,0.18205889782392737,0.0816155767354208,0.008377597396228509,0.015230172656596819,-0.037748292735414635,-0.014700628123344384,-0.029128042598099313,8.77720396208217,0.02612263083953027,True,0.3335783593060864,5.781957943458056
iTransformer__ETTh1__h96__s2021,iTransformer,ETTh1,96,4,2785,0.4761220825852783,0.1170556552962298,0.8711137471896006,0.3406447079603802,0.7557471264367817,0.41510241847640145,46.21461163991073,0.44078232524447664,0.10013761728409643,11.102477083131783,0.35001826817683596,0.009373560216455745,1.0347403886167321,0.32242469319449607,-0.01822001476588414,-1.9935794781958982,0.3208638642499036,-0.019780843710476614,-2.1253746614544067,0.41510241847640145,0.2921256837032921,0.15953508348154716,0.11020152898596475,0.07791795003889751,0.02768075517074947,-0.019806780727745166,0.0010940952010800586,0.026298747951047252,-0.006724778351933247,0.003477949620539711,3.112042507748479,0.03241710945571332,True,0.24897853807471265,8.651202271837775
iTransformer__ETTh1__h192__s2021,iTransformer,ETTh1,192,3,2689,0.5496467088136854,0.27296392711045,0.9012747911253359,0.40808779650051497,0.8098958333333334,0.4018080368328184,42.38652377422602,0.4600530102234002,0.05196521372288526,5.433647584625205,0.42499035865792517,0.016902562157410206,1.751250810153632,0.36363636363636365,-0.04445143286415132,-4.519491615733409,0.39869848156182214,-0.009389314938692828,-0.9171997348610648,0.4018080368328184,0.3027421253454099,0.21090661690730628,0.12678725012387893,0.09471803963865455,0.0559694108762257,0.004102679689961253,-0.035577058507543446,0.006626547930228988,0.008999938915194738,0.0351554467427283,4.343655177936939,0.02262320405175489,True,0.3355887276785714,5.829086371989012
iTransformer__ETTh1__h336__s2021,iTransformer,ETTh1,336,3,2545,0.6357563850687623,0.16345776031434184,0.8250218700127002,0.47121957997691843,0.8490566037735849,0.3778370237966665,38.17804789949917,0.5351483136936205,0.06392873371670205,6.353346803014022,0.505258729490955,0.034039149514036526,3.3246347863695473,0.5038478949751019,0.032628314998183416,3.0721552420987033,0.5013347570742125,0.030115177097294055,2.610988527027638,0.3778370237966665,0.297164218686078,0.20213736610730038,0.14052657690128412,0.09303506612826151,0.05245730024592277,0.02616050869700337,0.0343658565146,0.041231271923474755,0.039847808119490846,-0.01559827820177051,4.641381258205354,0.013813634697039744,True,0.33300167059748426,7.585433478264043
iTransformer__ETTh1__h720__s2021,iTransformer,ETTh1,720,4,2161,0.6732993984266543,0.06894956038870893,0.6647213769997357,0.5049496554652637,0.8652777777777778,0.3603281223125141,33.49471682559888,0.5012619888944977,-0.003687666570766024,-0.32828055614159635,0.558023320377568,0.05307366491230425,4.504921326359386,0.6120749479528106,0.10712529248754687,8.13345910637495,0.46601941747572817,-0.03893023798953554,-2.09076859185167,0.3603281223125141,0.27967285495622773,0.18767899543876965,0.1323006928858742,0.10064475012914187,0.07419548309744173,0.05585148902686787,0.0026745452233737366,-0.021485088536129848,0.025674965517149873,-0.02297955871944135,4.394508388937099,0.006103483873523748,True,0.25091145833333334,10.748282894352574
iTransformer__ETTh2__h96__s2021,iTransformer,ETTh2,96,3,2785,0.5052064631956912,0.20466786355475763,0.9363091072403937,0.38129541110527343,0.7873563218390804,0.406060910733807,44.111653965579244,0.46903295907279974,0.08773754796752631,9.49174884927431,0.4008037997807819,0.01950838867550847,2.1012916779047077,0.374488657493492,-0.006806753611781402,-0.7267130743878721,0.347473968376398,-0.03382144272887544,-3.545854656012481,0.406060910733807,0.33340095971757966,0.23251257163474814,0.17289976354362824,0.11419032381708122,0.03752042616316098,0.017087536340518572,-0.016222020062744258,-0.010793236332636014,0.030495174024511018,0.05254899548189296,5.6355643838139855,0.05870379566472902,True,0.3341190732758621,9.771424886083112
iTransformer__ETTh2__h192__s2021,iTransformer,ETTh2,192,3,2689,0.5656377835626627,0.15284492376348086,0.8795050547122706,0.4225596589883637,0.8002232142857143,0.37766355529735063,39.63894910962724,0.460431654676259,0.03787199568789534,3.9400779546833364,0.4469726185885075,0.024412959600143835,2.5166574912574555,0.4116940328394073,-0.010865626148956364,-1.099174013149237,0.3865509761388286,-0.03600868284953507,-3.4998152831547977,0.37766355529735063,0.3005516175281976,0.18637888849766981,0.099260557348824,0.07164161299068611,0.015904774583333725,0.007916531487826783,-0.008658838996173146,0.018870673933954474,0.005552421856836132,0.05912202269331801,3.940874974852331,0.020525390494022556,True,0.33141508556547616,10.097341688673344
iTransformer__ETTh2__h336__s2021,iTransformer,ETTh2,336,3,2545,0.4781925343811395,0.24282907662082515,0.9581468992138442,0.365463001918319,0.8093553459119497,0.4438923439936307,46.49283453440574,0.35595286468915077,-0.009510137229168214,-0.9796984189342073,0.34539335296592344,-0.020069648952395547,-2.0319086704877485,0.32729741964689907,-0.03816558227141992,-3.7249424477209323,0.35077415910304327,-0.014688842815275716,-1.3200983515518931,0.4438923439936307,0.36399039957597906,0.24295887923083487,0.11226659997367944,0.06988693876969998,0.053956019172011316,-0.0023029857957877486,0.02096645608747333,0.0023832191389112634,0.0541139779144405,0.012577760737828292,4.471565533279227,0.013308230753807224,True,0.33560583726415094,9.155878464738977
iTransformer__ETTh2__h720__s2021,iTransformer,ETTh2,720,3,2161,0.3998149005090236,0.2586765386395187,0.9859884362490092,0.3433936034463966,0.7680555555555556,0.424661952109159,41.56440541334322,0.36597677940434126,0.02258317595794468,2.1167940249707256,0.32981676846196556,-0.013576834984431019,-1.213407683871257,0.3143650242886884,-0.02902857915770818,-2.320647164159131,0.39528432732316227,0.05189072387676569,2.934328328158288,0.424661952109159,0.348130250189546,0.24214186247849911,0.1508005442544859,0.10975324970045658,0.09296149284294114,0.04382623441721811,0.02207614569280658,-0.025283367225924114,-0.014709552506432966,-0.003903717782368421,5.015411357635635,0.006965849107827271,True,0.3335792824074074,9.585884475676206
iTransformer__ETTm1__h96__s2021,iTransformer,ETTm1,96,3,11425,0.4636323851203501,0.2785120350109409,0.9665679975283656,0.3590134422477484,0.8375350140056023,0.47852157175785387,106.61806637327079,0.45074993421629683,0.09173649196854844,20.418967858600453,0.3990507163575635,0.04003727410981511,8.902224956074122,0.3788507370465178,0.01983729479876939,4.401476828560762,0.3751446630463812,0.016131220798632828,3.563980336734259,0.47852157175785387,0.40645972592173424,0.2954826614209321,0.16940908556165862,0.11157994893465145,0.0639655799588697,0.024491530906023296,0.0009936392783204684,0.005298492571841562,-0.0009084298771812049,-0.011835286301204784,5.448824251438767,0.05675858595248715,True,0.33340719100140054,15.40702760559255
iTransformer__ETTm1__h192__s2021,iTransformer,ETTm1,192,3,11329,0.41998411157207166,0.2928766881454674,0.9851472464733518,0.34461232877089093,0.8384533898305084,0.4938410610596175,110.59851053641886,0.39402535236237923,0.0494130235914883,11.043346268383672,0.37879462298584526,0.034182294214954334,7.62315145562793,0.343359971266948,-0.0012523575039429247,-0.27809801767494824,0.3495660118775697,0.0049536831066787634,1.0904896920043377,0.4938410610596175,0.42178654118584963,0.3170212253129943,0.20171750074946942,0.11432871250905252,0.06965694625787777,0.027424954850946592,0.010623810859499205,0.0032608763225796533,0.00844304702646509,-0.0051654583196536485,6.096433833589407,0.031752259549944824,True,0.3334878177966102,11.43703832021715
iTransformer__ETTm1__h336__s2021,iTransformer,ETTm1,336,3,11185,0.4032185963343764,0.3132767098793026,0.9896207743552986,0.34110244478154117,0.8406652360515021,0.49956279126996095,111.43902368645941,0.373930276551662,0.03282783177012083,7.295782633029442,0.3607152582372697,0.019612813455728517,4.342303835403286,0.34694441884044613,0.005841974058904964,1.2835214018488916,0.33444307048416244,-0.0066593742973787284,-1.4402749047654098,0.49956279126996095,0.42470279531503397,0.311522544038779,0.1859620626891576,0.10916167913286479,0.05878996084923083,0.02019599960295665,-0.0015890143754635488,0.0061388398739625205,0.011844243122515807,-0.012099393900722344,5.624498118759258,0.016739577734402555,True,0.3337859889127325,10.886320073875298
iTransformer__ETTm1__h720__s2021,iTransformer,ETTm1,720,3,10801,0.42394222757152117,0.2644199611147116,0.9820462377329505,0.3467630535946442,0.832037037037037,0.4852739834423928,105.96125828790449,0.40664720836079465,0.059884154766150444,12.967099674625972,0.3743894263001628,0.027626372705518598,5.931207735374807,0.3361769665707767,-0.010586087023867485,-2.23324046211507,0.34045507958551435,-0.0063079740091298575,-1.2823283341981668,0.4852739834423928,0.4159001559617962,0.30888203300348493,0.18821331998082136,0.13167922735111376,0.11103247059515986,0.08259337743823275,0.05228126384187787,0.030761839719722794,-0.009218102676187612,-0.020384818962343898,5.852214887460266,0.008128076232583704,True,0.3330439814814815,15.008048883161855
iTransformer__ETTm2__h96__s2021,iTransformer,ETTm2,96,3,11425,0.4584682713347921,0.26258205689277897,0.9692293132092965,0.35695541180470103,0.7811624649859944,0.42420705318129337,94.63667063986352,0.4247872993597053,0.06783188755500424,15.117425812523523,0.37417596906038497,0.017220557255683944,3.833836175236567,0.362167887721776,0.005212475917074966,1.1580100291555597,0.3722068904121784,0.015251478607477387,3.3739007298155643,0.42420705318129337,0.34364863266697887,0.24850820784331573,0.1497451224862686,0.09295255558946147,0.033108662626967544,0.0052486195305687655,-0.0034987418923349,0.0010891758933919138,-0.007830514892761153,-0.007565930024102996,5.1644193644785075,0.05379603504665112,True,0.33428801207983194,12.467170214015184
iTransformer__ETTm2__h192__s2021,iTransformer,ETTm2,192,3,11329,0.4876864683555477,0.23152970253332156,0.9517290796617589,0.3702836532625836,0.8181497175141242,0.44786606425154063,98.71542574277605,0.3827674851520255,0.01248383188944191,2.7458825537551634,0.4201014866909997,0.049817833428416114,10.934349770081226,0.3967854898087456,0.026501836546162005,5.7918902964378995,0.39415258108725443,0.023868927824670816,5.171315570359785,0.44786606425154063,0.36945325854107136,0.2721887529184318,0.1830243583971638,0.09988341117655719,0.03938262982142099,0.002197483000177136,0.017538862584215775,-0.0007361051726351153,0.0021856080852947213,0.010987574296853542,5.820727362228137,0.030316288344938214,True,0.33306298552259883,14.03698339184924
iTransformer__ETTm2__h336__s2021,iTransformer,ETTm2,336,3,11185,0.49262405006705406,0.23379526151095217,0.9495279778193291,0.3721850720868939,0.8227825464949928,0.45059747440809894,98.5807319370059,0.4377083145662553,0.06552324247936142,14.28174051321795,0.40718888989743124,0.03500381781053735,7.600668571045363,0.4010507880910683,0.028865716004174424,6.219878412150631,0.39379815466565204,0.021613082578758158,4.584423720750761,0.45059747440809894,0.37868678698491154,0.2816920408725909,0.18726737490245926,0.12427835346597566,0.058999362594357785,0.05763239037151813,0.02783301600209953,0.026204533549486375,0.02760880030137558,0.010749678429787524,6.051239307190584,0.018009640795210072,True,0.33416040772532185,17.592813369838062
iTransformer__ETTm2__h720__s2021,iTransformer,ETTm2,720,3,10801,0.4476437366910471,0.2664568095546709,0.9741168040760794,0.35312264401377447,0.8312037037037037,0.4780810596899292,103.95362968576916,0.3991149609264664,0.045992316912691955,9.917317890102083,0.3892347476295374,0.03611210361576295,7.720582667086925,0.3750619978176768,0.02193935380390233,4.608948771345522,0.3533810490332229,0.00025840501944845995,0.052310432387251964,0.4780810596899292,0.4105591783771877,0.32604749583988857,0.21159522868149094,0.13199557573587783,0.06576490357653103,0.06431239370625907,0.015096226032135784,0.020798645696988916,0.006387512464017364,-0.01447070579141585,6.774916097816618,0.009409605691411969,True,0.33388888888888885,8.939783020915081
iTransformer__Electricity__h96__s2021,iTransformer,Electricity,96,3,5165,0.4871248789932236,0.4871248789932236,0.8746357691256562,0.41103814208561795,0.8175832687838884,0.4065451266982705,59.376860276789365,0.5012643454580821,0.09022620337246412,13.148367614951072,0.40160250146570253,-0.00943564061991542,-1.3718115428143653,0.3552969027421582,-0.05574123934345976,-8.065905307327192,0.4522421073798512,0.04120396529423326,5.905594118247528,0.4065451266982705,0.31605850714932293,0.2305041946708246,0.16836848967703477,0.11683134713559007,0.02028856744097468,-0.04444335674940936,0.0025016633541279365,-0.04110536555271921,0.07058661613488493,0.0328159994260942,5.419878834927572,0.05645707119716221,True,0.33419466498838113,1.432835595610093
iTransformer__Electricity__h192__s2021,iTransformer,Electricity,192,3,5069,0.5393568751232984,0.5393568751232984,0.8491052484452208,0.43024307562152453,0.8492501973164956,0.4190071216949711,60.24735109159631,0.47341167098187614,0.043168595360351614,6.178190247599411,0.4076010456464911,-0.02264202997503345,-3.22494891759548,0.43243797416444535,0.00219489854292082,0.3095915348506342,0.400213447171825,-0.03002962844969953,-4.151480532141063,0.4190071216949711,0.3516791663362414,0.27913500927482293,0.2301007299504968,0.16860909140796287,0.09268724004256124,-0.012660658039106931,0.014201368822919891,-0.06186576417336331,0.06152782628762621,0.02488671424250516,10.090731513630274,0.052555893300157676,True,0.3328852604577742,0.9978083311985005
iTransformer__Electricity__h336__s2021,iTransformer,Electricity,336,3,4925,0.6219289340101523,0.6219289340101523,0.8019272912506025,0.47430041485222496,0.8598700243704306,0.3855696095182056,54.183399361009116,0.4864697376575088,0.012169322805283822,1.6956584690539018,0.5398360311120454,0.0655356162598204,9.052080218096268,0.45347570276748744,-0.020824712084737518,-2.8251562041609226,0.5229249941217964,0.04862457926957142,6.350500850319654,0.3855696095182056,0.32135264222679194,0.26376095478809203,0.20111142163343698,0.1714522842718329,0.09590191500675727,0.01921943703010376,0.030390016667474873,-0.043373021406090895,-0.01157664417468135,0.04864242031824417,9.71856785040494,0.02892430907858613,True,0.3322628960194963,1.468274607822351
iTransformer__Electricity__h720__s2021,iTransformer,Electricity,720,3,4541,0.6551420391984144,0.6551420391984144,0.7940221383155341,0.49240056620826433,0.8610132158590308,0.36861264965076646,49.679626822410356,0.5540013758312313,0.06160080962296699,8.136912150156173,0.4391293948816073,-0.05327117132665704,-6.889893257740893,0.4506673645642502,-0.04173320164401412,-5.160008134419713,0.4669461464043857,-0.025454419803878636,-2.835268867597065,0.36861264965076646,0.3090975611325596,0.2726424137344291,0.2591988160992583,0.2289254006425644,0.1733789857988326,0.10710803330033514,0.058018649744602246,-0.02448924765517213,-0.05134819589304962,0.02394859500868196,27.92093849360338,0.03877908124111581,True,0.3331015969162996,1.9332270488168228
iTransformer__Exchange__h96__s2021,iTransformer,Exchange,96,3,1422,0.47187060478199716,0.20182841068917018,0.9492230488000786,0.36986890752312956,0.8557353976073188,0.4858664900841892,37.93801632064058,0.4234620886981402,0.05359318117501066,4.150723035736124,0.40975254730713245,0.03988363978400289,3.0623074051355776,0.38009049773755654,0.010221590214426979,0.7709937563073633,0.40487804878048783,0.03500914125735827,2.54328275653415,0.4858664900841892,0.39421559951912394,0.2838687511510594,0.18529375159992562,0.09172426459635835,0.01430375434737402,0.01820178467127398,-0.014382045081089367,0.0023437854442803774,0.03782340016917812,-0.005547299482928536,5.334202886683676,0.05556461340295496,True,0.3338318085855032,30.893953068907837
iTransformer__Exchange__h192__s2021,iTransformer,Exchange,192,3,1326,0.3770739064856712,0.3770739064856712,0.9956788946544338,0.33653192104083773,0.8830188679245283,0.5464869468836906,42.09830241041814,0.3974960876369327,0.06096416659609499,4.612293329081406,0.2813008130081301,-0.05523110803270764,-4.099332663746541,0.37389770723104054,0.03736578619020281,2.662916220053585,0.2770700636942675,-0.059461857346570224,-3.8622534819871754,0.5464869468836906,0.46935931762985716,0.3601397884901759,0.23175335968753863,0.08331540720343705,0.04368446226673567,0.0018199014631242183,-0.04604778080711486,0.001785835968508065,-0.05766214217105886,0.05750781405850003,6.394511346785944,0.03330474659784346,True,0.33625,11.664440558513897
iTransformer__Exchange__h336__s2021,iTransformer,Exchange,336,3,1182,0.3900169204737733,0.3900169204737733,0.9925019724763121,0.33887757994279677,0.8602878916172735,0.5214103116744767,37.856652055051605,0.3542805100182149,0.015402930075418153,1.078306325381374,0.3116370808678501,-0.02724049907494669,-1.8326168545061747,0.2801418439716312,-0.05873573597116555,-3.609318730893884,0.39019607843137255,0.05131849848857578,2.4484806034502578,0.5214103116744767,0.43400377598940665,0.30543481394514893,0.15175274373693065,0.022185884894252994,-0.03887757994279678,-0.000773823234388904,-0.03337473364298654,-0.03110220197303437,-0.0015641471069758883,0.13580596436100068,4.894132629836021,0.014565870922131014,True,0.3271327265029636,9.093211197469877
iTransformer__Exchange__h720__s2021,iTransformer,Exchange,720,3,798,0.4598997493734336,0.4598997493734336,0.9647507423378155,0.35973706195312843,0.8808030112923463,0.5210659493392178,30.65138345198278,0.3414239482200647,-0.018313113733063713,-0.9486033561654067,0.3698630136986301,0.010125951745501682,0.4415716018091416,0.3717948717948718,0.012057809841743372,0.22189318225600047,,,,0.5210659493392178,0.45307700839863035,0.34555261059095216,0.22507306462915005,0.11212994571950585,0.05018460906514832,0.061243864477389276,-0.01943855449044185,-0.02947875937010258,-0.11498181719788367,,6.523638904125552,0.009060609589063268,True,0.3354767879548306,7.205644291212766
iTransformer__ILI__h24__s2021,iTransformer,ILI,24,3,170,0.4411764705882353,0.4411764705882353,0.9769406305166093,0.35093425605536327,0.7928994082840237,0.44196515222866045,12.038549253507128,0.5,0.14906574394463673,3.9998393606519675,0.41139240506329117,0.0604581490079279,1.5923046523422117,0.273972602739726,-0.07696165331563726,-1.9484694036895307,0.27049180327868855,-0.08044245277667472,-1.8616926898992057,0.44196515222866045,0.31573241061130336,0.2574994788843958,0.1120287069075997,-0.026258931380038597,-0.01035454591043572,-0.07734935039498592,-0.1842675893886966,,,,4.760211591508642,0.19834214964619343,True,0.3322855029585799,25.7617637806202
iTransformer__ILI__h36__s2021,iTransformer,ILI,36,3,158,0.6455696202531646,0.6455696202531646,0.8102377629244664,0.4815734657907387,0.821656050955414,0.3400825851646754,8.528238432336655,0.40268456375838924,-0.07888890203234944,-1.9272327191696927,0.55,0.06842653420926137,1.6203680668684708,0.48360655737704916,0.002033091586310487,0.04494299110459214,0.45348837209302323,-0.028085093697715446,-0.5212549798677701,0.3400825851646754,0.19791371369644084,0.024920040702767765,-0.09490679912407202,0.0818068158994022,0.05810907389180098,0.02906483208160171,-0.14824013245740536,,,,2.2363068425548174,0.062119634515411595,True,0.32882165605095537,6.640065726094701
iTransformer__ILI__h48__s2021,iTransformer,ILI,48,3,146,0.5205479452054794,0.5205479452054794,0.9018241922243394,0.4017639331957215,0.8275862068965517,0.4258222737008302,10.459010666466522,0.48507462686567165,0.08331069366995014,1.9671223825929278,0.29508196721311475,-0.10668196598260676,-2.4035278351111358,0.21428571428571427,-0.18747821891000724,-3.7856641908719033,0.62,0.21823606680427848,3.1476740835777557,0.4258222737008302,0.3204582890265007,0.22499663018456023,0.1489607044854379,0.02900529757350928,-0.17369375775712503,-0.035910274659136154,-0.2906528220846104,,,,4.465880090187256,0.09303916854556783,True,0.3407327586206897,4.174696644388392
iTransformer__ILI__h60__s2021,iTransformer,ILI,60,3,134,0.5746268656716418,0.5746268656716418,0.8862066775572398,0.42203163288037426,0.849624060150376,0.4275924272700017,9.984614202610896,0.3445378151260504,-0.07749381775432385,-1.7116540847226456,0.38461538461538464,-0.03741624826498963,-0.7725958504935891,0.581081081081081,0.15904944820070677,2.770278871082817,0.42857142857142855,0.006539795691054284,0.04954543681673842,0.4275924272700017,0.2825138216650803,0.11642990558116417,-0.08076179161053298,-0.09152315830410307,-0.04948261327253112,0.006539795691054284,0.07796836711962574,,,,2.6642922357958447,0.04440487059659741,True,0.350328947368421,2.665361838248042
iTransformer__Weather__h96__s2021,iTransformer,Weather,96,4,10444,0.3682497127537342,0.13960168517809268,0.9407616084394065,0.2900161221688109,0.772096140955664,0.48208001878685314,108.5666547426736,0.32696737044145874,0.03695124827264784,8.312423462485608,0.308099268949596,0.018083146780785098,4.0632339522244845,0.28420950908388093,-0.005806613084929968,-1.301714625258556,0.2849200156067109,-0.005096106562100022,-1.1371231086830813,0.48208001878685314,0.3887810431251941,0.27099920350168716,0.15009503152992426,0.07064747583655928,0.02510105032446608,0.014993511742557142,-0.009384094251013275,-0.00998078647976497,0.020797409848909598,0.014867105007409898,4.749556777727747,0.04947454976799737,True,0.25032916786364073,11.598858754646491
iTransformer__Weather__h192__s2021,iTransformer,Weather,192,3,10348,0.3860649400850406,0.2557015848473135,0.9866088424531754,0.34276066111533554,0.8101865274958925,0.46742586638055694,100.1757736750491,0.3459223300970874,0.003161668981751853,0.6760483386753163,0.3611002731174405,0.018339612002104932,3.912345326317823,0.34472233162662463,0.001961670511289093,0.4165145228012407,0.3551786431152148,0.012417981999879257,2.61162384046808,0.46742586638055694,0.37858092017211853,0.2653213187763891,0.1522103253450126,0.06625985766128079,0.00931378634492036,-0.0031068299212476114,-0.00215400749498329,0.007615874754660523,0.0031116447000365532,-0.021546589901264346,4.854914009807003,0.02528601046774481,True,0.3336202522470281,8.831770092658559
iTransformer__Weather__h336__s2021,iTransformer,Weather,336,3,10204,0.34790278322226575,0.30625245001960016,0.9984736127507073,0.3344355124107947,0.8121140840929139,0.47767857168211914,102.27004301504145,0.32707509881422925,-0.007360413596565474,-1.569427329016284,0.33798326026305303,0.0035477478522583095,0.7533240070800739,0.3237738143494122,-0.010661698061382507,-2.244862190320814,0.35176248426353335,0.017326971852738626,3.585613071548343,0.47767857168211914,0.39944019823417687,0.2990938993539112,0.17831458566688285,0.0985248330937204,0.03963055129349158,-0.0020883723713470137,0.008061510217232282,0.021817000657158636,-0.010766507045545048,-0.012431155112319792,5.652471842039095,0.016822832863211592,True,0.3334221552484563,6.965526043196269
iTransformer__Weather__h720__s2021,iTransformer,Weather,720,4,9820,0.3303462321792261,0.19460285132382893,0.9686285986092138,0.2712696355166936,0.8061920765862104,0.5349224410695168,119.21761323946593,0.275,0.0037303644833064364,0.8237695975233892,0.27177589852008455,0.000506263003390961,0.1107484698534327,0.2665934065934066,-0.004676228923287007,-1.0033037489117183,0.2836515513126492,0.0123819157959556,2.54932867314127,0.5349224410695168,0.455456785342952,0.3472103970831434,0.21802918225746049,0.12020323270036065,0.0523919909647122,0.031210889288554478,0.034549596839889174,-0.007363320167467324,-0.018906077287213552,0.00476492564747194,6.136191245643888,0.008522487841172066,True,0.24943349628271716,6.037606777678536
