block,method,rel_gain_pct,train_time_ratio,extra_params,peak_mem_delta_mib
ETTh1|96|DLinear,fredf,1.3270829225655585,1.1474654377880182,0.0,0.05029296875
ETTh1|96|PatchTST,fredf,-3.866164530678815,0.6999085086916742,0.0,-0.08154296875
ETTh1|96|TimesNet,fredf,1.2533052254664403,1.5429314830875978,0.0,0.16845703125
ETTh1|96|iTransformer,fredf,2.5241342630083565,1.511163337250294,0.0,-0.08154296875
ETTh1|192|DLinear,fredf,0.9425802137806919,1.3577661431064574,0.0,0.25537109375
ETTh1|192|PatchTST,fredf,-5.7617296642781115,0.6642664266426642,0.0,-0.16357421875
ETTh1|192|TimesNet,fredf,10.00054460340459,0.8411796997747365,0.0,-0.10660807291651508
ETTh1|192|iTransformer,fredf,3.375489498600858,1.653674832962138,0.0,-0.16357421875
ETTh1|336|DLinear,fredf,0.425702679457067,1.2241112828438951,0.0,0.3251953125
ETTh1|336|PatchTST,fredf,-6.703681144583845,0.6471135940409684,0.0,-0.28662109375
ETTh1|336|TimesNet,fredf,7.205993140995607,1.5563957822984342,0.0,-1.0476888020830302
ETTh1|336|iTransformer,fredf,5.127772399219617,2.404421326397919,0.0,-0.28662109375
ETTh1|720|DLinear,fredf,0.5719515811119212,1.5616438356164384,0.0,0.68701171875
ETTh1|720|PatchTST,fredf,-12.260866517056455,0.6928702010968921,0.0,-0.61474609375
ETTh1|720|TimesNet,fredf,15.543294495126572,0.7380467667599742,0.0,1.87744140625
ETTh1|720|iTransformer,fredf,5.794257155819111,2.478666666666667,0.0,-0.61474609375
ETTh2|96|DLinear,fredf,11.574850508245857,1.516194331983806,0.0,0.05029296875
ETTh2|96|PatchTST,fredf,1.6679256439051011,0.9680000000000001,0.0,-0.08154296875
ETTh2|96|TimesNet,fredf,7.527124428195455,1.7263347330533896,0.0,-0.28173828125
ETTh2|96|iTransformer,fredf,2.471083006089735,1.1865284974093262,0.0,-0.08154296875
ETTh2|192|DLinear,fredf,14.451413544986238,1.3209459459459458,0.0,0.25537109375
ETTh2|192|PatchTST,fredf,-1.285137306961795,0.8272383354350566,0.0,-0.16357421875
ETTh2|192|TimesNet,fredf,7.882601924301688,0.24746782631998876,0.0,1.735188802083485
ETTh2|192|iTransformer,fredf,3.534045759437666,1.6808785529715762,0.0,-0.16357421875
ETTh2|336|DLinear,fredf,15.326024036239309,1.4971537001897535,0.0,0.3251953125
ETTh2|336|PatchTST,fredf,-0.4876368141218763,1.1256599788806758,0.0,-0.28662109375
ETTh2|336|TimesNet,fredf,8.36285341389203,0.31580255608260654,0.0,2.98160807291697
ETTh2|336|iTransformer,fredf,6.25794059606177,1.5209424083769634,0.0,-0.28662109375
ETTh2|720|DLinear,fredf,15.92924452542605,1.4058919803600658,0.0,0.68701171875
ETTh2|720|PatchTST,fredf,-0.43380588681570537,0.9283980582524272,0.0,-0.61474609375
ETTh2|720|TimesNet,fredf,2.2752551146627957,1.4449872122762148,0.0,5.56233723958303
ETTh2|720|iTransformer,fredf,5.505741580775936,2.0860215053763436,0.0,-0.61474609375
ETTm1|96|DLinear,fredf,1.0657605524483769,1.7765486725663715,0.0,0.05029296875
ETTm1|96|PatchTST,fredf,-16.673782387648085,1.4817136886102404,0.0,-0.08154296875
ETTm1|96|TimesNet,fredf,-0.6829111530766403,1.0101476014760147,0.0,-0.22265625
ETTm1|96|iTransformer,fredf,4.511969145646062,1.0325991189427313,0.0,-0.08154296875
ETTm1|192|DLinear,fredf,-0.1798382973817084,1.769857433808554,0.0,0.25537109375
ETTm1|192|PatchTST,fredf,-24.881991466268975,0.7333333333333334,0.0,-0.16357421875
ETTm1|192|TimesNet,fredf,-1.1337997527948842,1.1782846913312357,0.0,0.05517578125
ETTm1|192|iTransformer,fredf,2.008899151761527,1.7989247311827958,0.0,-0.16357421875
ETTm1|336|DLinear,fredf,0.30401487965744983,1.7183098591549295,0.0,0.3251953125
ETTm1|336|PatchTST,fredf,-23.38855277404141,0.8427672955974843,0.0,-0.28662109375
ETTm1|336|TimesNet,fredf,7.734988712738724,1.0312648117264989,0.0,-1.54443359375
ETTm1|336|iTransformer,fredf,2.117710212953212,2.549520766773163,0.0,-0.28662109375
ETTm1|720|DLinear,fredf,0.03379219075279842,1.4783549783549783,0.0,0.68701171875
ETTm1|720|PatchTST,fredf,-24.00582052719007,0.4700665188470066,0.0,-0.61474609375
ETTm1|720|TimesNet,fredf,2.1829107557970833,0.6834448950542674,0.0,10.88525390625
ETTm1|720|iTransformer,fredf,8.23267210885751,1.1994459833795013,0.0,-0.61474609375
ETTm2|96|DLinear,fredf,5.435685158000284,1.3977272727272727,0.0,0.05029296875
ETTm2|96|PatchTST,fredf,-6.1488310323256625,1.046875,0.0,-0.08154296875
ETTm2|96|TimesNet,fredf,4.935507156012416,1.1466560460770199,0.0,1.19970703125
ETTm2|96|iTransformer,fredf,1.7015560792384647,1.2821350762527233,0.0,-0.08154296875
ETTm2|192|DLinear,fredf,11.667318725185632,2.3841463414634148,0.0,0.25537109375
ETTm2|192|PatchTST,fredf,-5.264788957746433,0.8366477272727272,0.0,-0.16357421875
ETTm2|192|TimesNet,fredf,4.3956551677006175,1.0256389386293343,0.0,1.78955078125
ETTm2|192|iTransformer,fredf,7.200310399637032,1.8651685393258428,0.0,-0.16357421875
ETTm2|336|DLinear,fredf,15.80288897232549,2.131764705882353,0.0,0.3251953125
ETTm2|336|PatchTST,fredf,-3.833190341404931,0.5211952744961779,0.0,-0.28662109375
ETTm2|336|TimesNet,fredf,2.4208447687122416,0.5366040123375425,0.0,5.82861328125
ETTm2|336|iTransformer,fredf,3.3007791955705668,0.8253424657534247,0.0,-0.28662109375
ETTm2|720|DLinear,fredf,19.03294938111639,1.0576576576576577,0.0,0.68701171875
ETTm2|720|PatchTST,fredf,-3.793581691937379,0.8655555555555556,0.0,-0.61474609375
ETTm2|720|TimesNet,fredf,14.038472544328668,0.4379486644407346,0.0,-0.56005859375
ETTm2|720|iTransformer,fredf,1.0273355467354044,1.2827657378740969,0.0,-0.61474609375
Electricity|96|DLinear,fredf,1.4028290072965135,1.0499648135116115,0.0,5.9833984375
Electricity|96|PatchTST,fredf,-31.110915262429124,0.4072871572871573,0.0,-2.3583984375
Electricity|96|TimesNet,fredf,-2.615174671802877,1.0339793606846213,0.0,-4.40380859375
Electricity|96|iTransformer,fredf,-3.034546499634046,1.0240963855421688,0.0,-3.39208984375
Electricity|192|DLinear,fredf,1.679775461284327,1.033116499112951,0.0,10.49560546875
Electricity|192|PatchTST,fredf,-61.21871200955549,0.4072096128170894,0.0,-4.93310546875
Electricity|192|TimesNet,fredf,-25.17406334268108,1.0457689993984358,0.0,8.25927734375
Electricity|192|iTransformer,fredf,-2.8289623940340762,1.0188581761818651,0.0,-3.3642578125
Electricity|336|DLinear,fredf,1.2793553720325463,1.0360850222441917,0.0,18.7822265625
Electricity|336|PatchTST,fredf,-96.21880439073817,0.40918580375782876,0.0,-9.5732421875
Electricity|336|TimesNet,fredf,-24.27348945593334,0.8679405363532406,0.0,2.70166015625
Electricity|336|iTransformer,fredf,-3.7707505150997926,1.0224988032551459,0.0,-6.1123046875
Electricity|720|DLinear,fredf,0.6439123102206746,1.0349227669576897,0.0,39.423828125
Electricity|720|PatchTST,fredf,-123.35887274241915,0.4565217391304348,0.0,4.62158203125
Electricity|720|TimesNet,fredf,0.4702769746414555,1.7969186326432354,0.0,6.5341796875
Electricity|720|iTransformer,fredf,-6.706821427421526,1.0305511182108626,0.0,26.458984375
Exchange|96|DLinear,fredf,-6.3350815957239375,1.9233716475095783,0.0,0.05615234375
Exchange|96|PatchTST,fredf,-20.31071320067529,0.809421841541756,0.0,-0.09326171875
Exchange|96|TimesNet,fredf,4.296745332036946,1.1730387992070235,0.0,-1.140625
Exchange|96|iTransformer,fredf,5.403211117074877,1.2438095238095237,0.0,-0.09326171875
Exchange|192|DLinear,fredf,1.532019577263941,1.3258426966292136,0.0,0.14794921875
Exchange|192|PatchTST,fredf,-15.167341997202351,1.0327380952380956,0.0,-0.18701171875
Exchange|192|TimesNet,fredf,2.7098562786500016,0.5846229832071124,0.0,1.263509114583485
Exchange|192|iTransformer,fredf,1.3153842870462817,2.0437499999999997,0.0,-0.18701171875
Exchange|336|DLinear,fredf,6.035375233875391,1.1101694915254239,0.0,0.41650390625
Exchange|336|PatchTST,fredf,-11.719194814769805,0.98015873015873,0.0,-0.32763671875
Exchange|336|TimesNet,fredf,3.499524632740235,0.5573346174682476,0.0,0.23421223958348492
Exchange|336|iTransformer,fredf,-1.381645321212832,1.8183760683760681,0.0,-0.32763671875
Exchange|720|DLinear,fredf,24.976774330271176,1.0523560209424083,0.0,1.71044921875
Exchange|720|PatchTST,fredf,-8.666427132974942,0.7876857749469216,0.0,-0.70263671875
Exchange|720|TimesNet,fredf,-0.9726658539978745,1.1783478172853072,0.0,10.888509114583485
Exchange|720|iTransformer,fredf,-2.4460651067348307,2.089244851258581,0.0,-0.70263671875
ILI|24|DLinear,fredf,-0.11610982585394539,1.013157894736842,0.0,-0.0009765625
ILI|24|PatchTST,fredf,-2.0231299067552113,1.0205278592375366,0.0,-0.02001953125
ILI|24|TimesNet,fredf,-0.5910594978880601,0.9684848484848486,0.0,0.15966796875
ILI|24|iTransformer,fredf,-2.5126554032376904,1.0129870129870129,0.0,-0.02001953125
ILI|36|DLinear,fredf,-0.3182847400448158,1.018018018018018,0.0,0.02490234375
ILI|36|PatchTST,fredf,-1.7860071660787555,1.0088235294117645,0.0,-0.0302734375
ILI|36|TimesNet,fredf,-0.45443865158357205,0.9068923821039904,0.0,-0.0302734375
ILI|36|iTransformer,fredf,-5.865208142213218,0.8311345646437995,0.0,-0.0302734375
ILI|48|DLinear,fredf,-1.3597304128654386,1.0361990950226243,0.0,0.05029296875
ILI|48|PatchTST,fredf,-4.281261414476187,1.0088757396449706,0.0,-0.04052734375
ILI|48|TimesNet,fredf,-4.922959817001347,1.0588235294117645,0.0,0.27197265625
ILI|48|iTransformer,fredf,-4.747129976572187,0.6269841269841271,0.0,-0.04052734375
ILI|60|DLinear,fredf,-1.078719923085667,1.017857142857143,0.0,0.076171875
ILI|60|PatchTST,fredf,-5.3268425270768835,1.0058823529411764,0.0,-0.05078125
ILI|60|TimesNet,fredf,-7.524721924085955,0.9955752212389379,0.0,23.882975260416686
ILI|60|iTransformer,fredf,-3.6601768598353837,0.6037234042553191,0.0,-0.05078125
Weather|96|DLinear,fredf,0.3500063014531121,0.7546239210850803,0.0,0.14794921875
Weather|96|PatchTST,fredf,-3.0132413741685173,0.5272727272727273,0.0,-0.24560546875
Weather|96|TimesNet,fredf,2.1081171432440047,1.030368932038835,0.0,0.52001953125
Weather|96|iTransformer,fredf,1.2867920457803443,1.0399343544857766,0.0,-0.24560546875
Weather|192|DLinear,fredf,1.9303744683126207,1.6910755148741419,0.0,0.74365234375
Weather|192|PatchTST,fredf,-4.940449895398942,0.6298044504383007,0.0,-0.49169921875
Weather|192|TimesNet,fredf,0.7475941209067064,1.469122937600794,0.0,-0.73974609375
Weather|192|iTransformer,fredf,1.2233055033039586,1.4547662416514877,0.0,-0.49169921875
Weather|336|DLinear,fredf,0.9622363660354006,1.6959314775160599,0.0,1.74658203125
Weather|336|PatchTST,fredf,-3.273824134762667,0.5268729641693811,0.0,-0.86083984375
Weather|336|TimesNet,fredf,-1.743672438722653,1.2326598790964047,0.0,-6.20458984375
Weather|336|iTransformer,fredf,0.12573616991176134,1.5307108350586611,0.0,-0.86083984375
Weather|720|DLinear,fredf,0.6288436918827393,0.7047913446676971,0.0,3.77587890625
Weather|720|PatchTST,fredf,-2.58840760810914,0.46557377049180326,0.0,-1.77880859375
Weather|720|TimesNet,fredf,5.504485102284298,0.7961402731316101,0.0,22.84619140625
Weather|720|iTransformer,fredf,0.34352291375496347,0.9308026888098062,0.0,-3.40576171875
ETTh1|96|DLinear,revin,-0.670929686070992,1.1198156682027651,0.0,0.20703125
ETTh1|96|PatchTST,revin,0.3705398886145571,1.1253430924062213,0.0,0.0
ETTh1|96|TimesNet,revin,0.8407249152866633,0.9449262792714658,0.0,-1.56640625
ETTh1|96|iTransformer,revin,0.3158325843447977,1.1351351351351353,0.0,0.0
ETTh1|192|DLinear,revin,-0.37067163078691695,1.3315881326352532,0.0,0.2890625
ETTh1|336|DLinear,revin,-0.3306714129254052,1.1885625965996913,0.0,0.412109375
ETTh1|720|DLinear,revin,5.867824719140144,1.5362035225048927,0.0,0.740234375
ETTh1|720|PatchTST,revin,1.589284480655367,0.8007312614259597,0.0,0.0
ETTh1|720|TimesNet,revin,-8.607702639120065,1.5573415896174403,0.0,3.313151041666515
ETTh1|720|iTransformer,revin,-3.498189403231626,1.004,0.0,0.0
ETTh2|96|DLinear,revin,14.748851500493942,1.4757085020242917,0.0,0.20703125
ETTh2|192|DLinear,revin,20.659030245849024,1.2905405405405406,0.0,0.2890625
ETTh2|336|DLinear,revin,29.497425537548544,1.4667931688804554,0.0,0.412109375
ETTh2|720|DLinear,revin,49.2639898072219,1.281505728314239,0.0,0.740234375
ETTm1|96|DLinear,revin,-2.28170121474138,1.0530973451327432,0.0,0.20703125
ETTm1|192|DLinear,revin,-2.41563620721311,1.0448065173116088,0.0,0.2890625
ETTm1|336|DLinear,revin,-2.024175707322012,2.084507042253521,0.0,0.412109375
ETTm1|720|DLinear,revin,-2.8640685427363066,1.4545454545454546,0.0,0.740234375
ETTm2|96|DLinear,revin,5.941119368818202,0.7537878787878788,0.0,0.20703125
ETTm2|192|DLinear,revin,13.470410821844686,1.301829268292683,0.0,0.2890625
ETTm2|336|DLinear,revin,20.4064149276501,1.2494117647058824,0.0,0.412109375
ETTm2|720|DLinear,revin,26.843744336901864,1.5567567567567568,0.0,0.740234375
Electricity|96|DLinear,revin,-1.333783995880101,1.0295566502463056,0.0,7.4462890625
Electricity|192|DLinear,revin,-1.5754282230849317,1.023063276167948,0.0,4.50634765625
Electricity|336|DLinear,revin,-2.2542460136675664,1.0242214532871972,0.0,3.21044921875
Electricity|720|DLinear,revin,-4.42219781018731,1.0104096709200805,0.0,7.8623046875
Exchange|96|DLinear,revin,7.2039386216295815,1.8773946360153253,0.0,0.236328125
Exchange|192|DLinear,revin,3.5347974873160846,1.3904494382022472,0.0,0.330078125
Exchange|336|DLinear,revin,-0.34036034284744904,1.384180790960452,0.0,0.470703125
Exchange|720|DLinear,revin,-14.057734914718242,1.0209424083769634,0.0,0.845703125
ILI|24|DLinear,revin,-0.6617047178852009,0.9956140350877192,0.0,0.06884765625
ILI|36|DLinear,revin,0.0795893637839714,1.018018018018018,0.0,0.0791015625
ILI|48|DLinear,revin,2.330646783536022,1.0180995475113122,0.0,0.08935546875
ILI|60|DLinear,revin,4.253047202973417,0.9955357142857144,0.0,0.099609375
Weather|96|DLinear,revin,0.0472730141388365,1.0369913686806411,0.0,0.62109375
Weather|96|PatchTST,revin,0.008155716313870246,1.018181818181818,0.0,0.0
Weather|96|TimesNet,revin,0.08613365617037515,0.8740711974110033,0.0,0.78125
Weather|96|iTransformer,revin,-0.052233715286920966,1.025164113785558,0.0,0.0
Weather|192|DLinear,revin,-0.6172238541297944,2.05720823798627,0.0,0.8671875
Weather|336|DLinear,revin,-3.3171376824286343,2.0599571734475375,0.0,1.236328125
Weather|720|DLinear,revin,-5.450738899026792,1.0448222565687788,0.0,2.09765625
Weather|720|PatchTST,revin,-0.0016722400843634424,1.0170491803278687,0.0,0.056640625
Weather|720|TimesNet,revin,5.564650565915452,0.6098903474402693,0.0,0.08203125
Weather|720|iTransformer,revin,0.33810888817573725,0.6113088177145116,0.0,-1.001953125
ETTh1|96|DLinear,san_lite,-3.7188580570869165,1.7127496159754223,0.0,0.384765625
ETTh1|96|PatchTST,san_lite,-2.9515605574320203,1.578225068618481,0.0,0.0
ETTh1|96|TimesNet,san_lite,-4.075646677914855,3.633998265394623,0.0,0.58203125
ETTh1|96|iTransformer,san_lite,-3.6148964446134184,2.0575793184488838,0.0,0.0
ETTh1|192|DLinear,san_lite,-3.25537435324271,2.511343804537522,0.0,0.63427734375
ETTh1|192|PatchTST,san_lite,-2.4480642094854956,1.7479747974797482,0.0,0.0
ETTh1|192|TimesNet,san_lite,-6.06225990673346,0.7687735438317528,0.0,-1.0517578125
ETTh1|192|iTransformer,san_lite,-4.770460942881462,1.8340757238307348,0.0,0.0
ETTh1|336|DLinear,san_lite,-3.061178434132618,2.523956723338486,0.0,1.0087890625
ETTh1|336|PatchTST,san_lite,-1.1346076358415467,1.853817504655493,0.0,0.0
ETTh1|336|TimesNet,san_lite,-4.151212317588957,1.0230766499804735,0.0,-2.31575520833303
ETTh1|336|iTransformer,san_lite,-2.7295986454315933,2.0377113133940177,0.0,0.0
ETTh1|720|DLinear,san_lite,4.355729402770712,3.2681017612524466,0.0,2.0068359375
ETTh1|720|PatchTST,san_lite,2.6965334868648454,1.9213893967093234,0.0,0.0
ETTh1|720|TimesNet,san_lite,0.8301981071150301,0.8605621059179462,0.0,-2.626302083333485
ETTh1|720|iTransformer,san_lite,0.6051009608091394,1.4253333333333333,0.0,0.0
ETTh2|96|DLinear,san_lite,12.764314268007265,2.232793522267207,0.0,0.384765625
ETTh2|96|PatchTST,san_lite,-1.2062744536500702,1.4944000000000002,0.0,0.0
ETTh2|96|TimesNet,san_lite,2.108415583676222,2.0680263947210555,0.0,0.17740885416674246
ETTh2|96|iTransformer,san_lite,-0.37019706147928627,1.3911917098445596,0.0,0.0
ETTh2|192|DLinear,san_lite,19.72777046853295,2.4239864864864864,0.0,0.63427734375
ETTh2|192|PatchTST,san_lite,-0.6132470674218868,1.6796973518284992,0.0,0.0
ETTh2|192|TimesNet,san_lite,0.45445776426204976,0.7760845864776139,0.0,0.8128255208334849
ETTh2|192|iTransformer,san_lite,-0.22034156344830305,1.6614987080103358,0.0,0.0
ETTh2|336|DLinear,san_lite,28.827170063907058,3.096774193548387,0.0,1.0087890625
ETTh2|336|PatchTST,san_lite,0.5057203590082741,1.5036958817317847,0.0,0.0
ETTh2|336|TimesNet,san_lite,6.072410561407603,0.4506234853035606,0.0,-2.52669270833303
ETTh2|336|iTransformer,san_lite,0.5082924510510605,1.8664921465968587,0.0,0.0
ETTh2|720|DLinear,san_lite,49.133696267913905,2.8183306055646486,0.0,2.0068359375
ETTh2|720|PatchTST,san_lite,1.4228706634384856,2.0958737864077666,0.0,0.0
ETTh2|720|TimesNet,san_lite,2.68645972972039,1.2630434782608697,0.0,8.580078125
ETTh2|720|iTransformer,san_lite,-11.667693651177597,3.1021505376344085,0.0,0.0
ETTm1|96|DLinear,san_lite,-23.113321936707546,2.7986725663716814,0.0,0.384765625
ETTm1|96|PatchTST,san_lite,-14.901024116428928,2.184952978056426,0.0,0.0
ETTm1|96|TimesNet,san_lite,-4.153232878646687,1.0388191881918818,0.0,-5.654296875
ETTm1|96|iTransformer,san_lite,-5.904674900572394,1.7832599118942731,0.0,0.0
ETTm1|192|DLinear,san_lite,-20.775912153623164,3.2668024439918533,0.0,0.63427734375
ETTm1|192|PatchTST,san_lite,-13.959985811973644,1.2843971631205673,0.0,0.0
ETTm1|192|TimesNet,san_lite,0.05556545612804582,1.0367798632960834,0.0,-1.685546875
ETTm1|192|iTransformer,san_lite,-7.192737808044093,2.4086021505376345,0.0,0.0
ETTm1|336|DLinear,san_lite,-18.51514710663382,4.208920187793427,0.0,1.0087890625
ETTm1|336|PatchTST,san_lite,-13.056213914124214,1.246680642907058,0.0,0.0
ETTm1|336|TimesNet,san_lite,1.7552877898851162,0.9854823137013956,0.0,-5.53125
ETTm1|336|iTransformer,san_lite,-5.078256348833119,2.29073482428115,0.0,0.0
ETTm1|720|DLinear,san_lite,-14.42327866199774,4.456709956709957,0.0,2.0068359375
ETTm1|720|PatchTST,san_lite,-8.861091341441876,1.5003695491500368,0.0,0.0
ETTm1|720|TimesNet,san_lite,10.837965517078171,1.243820135101142,0.0,-0.529296875
ETTm1|720|iTransformer,san_lite,3.6881969301317694,1.941828254847645,0.0,0.0
ETTm2|96|DLinear,san_lite,1.8485895222882107,1.2083333333333333,0.0,0.384765625
ETTm2|96|PatchTST,san_lite,-4.480205027652497,1.5477941176470589,0.0,0.0
ETTm2|96|TimesNet,san_lite,-1.6894574353744676,0.9311295609815876,0.0,-6.85205078125
ETTm2|96|iTransformer,san_lite,-5.168927212463391,1.5250544662309369,0.0,0.0
ETTm2|192|DLinear,san_lite,11.563617777334084,4.966463414634147,0.0,0.63427734375
ETTm2|192|PatchTST,san_lite,-2.5422338333980092,1.7620738636363635,0.0,0.0
ETTm2|192|TimesNet,san_lite,-2.001689611752917,1.2870543708285855,0.0,-0.4873046875
ETTm2|192|iTransformer,san_lite,-0.6696630318578061,1.6240276577355228,0.0,0.0
ETTm2|336|DLinear,san_lite,19.110148229943036,3.828235294117647,0.0,1.0087890625
ETTm2|336|PatchTST,san_lite,-2.1051151316968517,0.8241834607366226,0.0,0.0
ETTm2|336|TimesNet,san_lite,-1.116525276532886,0.3978462025149606,0.0,-3.953125
ETTm2|336|iTransformer,san_lite,-0.8606811464517052,1.483732876712329,0.0,0.0
ETTm2|720|DLinear,san_lite,26.228407041335167,3.745945945945946,0.0,2.0068359375
ETTm2|720|PatchTST,san_lite,-2.118340199681865,1.4211111111111112,0.0,0.0
ETTm2|720|TimesNet,san_lite,11.635151792983493,0.5188908597662771,0.0,-8.40625
ETTm2|720|iTransformer,san_lite,-1.2882805156299468,1.7884416924664603,0.0,0.0
Electricity|96|DLinear,san_lite,-12.245973259326362,1.8606615059817029,0.0,13.15234375
Electricity|96|PatchTST,san_lite,-11.733886908981468,1.7445887445887447,0.0,8.94189453125
Electricity|96|TimesNet,san_lite,-2.78461803969397,2.693934054870375,0.0,-0.572265625
Electricity|96|iTransformer,san_lite,-8.866425985289329,2.0251916757940855,0.0,8.81982421875
Electricity|192|DLinear,san_lite,-9.87562068759348,2.384387936132466,0.0,16.43505859375
Electricity|192|PatchTST,san_lite,-8.6236967748718,2.1361815754339117,0.0,9.025390625
Electricity|192|TimesNet,san_lite,-4.714143608583205,1.192500501303389,0.0,0.7861328125
Electricity|192|iTransformer,san_lite,-6.716541471401218,2.0069749418754843,0.0,10.4814453125
Electricity|336|DLinear,san_lite,-10.299982408254609,2.2328225407810183,0.0,19.51416015625
Electricity|336|PatchTST,san_lite,-7.8061142867351325,1.8538622129436326,0.0,12.890625
Electricity|336|TimesNet,san_lite,-23.704238823546085,0.685455014939688,0.0,-1.1767578125
Electricity|336|iTransformer,san_lite,-6.711908037658955,2.0907132599329823,0.0,14.80810546875
Electricity|720|DLinear,san_lite,-10.953388546352777,1.8992612491605103,0.0,38.44873046875
Electricity|720|PatchTST,san_lite,-6.218828128603168,2.090320910973085,0.0,22.93994140625
Electricity|720|TimesNet,san_lite,-0.2321202876212528,1.41738083774675,0.0,16.57421875
Electricity|720|iTransformer,san_lite,-5.338523631929759,2.1467651757188495,0.0,39.8125
Exchange|96|DLinear,san_lite,-8.798810950714376,3.183908045977011,0.0,0.439453125
Exchange|96|PatchTST,san_lite,-4.211770218483315,1.5781584582441115,0.0,0.0
Exchange|96|TimesNet,san_lite,7.563668478016204,3.38232795242141,0.0,0.7054036458333712
Exchange|96|iTransformer,san_lite,-1.2179916538158704,1.2304761904761903,0.0,0.0
Exchange|192|DLinear,san_lite,-6.595692977312203,2.2837078651685396,0.0,0.724609375
Exchange|192|PatchTST,san_lite,-1.2261652287481808,2.175595238095238,0.0,0.0
Exchange|192|TimesNet,san_lite,1.8935924800970096,5.242344418834375,0.0,3.504231770833485
Exchange|192|iTransformer,san_lite,-1.3918678331654262,1.4291666666666665,0.0,0.0
Exchange|336|DLinear,san_lite,-7.098422971640758,2.497175141242938,0.0,1.15234375
Exchange|336|PatchTST,san_lite,-2.8487909194503556,1.4424603174603174,0.0,0.0
Exchange|336|TimesNet,san_lite,2.5671912101105265,0.9517095046048273,0.0,-2.076822916666515
Exchange|336|iTransformer,san_lite,-4.802452137473709,1.6773504273504274,0.0,0.0
Exchange|720|DLinear,san_lite,-15.219610071703368,4.523560209424083,0.0,2.29296875
Exchange|720|PatchTST,san_lite,-3.5498279933668115,1.6836518046709132,0.0,0.0
Exchange|720|TimesNet,san_lite,1.9972919047163824,1.501033879433752,0.0,7.200520833333485
Exchange|720|iTransformer,san_lite,-8.13845683391641,1.974828375286041,0.0,0.0
ILI|24|DLinear,san_lite,-10.18872141599666,1.4210526315789471,0.0,0.13720703125
ILI|24|PatchTST,san_lite,-14.542318181250385,1.3049853372434017,0.0,0.0
ILI|24|TimesNet,san_lite,-21.946969995963155,1.7733333333333337,0.0,48.930338541666686
ILI|24|iTransformer,san_lite,-5.054821222317234,1.3038961038961039,0.0,0.0
ILI|36|DLinear,san_lite,-15.100616503834397,1.4504504504504503,0.0,0.15234375
ILI|36|PatchTST,san_lite,-23.99946701768082,1.2735294117647056,0.0,0.0
ILI|36|TimesNet,san_lite,-29.96998633351599,1.887545344619105,0.0,47.10319010416666
ILI|36|iTransformer,san_lite,-19.409037404914034,1.2532981530343008,0.0,0.0
ILI|48|DLinear,san_lite,-12.471948578872649,1.4705882352941175,0.0,0.18359375
ILI|48|PatchTST,san_lite,-22.444954627143566,1.289940828402367,0.0,0.0
ILI|48|TimesNet,san_lite,-29.54795016862587,1.8297872340425527,0.0,-0.9322916666666572
ILI|48|iTransformer,san_lite,-15.081595155592398,1.2566137566137567,0.0,0.0
ILI|60|DLinear,san_lite,-1.5497406139662415,1.4687500000000002,0.0,0.21533203125
ILI|60|PatchTST,san_lite,-17.24780729170391,1.2794117647058822,0.0,0.0
ILI|60|TimesNet,san_lite,-29.81431764923233,1.8495575221238933,0.0,-20.50732421875
ILI|60|iTransformer,san_lite,-12.473587304640981,1.2686170212765957,0.0,0.0
Weather|96|DLinear,san_lite,-2.959682881266673,2.3933415536374847,0.0,1.154296875
Weather|96|PatchTST,san_lite,-1.085872127727032,1.420979020979021,0.0,0.0
Weather|96|TimesNet,san_lite,-3.112823092747102,1.5326343042071198,0.0,-3.21923828125
Weather|96|iTransformer,san_lite,-0.8304020724153202,1.5563457330415753,0.0,0.0
Weather|192|DLinear,san_lite,-2.568063258669789,3.892448512585812,0.0,1.90283203125
Weather|192|PatchTST,san_lite,-1.2999271767793057,1.4531355360755225,0.0,0.0
Weather|192|TimesNet,san_lite,-3.6355466380595067,1.039449199851135,0.0,-4.1875
Weather|192|iTransformer,san_lite,0.07465281681609767,1.4043715846994538,0.0,0.0
Weather|336|DLinear,san_lite,-5.158768446019354,3.892933618843683,0.0,3.02587890625
Weather|336|PatchTST,san_lite,-0.3580733865800733,2.1962540716612375,0.0,0.0
Weather|336|TimesNet,san_lite,-2.8489504024742356,1.3454700922685332,0.0,-11.607421875
Weather|336|iTransformer,san_lite,-0.3048552886112383,2.0345065562456868,0.0,0.0
Weather|720|DLinear,san_lite,-7.151409257476914,3.006182380216383,0.0,6.32861328125
Weather|720|PatchTST,san_lite,-0.05400982620901849,1.8085245901639344,0.0,0.056640625
Weather|720|TimesNet,san_lite,6.690278695513328,0.6051129761833992,0.0,16.70703125
Weather|720|iTransformer,san_lite,-0.21244770036836863,0.9774614472123369,0.0,-0.232421875
