block,n_quarters,n_arms_available,argmin_by_quarter,n_distinct_argmin,constant_argmin,whole_horizon_best,n_quarters_where_whole_best_suboptimal,per_leadtime_oracle_mse,best_fixed_arm_mse,control_mse,leadtime_oracle_gain_vs_control_pct,leadtime_oracle_gain_vs_best_fixed_pct
ETTh1|192|DLinear,4,4,q1:fredf;q2:fredf;q3:fredf;q4:fredf,1,True,fredf,0,0.4426456975845683,0.4426456975845683,0.4468576894932129,0.9425801564300045,0.0
ETTh1|192|PatchTST,4,3,q1:none;q2:none;q3:none;q4:none,1,True,none,0,0.43397149560094506,0.43397149560094506,0.43397149560094506,0.0,0.0
ETTh1|192|TimesNet,4,3,q1:fredf;q2:fredf;q3:fredf;q4:fredf,1,True,fredf,0,0.4464004494879926,0.4464004494879926,0.49600349976180425,10.00054441100365,0.0
ETTh1|192|iTransformer,4,3,q1:fredf;q2:fredf;q3:fredf;q4:fredf,1,True,fredf,0,0.43284233541254336,0.43284233541254336,0.4479632850666768,3.375488607706499,0.0
ETTh1|336|DLinear,4,4,q1:none;q2:fredf;q3:fredf;q4:fredf,2,False,fredf,1,0.4850275628852002,0.4855232106319014,0.4875989339693442,0.527353713268295,0.10208528363785338
ETTh1|336|PatchTST,4,3,q1:none;q2:none;q3:none;q4:san_lite,2,False,none,1,0.4749448569590774,0.4757374717967634,0.4757374717967634,0.16660761127191775,0.16660761127191775
ETTh1|336|TimesNet,4,3,q1:fredf;q2:fredf;q3:fredf;q4:fredf,1,True,fredf,0,0.49069086110802884,0.49069086110802884,0.5287958572068044,7.205993689143689,0.0
ETTh1|336|iTransformer,4,3,q1:fredf;q2:fredf;q3:fredf;q4:fredf,1,True,fredf,0,0.46949994178139365,0.46949994178139365,0.494876056009181,5.127771675281167,0.0
ETTh1|720|DLinear,4,4,q1:revin;q2:revin;q3:revin;q4:revin,1,True,revin,0,0.483601843914806,0.483601843914806,0.5137476507156385,5.867823776681052,0.0
ETTh1|720|PatchTST,4,4,q1:revin;q2:san_lite;q3:san_lite;q4:san_lite,2,False,san_lite,1,0.4664065376090879,0.46751151595353213,0.4804674877847965,2.926514391335161,0.23635318205809885
ETTh1|720|TimesNet,4,4,q1:fredf;q2:fredf;q3:fredf;q4:fredf,1,True,fredf,0,0.5187173865351591,0.5187173865351591,0.6141814124597361,15.543294536096916,0.0
ETTh1|720|iTransformer,4,4,q1:fredf;q2:fredf;q3:fredf;q4:fredf,1,True,fredf,0,0.4749046052620305,0.4749046052620305,0.5041142806560411,5.794256682432789,0.0
ETTh1|96|DLinear,4,4,q1:fredf;q2:fredf;q3:fredf;q4:fredf,1,True,fredf,0,0.39079915261001075,0.39079915261001075,0.3960551327840082,1.3270829586404747,0.0
ETTh1|96|PatchTST,4,4,q1:none;q2:revin;q3:revin;q4:revin,2,False,revin,1,0.3835202551100044,0.3836396597558324,0.3850664836893748,0.40154847146283407,0.031124166334624254
ETTh1|96|TimesNet,4,4,q1:fredf;q2:fredf;q3:fredf;q4:fredf,1,True,fredf,0,0.39721927676759233,0.39721927676759233,0.4022608355307825,1.2533058945541768,0.0
ETTh1|96|iTransformer,4,4,q1:fredf;q2:fredf;q3:fredf;q4:fredf,1,True,fredf,0,0.3819631181005095,0.3819631181005095,0.39185404183981604,2.5241346734276675,0.0
ETTh2|192|DLinear,4,4,q1:revin;q2:san_lite;q3:revin;q4:revin,2,False,revin,1,0.37923694404317004,0.37932015525719365,0.4780886303940888,20.676435302265027,0.02193693450515006
ETTh2|192|PatchTST,4,3,q1:none;q2:none;q3:none;q4:san_lite,2,False,none,1,0.37120836780660343,0.3715583605310513,0.3715583605310513,0.09419589534942176,0.09419589534942176
ETTh2|192|TimesNet,4,3,q1:fredf;q2:fredf;q3:fredf;q4:fredf,1,True,fredf,0,0.39759959436581693,0.39759959436581693,0.4316226957469859,7.882602494358425,0.0
ETTh2|192|iTransformer,4,3,q1:fredf;q2:fredf;q3:fredf;q4:fredf,1,True,fredf,0,0.3723404677291569,0.3723404677291569,0.38598121779122313,3.5340450346587824,0.0
ETTh2|336|DLinear,4,4,q1:revin;q2:revin;q3:revin;q4:revin,1,True,revin,0,0.4174135686011262,0.4174135686011262,0.5920543638560264,29.49742556029343,0.0
ETTh2|336|PatchTST,4,3,q1:none;q2:none;q3:san_lite;q4:san_lite,2,False,san_lite,2,0.41063340533140236,0.4129231062830452,0.4150219583665735,1.0574267088043845,0.5545102506502291
ETTh2|336|TimesNet,4,3,q1:san_lite;q2:fredf;q3:fredf;q4:fredf,2,False,fredf,1,0.4326134948138557,0.4351305550214718,0.47484079924171096,8.892939379954177,0.5784609190434582
ETTh2|336|iTransformer,4,3,q1:fredf;q2:fredf;q3:fredf;q4:fredf,1,True,fredf,0,0.41230249158794996,0.41230249158794996,0.439826576936855,6.257940468398894,0.0
ETTh2|720|DLinear,4,4,q1:revin;q2:revin;q3:revin;q4:san_lite,2,False,revin,1,0.41896476137506866,0.4199347162800226,0.8276857277772691,49.38117846973285,0.23097754659254008
ETTh2|720|PatchTST,4,3,q1:none;q2:san_lite;q3:fredf;q4:san_lite,3,False,san_lite,2,0.4195110584703633,0.4199810165171277,0.42604305710308066,1.53317804945169,0.11189983077372079
ETTh2|720|TimesNet,4,3,q1:san_lite;q2:fredf;q3:fredf;q4:none,3,False,san_lite,3,0.4557505770506232,0.4607425648126634,0.4734619330174743,3.740819426384043,1.0834657232222318
ETTh2|720|iTransformer,4,3,q1:fredf;q2:fredf;q3:fredf;q4:fredf,1,True,fredf,0,0.41831788459650954,0.41831788459650954,0.44269132635658437,5.505741881295008,0.0
ETTh2|96|DLinear,4,4,q1:revin;q2:revin;q3:san_lite;q4:revin,2,False,revin,1,0.2939434362594109,0.2942451165525622,0.3451509131015838,14.836257097515393,0.10252686490972468
ETTh2|96|PatchTST,4,3,q1:none;q2:fredf;q3:fredf;q4:fredf,2,False,fredf,1,0.2880861786368926,0.28896468878583254,0.2938661563010859,1.9668742181632246,0.30401989690547504
ETTh2|96|TimesNet,4,3,q1:fredf;q2:fredf;q3:fredf;q4:fredf,1,True,fredf,0,0.30757070640347395,0.30757070640347395,0.33260640587278106,7.527124862075881,0.0
ETTh2|96|iTransformer,4,3,q1:fredf;q2:fredf;q3:san_lite;q4:none,3,False,fredf,2,0.2942403659634888,0.29498361211078417,0.3024575899471532,2.7168185744983866,0.251961843567174
ETTm1|192|DLinear,4,4,q1:none;q2:fredf;q3:none;q4:none,2,False,none,1,0.3816109995180627,0.3818147622333828,0.3818147622333828,0.05336690339791734,0.05336690339791734
ETTm1|192|PatchTST,4,3,q1:none;q2:none;q3:none;q4:none,1,True,none,0,0.3686613634159654,0.3686613634159654,0.3686613634159654,0.0,0.0
ETTm1|192|TimesNet,4,3,q1:fredf;q2:san_lite;q3:none;q4:san_lite,3,False,san_lite,2,0.38011177088298354,0.38666620743582963,0.3868811802539549,1.749738606185967,1.6951149148284081
ETTm1|192|iTransformer,4,3,q1:fredf;q2:fredf;q3:fredf;q4:none,2,False,fredf,1,0.3777162669671543,0.3782014383656685,0.3859548827578222,2.1346059238321415,0.12828385862591007
ETTm1|336|DLinear,4,4,q1:fredf;q2:none;q3:fredf;q4:fredf,2,False,fredf,1,0.41352699767038925,0.41400443984916985,0.41526691486447537,0.418987675590276,0.11532296101813251
ETTm1|336|PatchTST,4,3,q1:none;q2:none;q3:none;q4:none,1,True,none,0,0.4008352776846068,0.4008352776846068,0.4008352776846068,0.0,0.0
ETTm1|336|TimesNet,4,3,q1:fredf;q2:fredf;q3:fredf;q4:fredf,1,True,fredf,0,0.3982594805603938,0.3982594805603938,0.4316473561567632,7.734989018267911,0.0
ETTm1|336|iTransformer,4,3,q1:fredf;q2:fredf;q3:fredf;q4:fredf,1,True,fredf,0,0.41037454205209406,0.41037454205209406,0.41925310945656297,2.117710567722999,0.0
ETTm1|720|DLinear,4,4,q1:none;q2:fredf;q3:fredf;q4:fredf,2,False,fredf,1,0.4716610608224006,0.4728173481225561,0.47297717576567455,0.2782618296841403,0.24455263850762415
ETTm1|720|PatchTST,4,3,q1:none;q2:none;q3:none;q4:none,1,True,none,0,0.46350888810775204,0.46350888810775204,0.46350888810775204,0.0,0.0
ETTm1|720|TimesNet,4,3,q1:san_lite;q2:san_lite;q3:san_lite;q4:san_lite,1,True,san_lite,0,0.46304699774932173,0.46304699774932173,0.5193320229851033,10.837965452670737,0.0
ETTm1|720|iTransformer,4,3,q1:fredf;q2:fredf;q3:fredf;q4:fredf,1,True,fredf,0,0.4783429062497292,0.4783429062497292,0.5212562211123082,8.232671980586879,0.0
ETTm1|96|DLinear,4,4,q1:none;q2:fredf;q3:fredf;q4:fredf,2,False,fredf,1,0.3414789134977254,0.34225930824851863,0.3459462662310266,1.2913429539134935,0.22801271783865376
ETTm1|96|PatchTST,4,3,q1:none;q2:none;q3:none;q4:none,1,True,none,0,0.33060462042615235,0.33060462042615235,0.33060462042615235,0.0,0.0
ETTm1|96|TimesNet,4,3,q1:none;q2:none;q3:none;q4:fredf,2,False,none,1,0.3355762451491738,0.33648195785958135,0.33648195785958135,0.26917125547204995,0.26917125547204995
ETTm1|96|iTransformer,4,3,q1:fredf;q2:fredf;q3:fredf;q4:fredf,1,True,fredf,0,0.3282522932986873,0.3282522932986873,0.3437627622457952,4.5119689072133085,0.0
ETTm2|192|DLinear,4,4,q1:revin;q2:revin;q3:revin;q4:revin,1,True,revin,0,0.24635372397367783,0.24635372397367783,0.28470460439659334,13.470411026262418,0.0
ETTm2|192|PatchTST,4,3,q1:none;q2:none;q3:none;q4:none,1,True,none,0,0.24208887582478045,0.24208887582478045,0.24208887582478045,0.0,0.0
ETTm2|192|TimesNet,4,3,q1:fredf;q2:fredf;q3:fredf;q4:fredf,1,True,fredf,0,0.252286967760192,0.252286967760192,0.26388650984614614,4.395655576602622,0.0
ETTm2|192|iTransformer,4,3,q1:fredf;q2:fredf;q3:fredf;q4:fredf,1,True,fredf,0,0.2436916098111761,0.2436916098111761,0.26259959396624605,7.200309745147715,0.0
ETTm2|336|DLinear,4,4,q1:revin;q2:revin;q3:revin;q4:revin,1,True,revin,0,0.30637751299668103,0.30637751299668103,0.38492739181394053,20.406414427172688,0.0
ETTm2|336|PatchTST,4,3,q1:none;q2:none;q3:none;q4:none,1,True,none,0,0.302981432376609,0.302981432376609,0.302981432376609,0.0,0.0
ETTm2|336|TimesNet,4,3,q1:fredf;q2:fredf;q3:fredf;q4:fredf,1,True,fredf,0,0.30964156440550994,0.30964156440550994,0.3173234760902959,2.4208456870048947,0.0
ETTm2|336|iTransformer,4,3,q1:fredf;q2:fredf;q3:fredf;q4:fredf,1,True,fredf,0,0.30530099135802286,0.30530099135802286,0.31572228948799397,3.3007799819491064,0.0
ETTm2|720|DLinear,4,4,q1:revin;q2:revin;q3:revin;q4:revin,1,True,revin,0,0.40682498876455986,0.40682498876455986,0.5561041732951169,26.84374469733328,0.0
ETTm2|720|PatchTST,4,3,q1:none;q2:none;q3:none;q4:none,1,True,none,0,0.40141385122323964,0.40141385122323964,0.40141385122323964,0.0,0.0
ETTm2|720|TimesNet,4,3,q1:fredf;q2:fredf;q3:fredf;q4:fredf,1,True,fredf,0,0.4164510762945801,0.4164510762945801,0.4844621662710437,14.038472911094816,0.0
ETTm2|720|iTransformer,4,3,q1:fredf;q2:fredf;q3:fredf;q4:none,2,False,fredf,1,0.4068171427440781,0.4070350693141717,0.41126009070126024,1.0803255792718054,0.05353999852170253
ETTm2|96|DLinear,4,4,q1:revin;q2:revin;q3:fredf;q4:fredf,2,False,revin,2,0.18134129553078998,0.18193664183866304,0.19342845833940786,6.248906139451622,0.3272272709095046
ETTm2|96|PatchTST,4,3,q1:none;q2:none;q3:none;q4:none,1,True,none,0,0.17628333627752785,0.17628333627752785,0.17628333627752785,0.0,0.0
ETTm2|96|TimesNet,4,3,q1:fredf;q2:fredf;q3:fredf;q4:fredf,1,True,fredf,0,0.1785067520324956,0.1785067520324956,0.18777437066514951,4.935507758500482,0.0
ETTm2|96|iTransformer,4,3,q1:fredf;q2:fredf;q3:fredf;q4:fredf,1,True,fredf,0,0.17726631771194598,0.17726631771194598,0.180334815907157,1.7015561747049404,0.0
Electricity|192|DLinear,4,4,q1:fredf;q2:fredf;q3:fredf;q4:fredf,1,True,fredf,0,0.19612502694787864,0.19612502694787864,0.19947577162337043,1.6797752670526425,0.0
Electricity|192|PatchTST,4,3,q1:none;q2:none;q3:none;q4:none,1,True,none,0,0.19608681911020315,0.19608681911020315,0.19608681911020315,0.0,0.0
Electricity|192|TimesNet,4,3,q1:none;q2:none;q3:none;q4:none,1,True,none,0,0.19332815253324587,0.19332815253324587,0.19332815253324587,0.0,0.0
Electricity|192|iTransformer,4,3,q1:none;q2:none;q3:none;q4:none,1,True,none,0,0.17038913240921344,0.17038913240921344,0.17038913240921344,0.0,0.0
Electricity|336|DLinear,4,4,q1:fredf;q2:fredf;q3:fredf;q4:fredf,1,True,fredf,0,0.20982115674644558,0.20982115674644558,0.21254030253820122,1.279355378383782,0.0
Electricity|336|PatchTST,4,3,q1:none;q2:none;q3:none;q4:none,1,True,none,0,0.21202127676762228,0.21202127676762228,0.21202127676762228,0.0,0.0
Electricity|336|TimesNet,4,3,q1:none;q2:none;q3:none;q4:none,1,True,none,0,0.2103006055852156,0.2103006055852156,0.2103006055852156,0.0,0.0
Electricity|336|iTransformer,4,3,q1:none;q2:none;q3:none;q4:none,1,True,none,0,0.18751243603419313,0.18751243603419313,0.18751243603419313,0.0,0.0
Electricity|720|DLinear,4,4,q1:fredf;q2:fredf;q3:fredf;q4:fredf,1,True,fredf,0,0.24622344681799524,0.24622344681799524,0.24781918566793948,0.6439125548908948,0.0
Electricity|720|PatchTST,4,3,q1:none;q2:none;q3:none;q4:none,1,True,none,0,0.25417103348086,0.25417103348086,0.25417103348086,0.0,0.0
Electricity|720|TimesNet,4,3,q1:fredf;q2:fredf;q3:fredf;q4:fredf,1,True,fredf,0,0.2955450240778592,0.2955450240778592,0.2969414724925258,0.4702773253411825,0.0
Electricity|720|iTransformer,4,3,q1:none;q2:none;q3:none;q4:none,1,True,none,0,0.224440094055458,0.224440094055458,0.224440094055458,0.0,0.0
Electricity|96|DLinear,4,4,q1:fredf;q2:fredf;q3:fredf;q4:fredf,1,True,fredf,0,0.19703924403764794,0.19703924403764794,0.1998426957814397,1.4028292266722575,0.0
Electricity|96|PatchTST,4,3,q1:none;q2:none;q3:none;q4:none,1,True,none,0,0.19236984993413794,0.19236984993413794,0.19236984993413794,0.0,0.0
Electricity|96|TimesNet,4,3,q1:none;q2:none;q3:none;q4:none,1,True,none,0,0.17837564605016717,0.17837564605016717,0.17837564605016717,0.0,0.0
Electricity|96|iTransformer,4,3,q1:none;q2:none;q3:none;q4:none,1,True,none,0,0.15797926338796092,0.15797926338796092,0.15797926338796092,0.0,0.0
Exchange|192|DLinear,4,4,q1:revin;q2:revin;q3:fredf;q4:fredf,2,False,revin,2,0.17348095897880683,0.1793815247627388,0.18595464508745804,6.707918537224276,3.2893943742179848
Exchange|192|PatchTST,4,3,q1:none;q2:none;q3:none;q4:none,1,True,none,0,0.18151714247889122,0.18151714247889122,0.18151714247889122,0.0,0.0
Exchange|192|TimesNet,4,3,q1:san_lite;q2:fredf;q3:fredf;q4:fredf,2,False,fredf,1,0.21303557819468005,0.2132246809795318,0.2191637015414305,2.796139736484599,0.08868709944037312
Exchange|192|iTransformer,4,3,q1:fredf;q2:fredf;q3:fredf;q4:fredf,1,True,fredf,0,0.18828945256844493,0.18828945256844493,0.19079919617159494,1.3153847885673884,0.0
Exchange|336|DLinear,4,4,q1:revin;q2:fredf;q3:fredf;q4:fredf,2,False,fredf,1,0.29558549763692865,0.3035589913276737,0.3230566731030524,8.503515869910753,2.6266702415472722
Exchange|336|PatchTST,4,3,q1:none;q2:none;q3:none;q4:none,1,True,none,0,0.33087964550699633,0.33087964550699633,0.33087964550699633,0.0,0.0
Exchange|336|TimesNet,4,3,q1:fredf;q2:fredf;q3:fredf;q4:san_lite,2,False,fredf,1,0.382284637111387,0.3831999737738624,0.39709645725285014,3.7300307950195997,0.23886657753676255
Exchange|336|iTransformer,4,3,q1:fredf;q2:none;q3:none;q4:none,2,False,none,1,0.33585793885193616,0.33588404043449815,0.33588404043449815,0.007771010056992985,0.007771010056992985
Exchange|720|DLinear,4,4,q1:none;q2:fredf;q3:fredf;q4:fredf,2,False,fredf,1,0.558750429154542,0.5740280872297828,0.7651338361419795,26.973504142501504,2.6614826722102904
Exchange|720|PatchTST,4,3,q1:none;q2:none;q3:none;q4:none,1,True,none,0,0.8487489593421707,0.8487489593421707,0.8487489593421707,0.0,0.0
Exchange|720|TimesNet,4,3,q1:san_lite;q2:san_lite;q3:san_lite;q4:san_lite,1,True,san_lite,0,1.0235436783503726,1.0235436783503726,1.044403465800672,1.9972920555474807,0.0
Exchange|720|iTransformer,4,3,q1:none;q2:none;q3:none;q4:none,1,True,none,0,0.8590984763366254,0.8590984763366254,0.8590984763366254,0.0,0.0
Exchange|96|DLinear,4,4,q1:revin;q2:revin;q3:revin;q4:revin,1,True,revin,0,0.08875344793919085,0.08875344793919085,0.09564355063251384,7.2039386323040935,0.0
Exchange|96|PatchTST,4,3,q1:none;q2:none;q3:none;q4:none,1,True,none,0,0.0848100982556981,0.0848100982556981,0.0848100982556981,0.0,0.0
Exchange|96|TimesNet,4,3,q1:san_lite;q2:fredf;q3:san_lite;q4:san_lite,2,False,san_lite,1,0.10867106816475963,0.10869928469091411,0.11759368046124277,7.587663096763017,0.025958336556410864
Exchange|96|iTransformer,4,3,q1:none;q2:fredf;q3:fredf;q4:fredf,2,False,fredf,1,0.09054180260787217,0.09063776547524857,0.09581484428761307,5.503366121341799,0.10587514693596847
ILI|24|DLinear,4,4,q1:san_lite;q2:revin;q3:none;q4:fredf,4,False,none,3,4.684289181332629,4.77517593198575,4.77517593198575,1.9033173216578456,1.9033173216578456
ILI|24|PatchTST,4,3,q1:none;q2:none;q3:none;q4:none,1,True,none,0,2.8792806253045877,2.8792806253045877,2.8792806253045877,0.0,0.0
ILI|24|TimesNet,4,3,q1:none;q2:none;q3:none;q4:none,1,True,none,0,2.996360074683509,2.996360074683509,2.996360074683509,0.0,0.0
ILI|24|iTransformer,4,3,q1:none;q2:none;q3:none;q4:none,1,True,none,0,2.380157567272667,2.380157567272667,2.380157567272667,0.0,0.0
ILI|36|DLinear,4,4,q1:san_lite;q2:none;q3:revin;q4:none,3,False,revin,3,4.337843032621281,4.39265986621344,4.396158766406403,1.3265156443108062,1.247918920692847
ILI|36|PatchTST,4,3,q1:none;q2:none;q3:fredf;q4:none,2,False,none,1,2.791489418269433,2.795943072089538,2.795943072089538,0.15928986053269545,0.15928986053269545
ILI|36|TimesNet,4,3,q1:none;q2:none;q3:fredf;q4:fredf,2,False,none,2,2.7376043666719267,2.7539962918717995,2.7539962918717995,0.5952050570384652,0.5952050570384652
ILI|36|iTransformer,4,3,q1:none;q2:none;q3:none;q4:san_lite,2,False,none,1,2.2061496139906023,2.2320641512273904,2.2320641512273904,1.1610122057888885,1.1610122057888885
ILI|48|DLinear,4,4,q1:revin;q2:revin;q3:revin;q4:san_lite,2,False,revin,1,3.9615742896115895,4.00135665861102,4.09683957025263,3.301698255972945,0.9942220200195879
ILI|48|PatchTST,4,3,q1:none;q2:none;q3:none;q4:none,1,True,none,0,2.7346081076095508,2.7346081076095508,2.7346081076095508,0.0,0.0
ILI|48|TimesNet,4,3,q1:none;q2:none;q3:none;q4:fredf,2,False,none,1,2.6905668503462064,2.7137871340944293,2.7137871340944293,0.8556413086530228,0.8556413086530228
ILI|48|iTransformer,4,3,q1:none;q2:none;q3:fredf;q4:san_lite,3,False,none,2,2.2561842358923654,2.2815415391353815,2.2815415391353815,1.1114109827965513,1.1114109827965513
ILI|60|DLinear,4,4,q1:revin;q2:revin;q3:san_lite;q4:san_lite,2,False,revin,2,3.895456461668071,4.000111298808496,4.177794791702636,6.758070803173648,2.6162981307944575
ILI|60|PatchTST,4,3,q1:none;q2:none;q3:none;q4:none,1,True,none,0,2.7460790350041213,2.7460790350041213,2.7460790350041213,0.0,0.0
ILI|60|TimesNet,4,3,q1:none;q2:none;q3:none;q4:none,1,True,none,0,2.7014306976003857,2.7014306976003857,2.7014306976003857,0.0,0.0
ILI|60|iTransformer,4,3,q1:none;q2:none;q3:fredf;q4:san_lite,3,False,none,2,2.318605525604895,2.340616474454365,2.340616474454365,0.9403910931029857,0.9403910931029857
Weather|192|DLinear,4,4,q1:revin;q2:fredf;q3:fredf;q4:fredf,2,False,fredf,1,0.23379239087145032,0.2343197487015336,0.23893203275102798,2.1510895045760865,0.22505906267209752
Weather|192|PatchTST,4,3,q1:none;q2:san_lite;q3:none;q4:none,2,False,none,1,0.22959453205308294,0.2297043357679237,0.2297043357679237,0.047802195145197054,0.047802195145197054
Weather|192|TimesNet,4,3,q1:fredf;q2:fredf;q3:none;q4:none,2,False,fredf,2,0.21702064305246344,0.21789424427400125,0.21953547844000482,1.145525727965032,0.40092900317241376
Weather|192|iTransformer,4,3,q1:fredf;q2:none;q3:fredf;q4:fredf,2,False,fredf,1,0.22147399719817484,0.22153003091659845,0.22427358226943886,1.2482901654911085,0.02529396045843772
Weather|336|DLinear,4,4,q1:revin;q2:fredf;q3:fredf;q4:fredf,2,False,fredf,1,0.27919274968959445,0.2798168424330163,0.2825354999234505,1.1831257434063076,0.22303616108141971
Weather|336|PatchTST,4,3,q1:none;q2:san_lite;q3:none;q4:none,2,False,none,1,0.2854909565269496,0.2855193319570526,0.2855193319570526,0.009938181736586001,0.009938181736586001
Weather|336|TimesNet,4,3,q1:fredf;q2:none;q3:none;q4:none,2,False,none,1,0.27609922792055647,0.27636305299100394,0.27636305299100394,0.09546322042406459,0.09546322042406459
Weather|336|iTransformer,4,3,q1:san_lite;q2:none;q3:none;q4:fredf,3,False,fredf,3,0.28085019928148985,0.28162136281811373,0.2819759103041061,0.3992224092484396,0.27382991435984727
Weather|720|DLinear,4,4,q1:none;q2:fredf;q3:fredf;q4:fredf,2,False,fredf,1,0.3426102711574346,0.3431844329386655,0.3453561852961049,0.7950962674422625,0.16730414497954396
Weather|720|PatchTST,4,4,q1:san_lite;q2:none;q3:san_lite;q4:none,2,False,none,2,0.3608997515279049,0.3612421172315562,0.3612421172315562,0.09477458117981813,0.09477458117981813
Weather|720|TimesNet,4,4,q1:fredf;q2:san_lite;q3:san_lite;q4:san_lite,2,False,san_lite,1,0.3518724028308886,0.35251671803012485,0.377792057725211,6.860825780825494,0.18277578517033172
Weather|720|iTransformer,4,4,q1:none;q2:fredf;q3:fredf;q4:revin,3,False,fredf,2,0.35854692923742176,0.35981718287198516,0.3610575001326506,0.6953382478708945,0.353027508143025
Weather|96|DLinear,4,4,q1:revin;q2:revin;q3:fredf;q4:fredf,2,False,fredf,2,0.1940029539759661,0.19493603163532522,0.1956207159210782,0.8269890729593126,0.47865838425636653
Weather|96|PatchTST,4,4,q1:revin;q2:revin;q3:fredf;q4:san_lite,3,False,revin,2,0.18380622745040606,0.18442918607425896,0.18444422934958865,0.3459050475216245,0.3377765944279901
Weather|96|TimesNet,4,4,q1:fredf;q2:fredf;q3:fredf;q4:fredf,1,True,fredf,0,0.16512971905505752,0.16512971905505752,0.1686858137918103,2.1081172487578965,0.0
Weather|96|iTransformer,4,4,q1:fredf;q2:san_lite;q3:fredf;q4:fredf,2,False,fredf,1,0.17107443795149538,0.17145172096062022,0.17368670747746537,1.5040123472367128,0.2200520397293077
