block,method,n_seeds_method,n_seeds_control,gain_abs,rel_gain_pct,seed_sd_method,seed_sd_control,noise_scale,gain_over_noise,within_noise
ETTh1|96|DLinear,fredf,3,3,0.005255980044709452,1.3270829225655585,0.00010416840809309526,0.0006446559069659592,0.0006530178371459336,8.048754177498628,False
ETTh1|96|PatchTST,fredf,3,3,-0.01488730384755127,-3.866164530678815,0.003373140170532091,0.0012500044263011973,0.003597302555503199,4.138463089454759,False
ETTh1|96|TimesNet,fredf,3,3,0.00504155605925255,1.2533052254664403,0.0032556597563646985,0.003399228762909759,0.004706811726828008,1.0711191251854322,False
ETTh1|96|iTransformer,fredf,3,3,0.009890922129380142,2.5241342630083565,0.0012448984285343338,0.001627825806958515,0.002049289866067608,4.82651199967132,False
ETTh1|192|DLinear,fredf,3,3,0.0042119921638256175,0.9425802137806919,0.00013095514895199203,0.002020634050552112,0.0020248731360970923,2.080126447795223,False
ETTh1|192|PatchTST,fredf,3,3,-0.025004264443648894,-5.7617296642781115,0.0024276625429544927,0.003013913483318178,0.0038700413314836043,6.460981240751595,False
ETTh1|192|TimesNet,fredf,3,3,0.04960305123862074,10.00054460340459,0.01465799186545977,0.022101192752559486,0.026520170561549424,1.8703896011339498,False
ETTh1|192|iTransformer,fredf,3,3,0.015120953723789132,3.375489498600858,0.0009201200039634487,0.002781873356660912,0.0029300921818593943,5.160572700546777,False
ETTh1|336|DLinear,fredf,3,3,0.002075721728452773,0.425702679457067,2.086225550834738e-05,0.0008545926266883192,0.0008548472327234478,2.4281785668765115,False
ETTh1|336|PatchTST,fredf,3,3,-0.0318919231417395,-6.703681144583845,0.0029037088719170248,0.004336063092063444,0.005218521663383648,6.1112945770663005,False
ETTh1|336|TimesNet,fredf,3,3,0.03810499299614456,7.205993140995607,0.021574512065249404,0.0008466359601749775,0.02159111769461353,1.7648457821917598,False
ETTh1|336|iTransformer,fredf,3,3,0.025376117889956473,5.127772399219617,0.0017501615014724815,0.006110261536744139,0.006355970526099949,3.9924851422379657,False
ETTh1|720|DLinear,fredf,3,3,0.002938387829303113,0.5719515811119212,0.00027905306981398,0.002329738997364803,0.002346391785617859,1.2523005950301551,False
ETTh1|720|PatchTST,fredf,3,3,-0.05890947685081899,-12.260866517056455,0.0031912049490767794,0.007723268102742622,0.00835659375666029,7.049460410094428,False
ETTh1|720|TimesNet,fredf,3,3,0.09546402572417734,15.543294495126572,0.026036340840728624,0.06936206343605741,0.07408769728154767,1.2885273699544941,False
ETTh1|720|iTransformer,fredf,3,3,0.02920967791468193,5.794257155819111,0.0008831978544814896,0.015274049766335559,0.01529956321973461,1.909183778331981,False
ETTh2|96|DLinear,fredf,3,3,0.039950702109615044,11.574850508245857,0.0019895677258932334,0.005157270721027527,0.005527731996568191,7.22732255008344,False
ETTh2|96|PatchTST,fredf,3,3,0.0049014689878781326,1.6679256439051011,0.002760188467264321,0.005123050515323794,0.005819302961470416,0.8422776783286146,True
ETTh2|96|TimesNet,fredf,3,3,0.02503569790679061,7.527124428195455,0.004644071399593178,0.0059697962574557705,0.007563455990488228,3.310087073723362,False
ETTh2|96|iTransformer,fredf,3,3,0.007473978106631973,2.471083006089735,0.0080994157819567,0.0041418387278542535,0.009096997529765664,0.8215873514505065,True
ETTh2|192|DLinear,fredf,3,3,0.06909056474379355,14.451413544986238,0.000776620714432618,0.004771760900856537,0.004834546703573047,14.291011956246297,False
ETTh2|192|PatchTST,fredf,3,3,-0.004775035103150249,-1.285137306961795,0.0035622575131965244,0.00365336560486706,0.005102622740625722,0.9358001455080528,True
ETTh2|192|TimesNet,fredf,3,3,0.034023098947672525,7.882601924301688,0.01572762514145046,0.012938849691044373,0.020365952565922954,1.670587164412884,False
ETTh2|192|iTransformer,fredf,3,3,0.013640752899532538,3.534045759437666,0.0023314327826417874,0.0038385378812357636,0.004491096957944548,3.037287555193539,False
ETTh2|336|DLinear,fredf,3,3,0.09073839412924223,15.326024036239309,0.002111252937495198,0.010804435214843701,0.011008778736891607,8.242366959848876,False
ETTh2|336|PatchTST,fredf,3,3,-0.002023799849284913,-0.4876368141218763,0.0008171293591531607,0.001257388960322904,0.0014995757357105937,1.349581619047676,False
ETTh2|336|TimesNet,fredf,3,3,0.039710239847681184,8.36285341389203,0.0165191649527846,0.0019943832074453575,0.01663912182524808,2.386558633606802,False
ETTh2|336|iTransformer,fredf,3,3,0.02752408596614403,6.25794059606177,0.004541454969231048,0.010918314119169718,0.011825159467948591,2.3275868744727264,False
ETTh2|720|DLinear,fredf,3,3,0.13184408359053068,15.92924452542605,0.0040670479207460895,0.014244111571218996,0.014813358607789793,8.90035049318247,False
ETTh2|720|PatchTST,fredf,3,3,-0.0018481998654639176,-0.43380588681570537,0.0006159180413340016,0.002014030620168335,0.00210610407449783,0.8775444138032894,True
ETTh2|720|TimesNet,fredf,3,3,0.010772466827781324,2.2752551146627957,0.030448765183116833,0.009625432750549466,0.03193393581774627,0.33733602050376976,True
ETTh2|720|iTransformer,fredf,3,3,0.024373440539944724,5.505741580775936,0.0008706446604166914,0.01945135627534211,0.0194708315969042,1.2517924783356467,False
ETTm1|96|DLinear,fredf,1,1,0.0036869588543677057,1.0657605524483769,,,,,
ETTm1|96|PatchTST,fredf,1,1,-0.055124295090491215,-16.673782387648085,,,,,
ETTm1|96|TimesNet,fredf,1,1,-0.0022978728187945108,-0.6829111530766403,,,,,
ETTm1|96|iTransformer,fredf,1,1,0.015510469821513828,4.511969145646062,,,,,
ETTm1|192|DLinear,fredf,1,1,-0.0006866491671336794,-0.1798382973817084,,,,,
ETTm1|192|PatchTST,fredf,1,1,-0.09173028906189928,-24.881991466268975,,,,,
ETTm1|192|TimesNet,fredf,1,1,-0.004386457848479519,-1.1337997527948842,,,,,
ETTm1|192|iTransformer,fredf,1,1,0.007753444401216891,2.008899151761527,,,,,
ETTm1|336|DLinear,fredf,1,1,0.0012624732080017131,0.30401487965744983,,,,,
ETTm1|336|PatchTST,fredf,1,1,-0.093749570577281,-23.38855277404141,,,,,
ETTm1|336|TimesNet,fredf,1,1,0.03338787413914701,7.734988712738724,,,,,
ETTm1|336|iTransformer,fredf,1,1,0.00887856588052488,2.117710212953212,,,,,
ETTm1|720|DLinear,fredf,1,1,0.0001598293499932013,0.03379219075279842,,,,,
ETTm1|720|PatchTST,fredf,1,1,-0.11126911158514491,-24.00582052719007,,,,,
ETTm1|720|TimesNet,fredf,1,1,0.011336554570369306,2.1829107557970833,,,,,
ETTm1|720|iTransformer,fredf,1,1,0.04291331551177052,8.23267210885751,,,,,
ETTm2|96|DLinear,fredf,1,1,0.010514161975554992,5.435685158000284,,,,,
ETTm2|96|PatchTST,fredf,1,1,-0.01083936444344441,-6.1488310323256625,,,,,
ETTm2|96|TimesNet,fredf,1,1,0.009267617426676783,4.935507156012416,,,,,
ETTm2|96|iTransformer,fredf,1,1,0.0030684980029946074,1.7015560792384647,,,,,
ETTm2|192|DLinear,fredf,1,1,0.033217393598699296,11.667318725185632,,,,,
ETTm2|192|PatchTST,fredf,1,1,-0.012745468344574379,-5.264788957746433,,,,,
ETTm2|192|TimesNet,fredf,1,1,0.011599540997061786,4.3956551677006175,,,,,
ETTm2|192|iTransformer,fredf,1,1,0.018907985883114486,7.200310399637032,,,,,
ETTm2|336|DLinear,fredf,1,1,0.06082964868186408,15.80288897232549,,,,,
ETTm2|336|PatchTST,fredf,1,1,-0.011613854925788702,-3.833190341404931,,,,,
ETTm2|336|TimesNet,fredf,1,1,0.007681908710915841,2.4208447687122416,,,,,
ETTm2|336|iTransformer,fredf,1,1,0.010421295554400467,3.3007791955705668,,,,,
ETTm2|720|DLinear,fredf,1,1,0.10584302533543799,19.03294938111639,,,,,
ETTm2|720|PatchTST,fredf,1,1,-0.015227962345353507,-3.793581691937379,,,,,
ETTm2|720|TimesNet,fredf,1,1,0.06801108820577972,14.038472544328668,,,,,
ETTm2|720|iTransformer,fredf,1,1,0.004225021117141792,1.0273355467354044,,,,,
Electricity|96|DLinear,fredf,1,1,0.002803451296759407,1.4028290072965135,,,,,
Electricity|96|PatchTST,fredf,1,1,-0.05984802098533787,-31.110915262429124,,,,,
Electricity|96|TimesNet,fredf,1,1,-0.004664834691769482,-2.615174671802877,,,,,
Electricity|96|iTransformer,fredf,1,1,-0.004793954210519091,-3.034546499634046,,,,,
Electricity|192|DLinear,fredf,1,1,0.003350745075603595,1.679775461284327,,,,,
Electricity|192|PatchTST,fredf,1,1,-0.12004182537465014,-61.21871200955549,,,,,
Electricity|192|TimesNet,fredf,1,1,-0.0486685516246034,-25.17406334268108,,,,,
Electricity|192|iTransformer,fredf,1,1,-0.004820244477577201,-2.8289623940340762,,,,,
Electricity|336|DLinear,fredf,1,1,0.002719145773514814,1.2793553720325463,,,,,
Electricity|336|PatchTST,fredf,1,1,-0.20400433719508143,-96.21880439073817,,,,,
Electricity|336|TimesNet,fredf,1,1,-0.05104729505857411,-24.27348945593334,,,,,
Electricity|336|iTransformer,fredf,1,1,-0.007070626123183987,-3.7707505150997926,,,,,
Electricity|720|DLinear,fredf,1,1,0.001595738240445177,0.6439123102206746,,,,,
Electricity|720|PatchTST,fredf,1,1,-0.31354252301384816,-123.35887274241915,,,,,
Electricity|720|TimesNet,fredf,1,1,0.0013964473735663119,0.4702769746414555,,,,,
Electricity|720|iTransformer,fredf,1,1,-0.01505279631680101,-6.706821427421526,,,,,
Exchange|96|DLinear,fredf,3,3,-0.00605909692848039,-6.3350815957239375,0.000535115545496211,0.0028357124100209696,0.0028857604750530913,2.099653446937212,False
Exchange|96|PatchTST,fredf,3,3,-0.017225535870865172,-20.31071320067529,0.002126057442679365,0.0007906646555516657,0.0022683189473949547,7.593965518230052,False
Exchange|96|TimesNet,fredf,3,3,0.005052700995057571,4.296745332036946,0.006703968597148354,0.006673664192322252,0.009459439132603767,0.5341438244094696,True
Exchange|96|iTransformer,fredf,3,3,0.005177078311900493,5.403211117074877,0.004279262867574825,0.004677498274737927,0.00633964358619481,0.8166197738898262,True
Exchange|192|DLinear,fredf,3,3,0.002848861563918892,1.532019577263941,0.0010595117564024357,0.0007792291456925711,0.001315204631778549,2.166097575300036,False
Exchange|192|PatchTST,fredf,3,3,-0.02753132580711906,-15.167341997202351,0.00264544109753568,0.00514528265341089,0.005785524365519671,4.758656963092078,False
Exchange|192|TimesNet,fredf,3,3,0.005939021309516457,2.7098562786500016,0.004669475125545303,0.008956234304507683,0.01010040251006496,0.5879984786347153,True
Exchange|192|iTransformer,fredf,3,3,0.002509742640601942,1.3153842870462817,0.0008019484096020754,0.003469011595120221,0.003560500343876102,0.7048848190447684,True
Exchange|336|DLinear,fredf,3,3,0.019497682446774967,6.035375233875391,0.0005651558302641564,0.003735279143548071,0.0037777918673091004,5.161131987046987,False
Exchange|336|PatchTST,fredf,3,3,-0.03877643028568484,-11.719194814769805,0.0015592239458067185,0.0019521633602798568,0.0024984237227492485,15.520357869086961,False
Exchange|336|TimesNet,fredf,3,3,0.013896488469091306,3.499524632740235,0.0029230239406511692,0.010516680227819184,0.010915339297146144,1.273115575319275,False
Exchange|336|iTransformer,fredf,3,3,-0.004640726143727347,-1.381645321212832,0.010026458535476679,0.0034864945859560425,0.01061534338877146,0.43717155194773494,True
Exchange|720|DLinear,fredf,3,3,0.191105751711092,24.976774330271176,0.01055898343439632,0.014817027965381641,0.01819440707730696,10.503543803273994,False
Exchange|720|PatchTST,fredf,3,3,-0.0735562100645496,-8.666427132974942,0.0012230247733596275,0.008549656787120231,0.008636690383115653,8.516712629683788,False
Exchange|720|TimesNet,fredf,3,3,-0.010158555885880771,-0.9726658539978745,0.004012972703545569,0.05489756570705826,0.05504404300630706,0.18455322921531733,True
Exchange|720|iTransformer,fredf,3,3,-0.021014107987706532,-2.4460651067348307,0.004754090508965509,0.02157304128221654,0.022090665149145126,0.951266421623332,True
ILI|24|DLinear,fredf,3,3,-0.005544448410875091,-0.11610982585394539,0.009547052899481606,0.0069022861784500174,0.011780822278377782,0.47063339721635805,True
ILI|24|PatchTST,fredf,3,3,-0.058251588395775045,-2.0231299067552113,0.04473216408442826,0.03471941099723866,0.05662511813384048,1.028723476710286,False
ILI|24|TimesNet,fredf,3,3,-0.017710270957341123,-0.5910594978880601,0.13090495576273586,0.24412491701833483,0.27700736913023216,0.06393429536892509,True
ILI|24|iTransformer,fredf,3,3,-0.05980515822865584,-2.5126554032376904,0.06437633975594757,0.08588318295067579,0.1073323540881893,0.5571959986968805,True
ILI|36|DLinear,fredf,3,3,-0.013992302416636626,-0.3182847400448158,0.01773991404084861,0.01573011257802947,0.023709512687825927,0.5901556308165382,True
ILI|36|PatchTST,fredf,3,3,-0.049935742828469465,-1.7860071660787555,0.05424818432132738,0.05149081477893291,0.07479418098193927,0.6676420835536333,True
ILI|36|TimesNet,fredf,3,3,-0.012515223838249767,-0.45443865158357205,0.2111347359342223,0.22180234093326898,0.3062256605209496,0.04086928514403048,True
ILI|36|iTransformer,fredf,3,3,-0.13091520636856657,-5.865208142213218,0.09840127478342332,0.03688803779278984,0.10508824011850743,1.2457645710018002,False
ILI|48|DLinear,fredf,3,3,-0.05570597357271989,-1.3597304128654386,0.02761488896572669,0.023970354040905528,0.03656719794345432,1.5233864421020396,False
ILI|48|PatchTST,fredf,3,3,-0.11707572165611735,-4.281261414476187,0.041518888151569865,0.02512246607325402,0.048527892751945946,2.412544930697051,False
ILI|48|TimesNet,fredf,3,3,-0.1335986511270284,-4.922959817001347,0.1527171058857534,0.1748909950964607,0.2321839240687233,0.5754000913839539,True
ILI|48|iTransformer,fredf,3,3,-0.10830774077075134,-4.747129976572187,0.0714980915029276,0.006504614576161783,0.07179336389489926,1.5086037886357673,False
ILI|60|DLinear,fredf,3,3,-0.045066705164653165,-1.078719923085667,0.05499560656560626,0.05351429540274274,0.07673523671671945,0.5873013115346761,True
ILI|60|PatchTST,fredf,3,3,-0.14627930497253283,-5.3268425270768835,0.05267563569161837,0.037076478913883146,0.06441574251817424,2.27086266887728,False
ILI|60|TimesNet,fredf,3,3,-0.20327514561678228,-7.524721924085955,0.08028277027570015,0.0868764827807428,0.11829136259040024,1.71842762789579,False
ILI|60|iTransformer,fredf,3,3,-0.08567070363398788,-3.6601768598353837,0.016683222692710886,0.017966806395103077,0.024518076014518355,3.4941854158237398,False
Weather|96|DLinear,fredf,1,1,0.0006846848323124877,0.3500063014531121,,,,,
Weather|96|PatchTST,fredf,1,1,-0.005557749792066108,-3.0132413741685173,,,,,
Weather|96|TimesNet,fredf,1,1,0.003556094560060119,2.1081171432440047,,,,,
Weather|96|iTransformer,fredf,1,1,0.002234986724819199,1.2867920457803443,,,,,
Weather|192|DLinear,fredf,1,1,0.004612282935854195,1.9303744683126207,,,,,
Weather|192|PatchTST,fredf,1,1,-0.011348427579956799,-4.940449895398942,,,,,
Weather|192|TimesNet,fredf,1,1,0.001641234317261181,0.7475941209067064,,,,,
Weather|192|iTransformer,fredf,1,1,0.002743551064790989,1.2233055033039586,,,,,
Weather|336|DLinear,fredf,1,1,0.002718659336080287,0.9622363660354006,,,,,
Weather|336|PatchTST,fredf,1,1,-0.009347400856138277,-3.273824134762667,,,,,
Weather|336|TimesNet,fredf,1,1,-0.004818866363973384,-1.743672438722653,,,,,
Weather|336|iTransformer,fredf,1,1,0.0003545457101721272,0.12573616991176134,,,,,
Weather|720|DLinear,fredf,1,1,0.0021717505763885203,0.6288436918827393,,,,,
Weather|720|PatchTST,fredf,1,1,-0.009350418509948166,-2.58840760810914,,,,,
Weather|720|TimesNet,fredf,1,1,0.020795507624130904,5.504485102284298,,,,,
Weather|720|iTransformer,fredf,1,1,0.001240315247453494,0.34352291375496347,,,,,
ETTh1|96|DLinear,revin,3,3,-0.002657251465925714,-0.670929686070992,0.00031149344381565765,0.0006446559069659592,0.0007159674601029308,3.7114137359590273,False
ETTh1|96|PatchTST,revin,1,3,0.0014268249231685348,0.3705398886145571,,0.0012500044263011973,,,
ETTh1|96|TimesNet,revin,1,3,0.003381907060389544,0.8407249152866633,,0.003399228762909759,,,
ETTh1|96|iTransformer,revin,1,3,0.001237602746991806,0.3158325843447977,,0.001627825806958515,,,
ETTh1|192|DLinear,revin,3,3,-0.0016563746845106309,-0.37067163078691695,8.400029161576518e-05,0.002020634050552112,0.002022379295592735,0.8190227659669386,True
ETTh1|336|DLinear,revin,3,3,-0.0016123502855627803,-0.3306714129254052,1.1166456578888723e-05,0.0008545926266883192,0.0008546655763177602,1.8865277018754254,False
ETTh1|720|DLinear,revin,3,3,0.03014581182848658,5.867824719140144,0.00030918745061670936,0.002329738997364803,0.0023501660952922492,12.827098428861417,False
ETTh1|720|PatchTST,revin,1,3,0.007635995155178488,1.589284480655367,,0.007723268102742622,,,
ETTh1|720|TimesNet,revin,1,3,-0.05286690967765362,-8.607702639120065,,0.06936206343605741,,,
ETTh1|720|iTransformer,revin,1,3,-0.01763487242714623,-3.498189403231626,,0.015274049766335559,,,
ETTh2|96|DLinear,revin,3,3,0.050905795486120564,14.748851500493942,0.00023152810374035848,0.005157270721027527,0.005162465162380217,9.86075331937927,False
ETTh2|192|DLinear,revin,3,3,0.09876847426043128,20.659030245849024,0.00010572839928442195,0.004771760900856537,0.004772932074664214,20.693459013321462,False
ETTh2|336|DLinear,revin,3,3,0.17464079515308034,29.497425537548544,1.6061488236234774e-05,0.010804435214843701,0.010804447153055034,16.16378817713958,False
ETTh2|720|DLinear,revin,3,3,0.407751012910808,49.2639898072219,4.408081642083555e-05,0.014244111571218996,0.014244179778832869,28.625797992014537,False
ETTm1|96|DLinear,revin,1,1,-0.007893460193648671,-2.28170121474138,,,,,
ETTm1|192|DLinear,revin,1,1,-0.009223255635368077,-2.41563620721311,,,,,
ETTm1|336|DLinear,revin,1,1,-0.008405731988057108,-2.024175707322012,,,,,
ETTm1|720|DLinear,revin,1,1,-0.013546390551302467,-2.8640685427363066,,,,,
ETTm2|96|DLinear,revin,1,1,0.011491815575065789,5.941119368818202,,,,,
ETTm2|192|DLinear,revin,1,1,0.03835087981607138,13.470410821844686,,,,,
ETTm2|336|DLinear,revin,1,1,0.07854988116914141,20.4064149276501,,,,,
ETTm2|720|DLinear,revin,1,1,0.1492791818575241,26.843744336901864,,,,,
Electricity|96|DLinear,revin,1,1,-0.0026654698850668013,-1.333783995880101,,,,,
Electricity|192|DLinear,revin,1,1,-0.003142597616250825,-1.5754282230849317,,,,,
Electricity|336|DLinear,revin,1,1,-0.004791181289049096,-2.2542460136675664,,,,,
Electricity|720|DLinear,revin,1,1,-0.010959054580134409,-4.42219781018731,,,,,
Exchange|96|DLinear,revin,3,3,0.006890102631786077,7.2039386216295815,0.00027396226202358647,0.0028357124100209696,0.0028489156171006566,2.4185000743539535,False
Exchange|192|DLinear,revin,3,3,0.006573120113671338,3.5347974873160846,3.485973873972637e-05,0.0007792291456925711,0.0007800085018009586,8.426985216820952,False
Exchange|336|DLinear,revin,3,3,-0.001099556800556012,-0.34036034284744904,3.5431418664594053e-06,0.003735279143548071,0.0037352808239916177,0.2943705848014386,True
Exchange|720|DLinear,revin,3,3,-0.1075604865027151,-14.057734914718242,0.000464233758692376,0.014817027965381641,0.014824298658270861,7.255688041788359,False
ILI|24|DLinear,revin,3,3,-0.03159756415587189,-0.6617047178852009,0.015801486878396748,0.0069022861784500174,0.017243217276870542,1.8324633766725063,False
ILI|36|DLinear,revin,3,3,0.0034988747718669444,0.0795893637839714,0.02598201358285329,0.01573011257802947,0.030372709321643564,0.1151979803584282,True
ILI|48|DLinear,revin,3,3,0.09548285961876957,2.330646783536022,0.006809086076259978,0.023970354040905528,0.024918698321547084,3.8317755761827246,False
ILI|60|DLinear,revin,3,3,0.1776835861151831,4.253047202973417,0.02509469333751963,0.05351429540274274,0.05910603561529199,3.006183450903152,False
Weather|96|DLinear,revin,1,1,9.247580864737981e-05,0.0472730141388365,,,,,
Weather|96|PatchTST,revin,1,1,1.5042747997601191e-05,0.008155716313870246,,,,,
Weather|96|TimesNet,revin,1,1,0.00014529525891252004,0.08613365617037515,,,,,
Weather|96|iTransformer,revin,1,1,-9.072301980500574e-05,-0.052233715286920966,,,,,
Weather|192|DLinear,revin,1,1,-0.0014747454945845118,-0.6172238541297944,,,,,
Weather|336|DLinear,revin,1,1,-0.009372091564731566,-3.3171376824286343,,,,,
Weather|720|DLinear,revin,1,1,-0.018824463850886708,-5.450738899026792,,,,,
Weather|720|PatchTST,revin,1,1,-6.040835527187927e-06,-0.0016722400843634424,,,,,
Weather|720|TimesNet,revin,1,1,0.02102280796819611,5.564650565915452,,,,,
Weather|720|iTransformer,revin,1,1,0.0012207675019985653,0.33810888817573725,,,,,
ETTh1|96|DLinear,san_lite,3,3,-0.014728728254123247,-3.7188580570869165,0.0003997155877936594,0.0006446559069659592,0.0007585207904278788,19.41769881589511,False
ETTh1|96|PatchTST,san_lite,3,3,-0.011365470479659912,-2.9515605574320203,0.00028107250940206973,0.0012500044263011973,0.001281215368825305,8.870850878163019,False
ETTh1|96|TimesNet,san_lite,3,3,-0.01639473033934491,-4.075646677914855,0.005257547801152357,0.003399228762909759,0.006260716018475442,2.61866698488861,False
ETTh1|96|iTransformer,san_lite,3,3,-0.014165117824132989,-3.6148964446134184,0.004463857880648037,0.001627825806958515,0.004751404427790137,2.9812486054194167,False
ETTh1|192|DLinear,san_lite,3,3,-0.014546890615473318,-3.25537435324271,6.55127906897934e-05,0.002020634050552112,0.0020216957961064763,7.195390445728156,False
ETTh1|192|PatchTST,san_lite,3,3,-0.010623900883186765,-2.4480642094854956,0.000177324847336672,0.003013913483318178,0.0030191254671527133,3.5188669695155097,False
ETTh1|192|TimesNet,san_lite,3,3,-0.030069021308415878,-6.06225990673346,0.007063349581824158,0.022101192752559486,0.02320244875871604,1.2959417180964745,False
ETTh1|192|iTransformer,san_lite,3,3,-0.021369913663885964,-4.770460942881462,0.008201257743708864,0.002781873356660912,0.008660222165235973,2.467594162846015,False
ETTh1|336|DLinear,san_lite,3,3,-0.014926273422812553,-3.061178434132618,8.449190661830557e-06,0.0008545926266883192,0.000854634393417958,17.465097985487784,False
ETTh1|336|PatchTST,san_lite,3,3,-0.005397753672625738,-1.1346076358415467,0.00012010965401773488,0.004336063092063444,0.004337726301571257,1.2443739639982603,False
ETTh1|336|TimesNet,san_lite,3,3,-0.02195143864172222,-4.151212317588957,0.024617946705613188,0.0008466359601749775,0.02463250073479087,0.8911575352444048,True
ETTh1|336|iTransformer,san_lite,3,3,-0.01350813016374891,-2.7295986454315933,0.0007891540029376369,0.006110261536744139,0.006161011287748736,2.192518327406741,False
ETTh1|720|DLinear,san_lite,3,3,0.02237745761618004,4.355729402770712,0.0003745697276054409,0.002329738997364803,0.0023596580846980296,9.483347507545243,False
ETTh1|720|PatchTST,san_lite,3,3,0.01295596659509668,2.6965334868648454,0.0054253088947539335,0.007723268102742622,0.009438370981813427,1.3726909675473897,False
ETTh1|720|TimesNet,san_lite,3,3,0.005098922463229516,0.8301981071150301,0.08012517803159738,0.06936206343605741,0.10597707298610785,0.04811344868807534,True
ETTh1|720|iTransformer,san_lite,3,3,0.0030504003698470505,0.6051009608091394,0.0131121718922633,0.015274049766335559,0.02013021728637709,0.15153340505228308,True
ETTh2|96|DLinear,san_lite,3,3,0.0440561471261669,12.764314268007265,0.00013243058135019862,0.005157270721027527,0.005158970745104545,8.539716409125347,False
ETTh2|96|PatchTST,san_lite,3,3,-0.0035448323772950263,-1.2062744536500702,0.0031374293958570795,0.005123050515323794,0.006007421226828322,0.5900755488002555,True
ETTh2|96|TimesNet,san_lite,3,3,0.007012725260281405,2.108415583676222,0.008541870916350813,0.0059697962574557705,0.010421229587104048,0.6729268558634806,True
ETTh2|96|iTransformer,san_lite,3,3,-0.0011196891103281703,-0.37019706147928627,0.0015245716069739806,0.0041418387278542535,0.004413518622634844,0.253695340625916,True
ETTh2|192|DLinear,san_lite,3,3,0.09431622716794741,19.72777046853295,3.9339414545250344e-05,0.004771760900856537,0.00477192305936296,19.764825625779977,False
ETTh2|192|PatchTST,san_lite,3,3,-0.002278570747250519,-0.6132470674218868,0.00037332271241619384,0.00365336560486706,0.0036723902421218046,0.6204598632017997,True
ETTh2|192|TimesNet,san_lite,3,3,0.0019615428546958524,0.45445776426204976,0.03528494570074882,0.012938849691044373,0.0375824589992756,0.05219304183192646,True
ETTh2|192|iTransformer,san_lite,3,3,-0.0008504770523891647,-0.22034156344830305,0.0042550378467872095,0.0038385378812357636,0.005730595095037991,0.1484099012902824,True
ETTh2|336|DLinear,san_lite,3,3,0.1706725183716558,28.827170063907058,5.301497597564727e-05,0.010804435214843701,0.01080456528044661,15.79633367392649,False
ETTh2|336|PatchTST,san_lite,3,3,0.0020988505311771988,0.5057203590082741,0.0012936265626927496,0.001257388960322904,0.0018040223616258672,1.1634282234093922,False
ETTh2|336|TimesNet,san_lite,3,3,0.0288342827397311,6.072410561407603,0.024902112830374554,0.0019943832074453575,0.024981849166842013,1.154209304009503,False
ETTh2|336|iTransformer,san_lite,3,3,0.0022356052928140246,0.5082924510510605,0.010441276811944677,0.010918314119169718,0.01510727787089767,0.14798200654802582,True
ETTh2|720|DLinear,san_lite,3,3,0.40667259188083327,49.133696267913905,3.1360894020581854e-05,0.014244111571218996,0.014244146094413967,28.550155915651228,False
ETTh2|720|PatchTST,san_lite,3,3,0.006062041684226305,1.4228706634384856,0.0008738687390985945,0.002014030620168335,0.0021954420767010493,2.761194088680011,False
ETTh2|720|TimesNet,san_lite,3,3,0.012719364143423673,2.68645972972039,0.040925582409948764,0.009625432750549466,0.042042267436817174,0.3025375394545227,True
ETTh2|720|iTransformer,san_lite,3,3,-0.05165186801324395,-11.667693651177597,0.004267804940547212,0.01945135627534211,0.01991405081747182,2.593739891831882,False
ETTm1|96|DLinear,san_lite,1,1,-0.07995967459353209,-23.113321936707546,,,,,
ETTm1|96|PatchTST,san_lite,1,1,-0.0492634743244012,-14.901024116428928,,,,,
ETTm1|96|TimesNet,san_lite,1,1,-0.013974879307462218,-4.153232878646687,,,,,
ETTm1|96|iTransformer,san_lite,1,1,-0.02029807361150837,-5.904674900572394,,,,,
ETTm1|192|DLinear,san_lite,1,1,-0.0793254995427844,-20.775912153623164,,,,,
ETTm1|192|PatchTST,san_lite,1,1,-0.051465074070470795,-13.959985811973644,,,,,
ETTm1|192|TimesNet,san_lite,1,1,0.0002149722916559016,0.05556545612804582,,,,,
ETTm1|192|iTransformer,san_lite,1,1,-0.027760722900549428,-7.192737808044093,,,,,
ETTm1|336|DLinear,san_lite,1,1,-0.07688727996035388,-18.51514710663382,,,,,
ETTm1|336|PatchTST,san_lite,1,1,-0.0523339113642286,-13.056213914124214,,,,,
ETTm1|336|TimesNet,san_lite,1,1,0.00757665330657159,1.7552877898851162,,,,,
ETTm1|336|iTransformer,san_lite,1,1,-0.021290747560985923,-5.078256348833119,,,,,
ETTm1|720|DLinear,san_lite,1,1,-0.06821881629935472,-14.42327866199774,,,,,
ETTm1|720|PatchTST,san_lite,1,1,-0.0410719458691407,-8.861091341441876,,,,,
ETTm1|720|TimesNet,san_lite,1,1,0.0562850254825345,10.837965517078171,,,,,
ETTm1|720|iTransformer,san_lite,1,1,0.01922495593648177,3.6881969301317694,,,,,
ETTm2|96|DLinear,san_lite,1,1,0.0035756982052290998,1.8485895222882107,,,,,
ETTm2|96|PatchTST,san_lite,1,1,-0.007897854863920306,-4.480205027652497,,,,,
ETTm2|96|TimesNet,san_lite,1,1,-0.0031723680413737188,-1.6894574353744676,,,,,
ETTm2|96|iTransformer,san_lite,1,1,-0.009321375312041996,-5.168927212463391,,,,,
ETTm2|192|DLinear,san_lite,1,1,0.03292215222555439,11.563617777334084,,,,,
ETTm2|192|PatchTST,san_lite,1,1,-0.006154465280209409,-2.5422338333980092,,,,,
ETTm2|192|TimesNet,san_lite,1,1,-0.005282188849919822,-2.001689611752917,,,,,
ETTm2|192|iTransformer,san_lite,1,1,-0.0017585324034710137,-0.6696630318578061,,,,,
ETTm2|336|DLinear,san_lite,1,1,0.07356019555168197,19.110148229943036,,,,,
ETTm2|336|PatchTST,san_lite,1,1,-0.0063781079372773886,-2.1051151316968517,,,,,
ETTm2|336|TimesNet,san_lite,1,1,-0.003542996791288777,-1.116525276532886,,,,,
ETTm2|336|iTransformer,san_lite,1,1,-0.0027173621965715933,-0.8606811464517052,,,,,
ETTm2|720|DLinear,san_lite,1,1,0.145857265492364,26.228407041335167,,,,,
ETTm2|720|PatchTST,san_lite,1,1,-0.008503310964401545,-2.118340199681865,,,,,
ETTm2|720|TimesNet,san_lite,1,1,0.056367908430316915,11.635151792983493,,,,,
ETTm2|720|iTransformer,san_lite,1,1,-0.005298183636919085,-1.2882805156299468,,,,,
Electricity|96|DLinear,san_lite,1,1,-0.024472683010811902,-12.245973259326362,,,,,
Electricity|96|PatchTST,san_lite,1,1,-0.02257246063140969,-11.733886908981468,,,,,
Electricity|96|TimesNet,san_lite,1,1,-0.004967080392353496,-2.78461803969397,,,,,
Electricity|96|iTransformer,san_lite,1,1,-0.014007114469842402,-8.866425985289329,,,,,
Electricity|192|DLinear,san_lite,1,1,-0.01969947064364322,-9.87562068759348,,,,,
Electricity|192|PatchTST,san_lite,1,1,-0.016909932737093708,-8.6236967748718,,,,,
Electricity|192|TimesNet,san_lite,1,1,-0.009113766754973579,-4.714143608583205,,,,,
Electricity|192|iTransformer,san_lite,1,1,-0.01144425673675109,-6.716541471401218,,,,,
Electricity|336|DLinear,san_lite,1,1,-0.021891613733709292,-10.299982408254609,,,,,
Electricity|336|PatchTST,san_lite,1,1,-0.016550623147087717,-7.8061142867351325,,,,,
Electricity|336|TimesNet,san_lite,1,1,-0.04985015753755531,-23.704238823546085,,,,,
Electricity|336|iTransformer,san_lite,1,1,-0.012585662222265592,-6.711908037658955,,,,,
Electricity|720|DLinear,san_lite,1,1,-0.027144598244874696,-10.953388546352777,,,,,
Electricity|720|PatchTST,san_lite,1,1,-0.01580645978909978,-6.218828128603168,,,,,
Electricity|720|TimesNet,san_lite,1,1,-0.00068926140015102,-0.2321202876212528,,,,,
Electricity|720|iTransformer,san_lite,1,1,-0.011981787458259813,-5.338523631929759,,,,,
Exchange|96|DLinear,san_lite,3,3,-0.00841549514401492,-8.798810950714376,0.00019779995140242475,0.0028357124100209696,0.002842602626664821,2.960489470133461,False
Exchange|96|PatchTST,san_lite,3,3,-0.0035720064707483457,-4.211770218483315,0.000271419010334137,0.0007906646555516657,0.0008359538723574384,4.2729707808818205,False
Exchange|96|TimesNet,san_lite,3,3,0.008894396174753197,7.563668478016204,0.003943608054265993,0.006673664192322252,0.007751763556607995,1.147402924483057,False
Exchange|96|iTransformer,san_lite,3,3,-0.0011670168050845336,-1.2179916538158704,0.001370955711054646,0.004677498274737927,0.004874270168122571,0.23942390651973955,True
Exchange|192|DLinear,san_lite,3,3,-0.012264997451293835,-6.595692977312203,1.586838321360555e-05,0.0007792291456925711,0.0007793907024609595,15.73664840056031,False
Exchange|192|PatchTST,san_lite,3,3,-0.0022257000872172306,-1.2261652287481808,0.0024226430232363537,0.00514528265341089,0.005687102320296935,0.39135924797305605,True
Exchange|192|TimesNet,san_lite,3,3,0.00415006735945378,1.8935924800970096,0.0035771286544429314,0.008956234304507683,0.009644168306685493,0.4303188442467233,True
Exchange|192|iTransformer,san_lite,3,3,-0.002655672631472289,-1.3918678331654262,0.0008138529639927376,0.003469011595120221,0.003563200540816964,0.7453054076107098,True
Exchange|336|DLinear,san_lite,3,3,-0.02293192910311792,-7.098422971640758,7.012498354480202e-05,0.003735279143548071,0.0037359373380106862,6.1381996078469365,False
Exchange|336|PatchTST,san_lite,3,3,-0.009426069301906093,-2.8487909194503556,0.004228675641410716,0.0019521633602798568,0.004657535771787424,2.02383186383744,False
Exchange|336|TimesNet,san_lite,3,3,0.010194225442933635,2.5671912101105265,0.024655027437034762,0.010516680227819184,0.02680430825324802,0.3803204076978315,True
Exchange|336|iTransformer,san_lite,3,3,-0.016130670329205565,-4.802452137473709,0.012844125659303873,0.0034864945859560425,0.013308914623284986,1.2120199720106175,False
Exchange|720|DLinear,san_lite,3,3,-0.11645038646873984,-15.219610071703368,0.00026010819724622624,0.014817027965381641,0.014819310847714083,7.85801631839733,False
Exchange|720|PatchTST,san_lite,3,3,-0.030129128136276773,-3.5498279933668115,0.0025902703493937613,0.008549656787120231,0.008933427766568637,3.3726279456837744,False
Exchange|720|TimesNet,san_lite,3,3,0.020859785866938596,1.9972919047163824,0.03326983611871672,0.05489756570705826,0.06419209231616498,0.324958809010275,True
Exchange|720|iTransformer,san_lite,3,3,-0.06991735840976843,-8.13845683391641,0.03306094095805477,0.02157304128221654,0.03947685305588836,1.7710975672449039,False
ILI|24|DLinear,san_lite,3,3,-0.4865293686240779,-10.18872141599666,0.002794161158475967,0.0069022861784500174,0.007446401215940348,65.3375173476518,False
ILI|24|PatchTST,san_lite,3,3,-0.4187141568052999,-14.542318181250385,0.05281788042182641,0.03471941099723866,0.06320732546350566,6.624456164452885,False
ILI|24|TimesNet,san_lite,3,3,-0.6576102519458304,-21.946969995963155,0.19966084612353252,0.24412491701833483,0.31537506018068995,2.085168851237195,False
ILI|24|iTransformer,san_lite,3,3,-0.12031271085908335,-5.054821222317234,0.046315791930141625,0.08588318295067579,0.09757598934089995,1.2330155366270326,False
ILI|36|DLinear,san_lite,3,3,-0.663847072183084,-15.100616503834397,0.016460636460580505,0.01573011257802947,0.02276815746618231,29.156820140984195,False
ILI|36|PatchTST,san_lite,3,3,-0.6710114246889862,-23.99946701768082,0.0362011206323754,0.05149081477893291,0.06294303092192313,10.660615080982256,False
ILI|36|TimesNet,san_lite,3,3,-0.8253723271253501,-29.96998633351599,0.11112469120040926,0.22180234093326898,0.24808259801498453,3.3270061412187264,False
ILI|36|iTransformer,san_lite,3,3,-0.43322215949879883,-19.409037404914034,0.020812558078079604,0.03688803779278984,0.042354337510528105,10.22851931968271,False
ILI|48|DLinear,san_lite,3,3,-0.5109557242827929,-12.471948578872649,0.008594761957881338,0.023970354040905528,0.02546463834337728,20.065304576205765,False
ILI|48|PatchTST,san_lite,3,3,-0.6137815485002682,-22.444954627143566,0.039703953803606466,0.02512246607325402,0.04698448945386888,13.063492987465615,False
ILI|48|TimesNet,san_lite,3,3,-0.8018684760465082,-29.54795016862587,0.19370721257195112,0.1748909950964607,0.2609776702482902,3.0725558829750557,False
ILI|48|iTransformer,san_lite,3,3,-0.3440928532782257,-15.081595155592398,0.014985964825610645,0.006504614576161783,0.016336742409025606,21.062513239366726,False
ILI|60|DLinear,san_lite,3,3,-0.06474498323116507,-1.5497406139662415,0.004398146673395854,0.05351429540274274,0.05369472512838403,1.2057978335182808,False
ILI|60|PatchTST,san_lite,3,3,-0.473638417149743,-17.24780729170391,0.05074478406219801,0.037076478913883146,0.06284662598875716,7.536417583252181,False
ILI|60|TimesNet,san_lite,3,3,-0.8054131199471386,-29.81431764923233,0.38985393263073703,0.0868764827807428,0.39941658960038695,2.016473879447391,False
ILI|60|iTransformer,san_lite,3,3,-0.2919588430152067,-12.473587304640981,0.024987107973302416,0.017966806395103077,0.030775992216475978,9.486577750656762,False
Weather|96|DLinear,san_lite,1,1,-0.005789752838291917,-2.959682881266673,,,,,
Weather|96|PatchTST,san_lite,1,1,-0.0020028284636675053,-1.085872127727032,,,,,
Weather|96|TimesNet,san_lite,1,1,-0.005250890967811006,-3.112823092747102,,,,,
Weather|96|iTransformer,san_lite,1,1,-0.0014422980109308203,-0.8304020724153202,,,,,
Weather|192|DLinear,san_lite,1,1,-0.006135925718345425,-2.568063258669789,,,,,
Weather|192|PatchTST,san_lite,1,1,-0.002985989077358392,-1.2999271767793057,,,,,
Weather|192|TimesNet,san_lite,1,1,-0.007981314643231902,-3.6355466380595067,,,,,
Weather|192|iTransformer,san_lite,1,1,0.00016742654595461315,0.07465281681609767,,,,,
Weather|336|DLinear,san_lite,1,1,-0.014575352266337993,-5.158768446019354,,,,,
Weather|336|PatchTST,san_lite,1,1,-0.0010223687475263699,-0.3580733865800733,,,,,
Weather|336|TimesNet,san_lite,1,1,-0.007873446274788087,-2.8489504024742356,,,,,
Weather|336|iTransformer,san_lite,1,1,-0.000859618476340196,-0.3048552886112383,,,,,
Weather|720|DLinear,san_lite,1,1,-0.024697834099943194,-7.151409257476914,,,,,
Weather|720|PatchTST,san_lite,1,1,-0.0001951062410424642,-0.05400982620901849,,,,,
Weather|720|TimesNet,san_lite,1,1,0.025275341659544426,6.690278695513328,,,,,
Weather|720|iTransformer,san_lite,1,1,-0.0007670583576886991,-0.21244770036836863,,,,,
